customerID,gender,SeniorCitizen,Partner,Dependents,tenure,PhoneService,MultipleLines,InternetService,OnlineSecurity,OnlineBackup,DeviceProtection,TechSupport,StreamingTV,StreamingMovies,Contract,PaperlessBilling,PaymentMethod,MonthlyCharges,TotalCharges,Churn
CUST-0001,Female,0,No,Yes,27,Yes,Yes,Fiber optic,No,No,No,Yes,No,No,Month-to-month,Yes,Electronic check,103.96,2812.51,Yes
CUST-0002,Male,0,No,Yes,21,Yes,Yes,Fiber optic,Yes,No,No,Yes,Yes,Yes,Two year,No,Bank transfer (automatic),135.21,2828.58,No
CUST-0003,Female,0,No,Yes,15,Yes,No,Fiber optic,Yes,Yes,Yes,No,No,No,Two year,Yes,Mailed check,104.57,1566.32,Yes
CUST-0004,Female,1,Yes,Yes,12,Yes,No,DSL,Yes,No,No,No,Yes,Yes,Two year,No,Credit card (automatic),89.63,1078.81,No
CUST-0005,Female,0,Yes,Yes,61,Yes,No,Fiber optic,No,Yes,No,No,Yes,Yes,One year,Yes,Credit card (automatic),112.19,6844.53,No
CUST-0006,Male,0,Yes,No,42,Yes,Yes,No,No internet service,No internet service,No internet service,No internet service,No internet service,No internet service,One year,Yes,Electronic check,43.81,1832.17,Yes
CUST-0007,Female,1,Yes,Yes,31,Yes,No,No,No internet service,No internet service,No internet service,No internet service,No internet service,No internet service,Month-to-month,Yes,Electronic check,32.43,1007.28,No
CUST-0008,Female,0,No,Yes,66,Yes,Yes,DSL,No,Yes,No,No,Yes,No,Month-to-month,No,Mailed check,95.91,6326.37,Yes
CUST-0009,Female,0,No,No,56,Yes,Yes,No,No internet service,No internet service,No internet service,No internet service,No internet service,No internet service,Month-to-month,Yes,Mailed check,46.59,2610.75,No
CUST-0010,Male,1,No,No,64,Yes,No,Fiber optic,No,No,No,No,Yes,Yes,Two year,Yes,Bank transfer (automatic),103.68,6628.94,No
CUST-0011,Female,0,No,No,68,Yes,No,Fiber optic,No,Yes,No,No,No,Yes,One year,Yes,Electronic check,98.5,6697.8,Yes
CUST-0012,Female,1,Yes,No,48,Yes,No,DSL,Yes,Yes,No,No,Yes,Yes,Two year,No,Credit card (automatic),99.52,4783.45,No
CUST-0013,Female,0,No,No,32,Yes,No,Fiber optic,Yes,No,Yes,Yes,No,Yes,Month-to-month,Yes,Mailed check,112.91,3611.2,Yes
CUST-0014,Female,0,Yes,Yes,18,Yes,Yes,No,No internet service,No internet service,No internet service,No internet service,No internet service,No internet service,One year,Yes,Credit card (automatic),43.19,784.43,No
CUST-0015,Male,0,No,Yes,35,Yes,Yes,Fiber optic,No,Yes,Yes,No,No,Yes,Two year,Yes,Credit card (automatic),120.23,4202.14,No
CUST-0016,Female,1,No,Yes,69,Yes,No,DSL,No,Yes,No,No,Yes,No,Month-to-month,Yes,Credit card (automatic),79.51,5484.1,No
CUST-0017,Male,0,No,Yes,14,Yes,Yes,Fiber optic,No,Yes,No,No,No,Yes,One year,No,Bank transfer (automatic),116.72,1636.38,No
CUST-0018,Male,0,Yes,Yes,23,Yes,Yes,DSL,No,Yes,No,No,No,Yes,Month-to-month,Yes,Bank transfer (automatic),94.42,2168.39,Yes
CUST-0019,Male,0,Yes,Yes,26,Yes,Yes,Fiber optic,No,No,No,No,Yes,No,Month-to-month,No,Credit card (automatic),104.77,2722.37,Yes
CUST-0020,Female,0,No,Yes,48,Yes,Yes,DSL,No,Yes,No,No,No,No,One year,No,Mailed check,84.13,4032.33,No
CUST-0021,Male,0,No,Yes,22,Yes,Yes,DSL,No,No,Yes,No,No,Yes,Month-to-month,Yes,Mailed check,91.48,2004.14,No
CUST-0022,Female,0,No,Yes,32,Yes,No,No,No internet service,No internet service,No internet service,No internet service,No internet service,No internet service,Two year,Yes,Credit card (automatic),27.6,884.81,No
CUST-0023,Male,0,Yes,No,40,Yes,Yes,Fiber optic,Yes,No,No,No,Yes,Yes,Month-to-month,Yes,Electronic check,127.55,5100.33,Yes
CUST-0024,Male,0,Yes,Yes,55,Yes,No,Fiber optic,No,No,Yes,No,Yes,Yes,Month-to-month,Yes,Credit card (automatic),114.24,6289.04,Yes
CUST-0025,Male,0,Yes,No,28,Yes,Yes,Fiber optic,No,No,No,No,Yes,No,Month-to-month,No,Mailed check,106.6,2979.1,Yes
CUST-0026,Male,0,No,Yes,30,No,No phone service,DSL,No,No,Yes,No,No,No,Two year,Yes,Electronic check,54.3,1626.82,No
CUST-0027,Male,0,Yes,No,64,No,No phone service,DSL,Yes,No,No,Yes,No,No,Two year,Yes,Mailed check,66.22,4234.5,No
CUST-0028,Male,1,No,No,17,No,No phone service,Fiber optic,Yes,No,No,No,Yes,Yes,Month-to-month,Yes,Bank transfer (automatic),105.76,1793.12,Yes
CUST-0029,Male,0,Yes,Yes,5,Yes,No,Fiber optic,No,No,No,No,Yes,Yes,Two year,Yes,Electronic check,106.01,536.69,Yes
CUST-0030,Male,1,No,Yes,51,Yes,No,No,No internet service,No internet service,No internet service,No internet service,No internet service,No internet service,Month-to-month,Yes,Bank transfer (automatic),28.9,1468.93,No
CUST-0031,Female,0,No,Yes,39,Yes,No,No,No internet service,No internet service,No internet service,No internet service,No internet service,No internet service,Month-to-month,Yes,Credit card (automatic),29.37,1145.44,Yes
CUST-0032,Female,0,Yes,No,64,Yes,No,No,No internet service,No internet service,No internet service,No internet service,No internet service,No internet service,Two year,No,Credit card (automatic),31.12,1992.54,No
CUST-0033,Male,0,No,No,41,Yes,No,No,No internet service,No internet service,No internet service,No internet service,No internet service,No internet service,Two year,Yes,Mailed check,31.04,1267.58,Yes
CUST-0034,Male,0,No,No,67,Yes,Yes,Fiber optic,No,Yes,No,No,Yes,No,Month-to-month,Yes,Electronic check,111.62,7482.59,Yes
CUST-0035,Male,0,No,Yes,31,Yes,No,No,No internet service,No internet service,No internet service,No internet service,No internet service,No internet service,Month-to-month,Yes,Mailed check,30.17,929.58,No
CUST-0036,Female,0,Yes,Yes,9,Yes,Yes,Fiber optic,No,No,No,No,Yes,No,Two year,Yes,Electronic check,109.69,992.86,No
CUST-0037,Male,0,No,No,68,Yes,No,DSL,No,No,Yes,No,Yes,No,Month-to-month,No,Credit card (automatic),79.71,5416.92,No
CUST-0038,Female,0,Yes,Yes,8,Yes,No,DSL,No,Yes,No,No,Yes,No,Two year,Yes,Bank transfer (automatic),79.38,637.12,No
CUST-0039,Female,0,Yes,Yes,68,Yes,No,DSL,Yes,No,Yes,Yes,No,No,One year,No,Electronic check,87.46,5958.02,No
CUST-0040,Female,0,No,Yes,60,No,No phone service,No,No internet service,No internet service,No internet service,No internet service,No internet service,No internet service,One year,Yes,Bank transfer (automatic),20.04,1207.42,No
CUST-0041,Female,0,Yes,No,10,No,No phone service,Fiber optic,No,Yes,Yes,No,No,No,One year,Yes,Electronic check,87.46,868.18,Yes
CUST-0042,Female,0,No,Yes,67,Yes,No,No,No internet service,No internet service,No internet service,No internet service,No internet service,No internet service,One year,No,Electronic check,31.59,2103.66,No
CUST-0043,Male,0,Yes,Yes,7,Yes,No,Fiber optic,Yes,Yes,No,Yes,No,Yes,Month-to-month,No,Electronic check,116.46,822.17,Yes
CUST-0044,Male,0,No,Yes,48,Yes,No,Fiber optic,No,Yes,Yes,No,Yes,No,Month-to-month,Yes,Electronic check,106.41,5108.74,Yes
CUST-0045,Male,0,Yes,No,23,Yes,No,DSL,Yes,Yes,No,No,Yes,No,One year,Yes,Mailed check,84.45,1950.06,No
CUST-0046,Male,0,No,Yes,32,Yes,Yes,No,No internet service,No internet service,No internet service,No internet service,No internet service,No internet service,Month-to-month,No,Credit card (automatic),43.58,1398.74,No
CUST-0047,Male,0,No,Yes,18,Yes,No,No,No internet service,No internet service,No internet service,No internet service,No internet service,No internet service,Month-to-month,Yes,Electronic check,29.08,523.32,No
CUST-0048,Female,0,No,Yes,1,Yes,Yes,No,No internet service,No internet service,No internet service,No internet service,No internet service,No internet service,Month-to-month,Yes,Credit card (automatic),47.13,53.31,Yes
CUST-0049,Male,0,No,No,54,Yes,Yes,DSL,No,Yes,No,Yes,No,No,Month-to-month,Yes,Electronic check,92.14,4973.75,No
CUST-0050,Male,0,Yes,No,10,No,No phone service,DSL,No,No,Yes,Yes,No,Yes,Month-to-month,Yes,Electronic check,76.16,770.25,Yes
CUST-0051,Female,0,Yes,No,16,Yes,Yes,Fiber optic,Yes,Yes,Yes,No,No,Yes,Month-to-month,No,Bank transfer (automatic),130.17,2080.39,Yes
CUST-0052,Male,0,No,Yes,41,Yes,Yes,DSL,Yes,No,Yes,No,No,Yes,Two year,Yes,Mailed check,101.53,4160.68,No
CUST-0053,Female,0,Yes,No,60,Yes,No,No,No internet service,No internet service,No internet service,No internet service,No internet service,No internet service,One year,Yes,Electronic check,27.76,1668.53,No
CUST-0054,Male,1,No,Yes,2,Yes,Yes,DSL,No,Yes,No,No,No,No,Month-to-month,No,Mailed check,82.65,163.75,Yes
CUST-0055,Female,0,No,Yes,34,Yes,No,Fiber optic,No,Yes,No,Yes,Yes,Yes,One year,Yes,Bank transfer (automatic),121.82,4145.73,No
CUST-0056,Male,1,Yes,Yes,65,Yes,No,Fiber optic,No,No,Yes,Yes,No,No,Month-to-month,Yes,Bank transfer (automatic),93.27,6061.37,No
CUST-0057,Male,0,Yes,Yes,0,Yes,Yes,Fiber optic,No,No,No,No,Yes,Yes,Two year,Yes,Electronic check,121.37, ,No
CUST-0058,Female,0,No,No,6,Yes,Yes,DSL,No,Yes,No,No,Yes,Yes,Two year,No,Electronic check,107.39,646.62,Yes
CUST-0059,Female,0,Yes,Yes,19,Yes,Yes,No,No internet service,No internet service,No internet service,No internet service,No internet service,No internet service,Month-to-month,No,Electronic check,45.29,866.87,No
CUST-0060,Female,0,No,Yes,42,Yes,No,Fiber optic,Yes,Yes,No,No,Yes,Yes,Month-to-month,Yes,Electronic check,119.49,5019.22,Yes
CUST-0061,Female,0,Yes,Yes,5,Yes,No,Fiber optic,No,No,Yes,Yes,No,Yes,Month-to-month,Yes,Credit card (automatic),108.18,539.82,No
CUST-0062,Female,0,Yes,Yes,54,Yes,Yes,DSL,Yes,No,No,No,No,Yes,Month-to-month,No,Electronic check,94.87,5121.84,Yes
CUST-0063,Female,0,Yes,Yes,20,Yes,Yes,No,No internet service,No internet service,No internet service,No internet service,No internet service,No internet service,Month-to-month,No,Bank transfer (automatic),45.18,907.56,No
CUST-0064,Female,0,Yes,Yes,50,Yes,No,DSL,Yes,No,Yes,No,No,Yes,Month-to-month,Yes,Credit card (automatic),86.95,4353.22,No
CUST-0065,Female,0,Yes,Yes,45,Yes,No,Fiber optic,No,Yes,No,No,No,No,Month-to-month,No,Credit card (automatic),89.28,4008.58,No
CUST-0066,Male,0,No,Yes,34,No,No phone service,Fiber optic,No,Yes,No,No,No,Yes,Month-to-month,No,Electronic check,85.76,2919.1,Yes
CUST-0067,Male,0,Yes,Yes,7,Yes,Yes,DSL,No,Yes,No,No,Yes,No,Two year,Yes,Credit card (automatic),96.56,670.7,Yes
CUST-0068,Female,0,Yes,No,67,Yes,Yes,DSL,No,No,Yes,No,Yes,No,Month-to-month,Yes,Credit card (automatic),96.13,6438.36,No
CUST-0069,Male,0,No,Yes,15,Yes,No,No,No internet service,No internet service,No internet service,No internet service,No internet service,No internet service,Month-to-month,No,Bank transfer (automatic),31.03,465.61,No
CUST-0070,Male,1,No,No,66,Yes,Yes,DSL,No,Yes,No,Yes,Yes,No,Month-to-month,Yes,Bank transfer (automatic),103.83,6852.7,No
CUST-0071,Male,0,No,No,70,Yes,Yes,Fiber optic,Yes,No,Yes,No,Yes,No,Month-to-month,Yes,Bank transfer (automatic),123.57,8649.24,Yes
CUST-0072,Male,1,Yes,No,63,Yes,Yes,Fiber optic,Yes,Yes,No,No,Yes,No,Two year,Yes,Credit card (automatic),124.51,7845.67,No
CUST-0073,Female,0,Yes,Yes,1,Yes,Yes,Fiber optic,Yes,Yes,Yes,No,No,Yes,Month-to-month,Yes,Mailed check,131.75,131.75,Yes
CUST-0074,Male,0,No,Yes,0,Yes,No,DSL,No,No,No,Yes,No,Yes,Month-to-month,Yes,Electronic check,79.26, ,Yes
CUST-0075,Female,0,No,No,57,Yes,Yes,DSL,No,No,Yes,No,No,Yes,One year,Yes,Credit card (automatic),93.72,5344.77,No
CUST-0076,Male,0,No,Yes,0,Yes,No,Fiber optic,No,No,No,No,Yes,No,One year,Yes,Electronic check,91.9, ,Yes
CUST-0077,Male,1,No,Yes,6,Yes,Yes,Fiber optic,No,No,No,No,No,Yes,Month-to-month,Yes,Bank transfer (automatic),109.83,658.04,Yes
CUST-0078,Male,0,Yes,Yes,68,Yes,Yes,No,No internet service,No internet service,No internet service,No internet service,No internet service,No internet service,One year,No,Mailed check,46.57,3168.5,No
CUST-0079,Female,0,Yes,Yes,17,Yes,Yes,Fiber optic,Yes,Yes,No,No,Yes,No,Two year,No,Bank transfer (automatic),123.98,2105.37,No
CUST-0080,Male,0,Yes,No,31,No,No phone service,No,No internet service,No internet service,No internet service,No internet service,No internet service,No internet service,Two year,Yes,Bank transfer (automatic),18.0,553.68,No
CUST-0081,Female,0,Yes,Yes,44,Yes,No,DSL,Yes,Yes,No,No,No,No,One year,No,Electronic check,72.76,3196.27,No
CUST-0082,Male,1,Yes,Yes,32,Yes,Yes,Fiber optic,Yes,Yes,Yes,No,Yes,Yes,Month-to-month,Yes,Electronic check,143.65,4594.95,Yes
CUST-0083,Female,0,No,Yes,72,Yes,Yes,DSL,Yes,Yes,No,No,No,No,Month-to-month,Yes,Electronic check,93.37,6717.55,Yes
CUST-0084,Male,0,Yes,Yes,48,Yes,Yes,DSL,No,No,No,No,Yes,No,One year,Yes,Credit card (automatic),86.03,4134.16,No
CUST-0085,Female,0,No,Yes,32,Yes,No,Fiber optic,No,No,No,Yes,Yes,No,One year,Yes,Bank transfer (automatic),100.11,3205.84,No
CUST-0086,Female,0,No,Yes,70,Yes,No,No,No internet service,No internet service,No internet service,No internet service,No internet service,No internet service,Month-to-month,No,Electronic check,29.07,2029.1,Yes
CUST-0087,Male,0,No,No,67,No,No phone service,Fiber optic,Yes,No,Yes,Yes,Yes,No,Month-to-month,Yes,Mailed check,103.68,6937.88,No
CUST-0088,Female,0,Yes,Yes,27,Yes,Yes,No,No internet service,No internet service,No internet service,No internet service,No internet service,No internet service,Two year,Yes,Mailed check,44.06,1193.76,No
CUST-0089,Male,0,No,No,52,Yes,No,Fiber optic,No,No,No,No,No,No,Two year,Yes,Electronic check,80.26,4176.57,Yes
CUST-0090,Male,0,Yes,Yes,43,Yes,Yes,No,No internet service,No internet service,No internet service,No internet service,No internet service,No internet service,Month-to-month,Yes,Credit card (automatic),48.44,2076.38,No
CUST-0091,Male,0,No,Yes,54,Yes,No,DSL,No,Yes,Yes,No,Yes,Yes,Month-to-month,No,Bank transfer (automatic),99.71,5381.44,Yes
CUST-0092,Male,0,Yes,Yes,9,No,No phone service,DSL,No,No,No,Yes,No,Yes,Two year,No,Mailed check,70.0,633.33,No
CUST-0093,Male,0,No,Yes,13,Yes,Yes,No,No internet service,No internet service,No internet service,No internet service,No internet service,No internet service,One year,Yes,Mailed check,47.92,610.64,Yes
CUST-0094,Male,0,Yes,No,35,Yes,No,Fiber optic,Yes,Yes,No,No,No,No,Month-to-month,No,Mailed check,97.22,3397.53,No
CUST-0095,Male,0,No,No,33,Yes,No,Fiber optic,No,Yes,Yes,No,No,Yes,Month-to-month,No,Mailed check,109.18,3599.93,Yes
CUST-0096,Male,0,No,Yes,17,Yes,No,Fiber optic,Yes,No,Yes,No,No,Yes,Month-to-month,Yes,Bank transfer (automatic),109.27,1861.47,Yes
CUST-0097,Male,0,No,Yes,15,Yes,Yes,No,No internet service,No internet service,No internet service,No internet service,No internet service,No internet service,Month-to-month,No,Credit card (automatic),44.09,659.86,No
CUST-0098,Male,0,No,No,36,Yes,No,Fiber optic,Yes,No,Yes,No,Yes,Yes,Month-to-month,No,Mailed check,120.14,4328.95,Yes
CUST-0099,Male,0,Yes,Yes,40,Yes,No,Fiber optic,No,No,No,No,No,No,Two year,Yes,Electronic check,80.87,3231.12,No
CUST-0100,Female,0,Yes,Yes,24,Yes,Yes,No,No internet service,No internet service,No internet service,No internet service,No internet service,No internet service,One year,No,Bank transfer (automatic),44.14,1061.4,Yes
CUST-0101,Female,0,Yes,No,7,Yes,No,No,No internet service,No internet service,No internet service,No internet service,No internet service,No internet service,One year,No,Mailed check,29.7,208.73,Yes
CUST-0102,Male,0,No,Yes,17,No,No phone service,DSL,Yes,No,No,Yes,No,No,One year,Yes,Bank transfer (automatic),65.58,1110.7,No
CUST-0103,Male,0,No,No,67,Yes,Yes,Fiber optic,No,No,No,No,No,No,Month-to-month,Yes,Electronic check,92.55,6198.54,Yes
CUST-0104,Male,0,No,Yes,47,Yes,Yes,Fiber optic,No,No,No,Yes,No,No,Month-to-month,No,Electronic check,105.79,4973.88,Yes
CUST-0105,Male,0,No,No,69,Yes,No,DSL,Yes,Yes,No,No,Yes,Yes,Month-to-month,Yes,Electronic check,99.19,6844.09,Yes
CUST-0106,Male,0,No,Yes,66,Yes,Yes,Fiber optic,No,No,Yes,No,Yes,No,Two year,Yes,Electronic check,113.74,7508.99,Yes
CUST-0107,Male,0,No,Yes,17,Yes,Yes,DSL,Yes,Yes,No,No,No,No,Month-to-month,Yes,Mailed check,91.71,1563.19,Yes
CUST-0108,Male,0,Yes,Yes,17,Yes,No,DSL,No,No,No,Yes,No,Yes,Month-to-month,No,Electronic check,83.16,1412.56,Yes
CUST-0109,Male,0,Yes,Yes,55,No,No phone service,No,No internet service,No internet service,No internet service,No internet service,No internet service,No internet service,Month-to-month,Yes,Electronic check,18.76,1018.09,No
CUST-0110,Female,0,Yes,Yes,22,Yes,Yes,DSL,Yes,No,No,No,No,Yes,Two year,No,Credit card (automatic),94.93,2082.61,No
CUST-0111,Male,0,Yes,Yes,34,Yes,Yes,Fiber optic,No,Yes,Yes,No,No,Yes,Two year,Yes,Credit card (automatic),117.03,3971.37,No
CUST-0112,Female,0,Yes,Yes,5,Yes,Yes,Fiber optic,Yes,No,Yes,No,No,Yes,Two year,Yes,Bank transfer (automatic),126.79,626.57,Yes
CUST-0113,Male,0,Yes,No,25,No,No phone service,Fiber optic,No,No,No,No,No,No,Month-to-month,No,Electronic check,68.75,1717.95,Yes
CUST-0114,Male,0,Yes,Yes,60,Yes,Yes,DSL,No,No,Yes,No,No,No,Month-to-month,No,Credit card (automatic),77.28,4638.9,No
CUST-0115,Female,0,Yes,Yes,14,Yes,No,Fiber optic,No,No,Yes,Yes,Yes,No,Month-to-month,Yes,Bank transfer (automatic),110.08,1534.77,No
CUST-0116,Male,0,No,Yes,31,Yes,Yes,No,No internet service,No internet service,No internet service,No internet service,No internet service,No internet service,Two year,Yes,Bank transfer (automatic),42.36,1316.82,No
CUST-0117,Female,0,No,Yes,11,Yes,No,Fiber optic,Yes,Yes,Yes,No,No,Yes,Month-to-month,Yes,Credit card (automatic),113.22,1249.41,Yes
CUST-0118,Male,0,No,Yes,4,Yes,Yes,Fiber optic,Yes,Yes,No,No,Yes,No,Two year,Yes,Mailed check,120.72,492.7,No
CUST-0119,Male,0,No,Yes,63,Yes,Yes,Fiber optic,Yes,No,Yes,No,No,No,Month-to-month,Yes,Electronic check,109.83,6923.93,Yes
CUST-0120,Female,0,No,No,70,Yes,No,DSL,No,No,Yes,No,Yes,No,One year,Yes,Credit card (automatic),83.23,5831.26,No
CUST-0121,Male,0,No,Yes,26,Yes,No,Fiber optic,No,Yes,Yes,Yes,No,Yes,Month-to-month,Yes,Credit card (automatic),113.07,2940.7,No
CUST-0122,Female,1,No,Yes,44,Yes,Yes,DSL,Yes,Yes,Yes,No,No,No,Two year,No,Credit card (automatic),100.5,4417.3,No
CUST-0123,Male,0,Yes,No,34,Yes,No,Fiber optic,Yes,Yes,Yes,No,Yes,Yes,Month-to-month,Yes,Credit card (automatic),126.36,4294.84,Yes
CUST-0124,Female,1,Yes,No,25,Yes,No,No,No internet service,No internet service,No internet service,No internet service,No internet service,No internet service,One year,Yes,Mailed check,28.72,723.25,No
CUST-0125,Female,0,No,Yes,22,Yes,Yes,Fiber optic,No,No,Yes,No,No,No,Month-to-month,Yes,Credit card (automatic),102.24,2248.37,Yes
CUST-0126,Male,1,Yes,No,12,Yes,Yes,Fiber optic,No,No,Yes,No,Yes,No,Month-to-month,No,Credit card (automatic),114.65,1376.77,Yes
CUST-0127,Male,0,Yes,Yes,2,Yes,Yes,DSL,Yes,No,Yes,No,No,No,Two year,Yes,Mailed check,91.62,187.57,Yes
CUST-0128,Female,0,Yes,No,28,No,No phone service,No,No internet service,No internet service,No internet service,No internet service,No internet service,No internet service,Month-to-month,No,Bank transfer (automatic),18.0,504.61,Yes
CUST-0129,Male,0,Yes,Yes,65,Yes,No,Fiber optic,No,No,Yes,No,No,No,Month-to-month,No,Mailed check,92.59,6017.15,Yes
CUST-0130,Male,0,Yes,Yes,63,Yes,Yes,No,No internet service,No internet service,No internet service,No internet service,No internet service,No internet service,One year,No,Electronic check,44.88,2824.23,No
CUST-0131,Male,0,No,No,27,Yes,No,DSL,No,No,No,Yes,No,Yes,Two year,Yes,Mailed check,77.43,2100.78,No
CUST-0132,Female,0,Yes,Yes,35,Yes,Yes,No,No internet service,No internet service,No internet service,No internet service,No internet service,No internet service,Month-to-month,No,Electronic check,47.85,1676.52,No
CUST-0133,Female,0,No,Yes,5,Yes,Yes,Fiber optic,No,No,Yes,No,No,Yes,Month-to-month,Yes,Mailed check,114.59,567.33,No
CUST-0134,Female,0,No,Yes,10,Yes,Yes,DSL,No,No,No,No,Yes,Yes,Two year,No,Electronic check,98.54,981.83,No
CUST-0135,Female,0,No,Yes,37,Yes,Yes,No,No internet service,No internet service,No internet service,No internet service,No internet service,No internet service,Two year,Yes,Mailed check,46.71,1728.13,No
CUST-0136,Female,0,Yes,Yes,33,Yes,No,DSL,No,Yes,No,No,Yes,No,Two year,Yes,Electronic check,76.0,2511.15,No
CUST-0137,Female,1,No,Yes,66,Yes,Yes,Fiber optic,No,No,Yes,Yes,No,No,Two year,Yes,Bank transfer (automatic),112.29,7410.41,No
CUST-0138,Female,0,No,Yes,45,Yes,Yes,No,No internet service,No internet service,No internet service,No internet service,No internet service,No internet service,Month-to-month,Yes,Mailed check,45.34,2032.7,No
CUST-0139,Female,1,No,Yes,28,No,No phone service,DSL,No,No,Yes,Yes,Yes,No,Month-to-month,Yes,Mailed check,76.68,2137.51,No
CUST-0140,Female,0,No,Yes,59,Yes,Yes,Fiber optic,No,No,Yes,Yes,Yes,Yes,Month-to-month,No,Credit card (automatic),134.34,7917.12,No
CUST-0141,Male,0,Yes,Yes,53,Yes,No,Fiber optic,No,Yes,No,No,No,No,Month-to-month,Yes,Mailed check,86.51,4587.56,No
CUST-0142,Female,0,No,Yes,68,No,No phone service,Fiber optic,No,No,No,No,Yes,Yes,Month-to-month,Yes,Electronic check,94.13,6401.68,Yes
CUST-0143,Male,0,No,No,8,Yes,Yes,No,No internet service,No internet service,No internet service,No internet service,No internet service,No internet service,Month-to-month,No,Electronic check,45.4,359.67,Yes
CUST-0144,Male,0,No,Yes,9,Yes,No,No,No internet service,No internet service,No internet service,No internet service,No internet service,No internet service,Month-to-month,Yes,Electronic check,27.54,257.87,Yes
CUST-0145,Male,0,No,Yes,67,Yes,Yes,Fiber optic,No,Yes,Yes,No,Yes,Yes,Month-to-month,Yes,Electronic check,133.31,8931.5,Yes
CUST-0146,Female,0,Yes,No,57,Yes,No,No,No internet service,No internet service,No internet service,No internet service,No internet service,No internet service,One year,Yes,Credit card (automatic),25.93,1469.81,No
CUST-0147,Female,1,No,No,51,Yes,Yes,No,No internet service,No internet service,No internet service,No internet service,No internet service,No internet service,Month-to-month,Yes,Bank transfer (automatic),42.57,2170.3,No
CUST-0148,Female,0,No,Yes,33,Yes,Yes,DSL,No,Yes,No,No,Yes,Yes,Two year,No,Electronic check,105.22,3474.38,No
CUST-0149,Female,0,No,No,34,Yes,No,DSL,No,Yes,No,No,Yes,Yes,Two year,No,Electronic check,87.28,2964.97,No
CUST-0150,Male,0,No,Yes,32,Yes,Yes,Fiber optic,No,Yes,Yes,Yes,No,Yes,One year,Yes,Mailed check,131.74,4214.74,No
CUST-0151,Female,0,No,No,71,Yes,No,No,No internet service,No internet service,No internet service,No internet service,No internet service,No internet service,Month-to-month,No,Electronic check,31.36,2229.58,Yes
CUST-0152,Female,0,No,Yes,31,Yes,Yes,DSL,Yes,Yes,Yes,No,No,No,Month-to-month,Yes,Electronic check,103.56,3211.36,No
CUST-0153,Female,0,Yes,Yes,54,Yes,Yes,No,No internet service,No internet service,No internet service,No internet service,No internet service,No internet service,Month-to-month,Yes,Credit card (automatic),45.74,2473.11,Yes
CUST-0154,Female,0,No,Yes,7,Yes,No,No,No internet service,No internet service,No internet service,No internet service,No internet service,No internet service,Month-to-month,Yes,Mailed check,28.21,201.0,No
CUST-0155,Female,0,Yes,No,45,Yes,Yes,DSL,No,Yes,Yes,Yes,No,No,One year,No,Bank transfer (automatic),98.92,4443.63,Yes
CUST-0156,Male,0,Yes,Yes,13,Yes,Yes,Fiber optic,No,Yes,Yes,Yes,No,Yes,One year,Yes,Electronic check,131.81,1716.36,Yes
CUST-0157,Female,0,No,Yes,7,Yes,No,Fiber optic,No,No,No,No,Yes,Yes,Month-to-month,No,Mailed check,104.66,735.68,Yes
CUST-0158,Male,1,Yes,Yes,70,Yes,Yes,Fiber optic,No,No,No,No,Yes,Yes,Month-to-month,Yes,Credit card (automatic),116.88,8182.8,Yes
CUST-0159,Female,0,No,No,53,Yes,Yes,Fiber optic,No,No,No,No,Yes,Yes,Month-to-month,No,Bank transfer (automatic),121.69,6451.17,Yes
CUST-0160,Male,0,Yes,No,20,Yes,No,Fiber optic,No,No,No,No,No,Yes,Two year,Yes,Bank transfer (automatic),93.32,1861.86,Yes
CUST-0161,Female,0,No,Yes,13,Yes,Yes,Fiber optic,Yes,No,No,No,No,Yes,Two year,No,Bank transfer (automatic),117.02,1528.89,Yes
CUST-0162,Female,1,Yes,Yes,1,Yes,Yes,No,No internet service,No internet service,No internet service,No internet service,No internet service,No internet service,Two year,Yes,Mailed check,47.26,50.13,No
CUST-0163,Male,0,Yes,Yes,60,Yes,No,Fiber optic,No,No,Yes,No,No,No,One year,Yes,Credit card (automatic),89.63,5381.17,No
CUST-0164,Male,0,No,Yes,16,Yes,No,Fiber optic,No,No,No,Yes,Yes,Yes,Month-to-month,Yes,Credit card (automatic),113.15,1817.32,Yes
CUST-0165,Male,0,Yes,No,47,Yes,No,No,No internet service,No internet service,No internet service,No internet service,No internet service,No internet service,One year,No,Bank transfer (automatic),30.91,1457.02,Yes
CUST-0166,Female,0,Yes,Yes,7,Yes,Yes,Fiber optic,No,Yes,Yes,No,No,No,Month-to-month,Yes,Bank transfer (automatic),111.34,783.77,Yes
CUST-0167,Male,0,Yes,Yes,55,No,No phone service,Fiber optic,No,Yes,No,Yes,No,Yes,One year,Yes,Electronic check,97.56,5353.59,No
CUST-0168,Female,0,Yes,Yes,16,No,No phone service,Fiber optic,No,Yes,No,Yes,No,Yes,Month-to-month,Yes,Mailed check,98.27,1558.06,Yes
CUST-0169,Female,0,Yes,Yes,68,Yes,Yes,No,No internet service,No internet service,No internet service,No internet service,No internet service,No internet service,Month-to-month,Yes,Mailed check,43.22,2938.21,No
CUST-0170,Male,0,No,Yes,11,Yes,Yes,Fiber optic,No,Yes,Yes,Yes,Yes,No,Two year,No,Electronic check,132.7,1460.95,No
CUST-0171,Male,0,Yes,Yes,37,Yes,Yes,Fiber optic,No,No,No,Yes,Yes,Yes,Two year,No,Bank transfer (automatic),125.97,4662.56,No
CUST-0172,Female,0,Yes,Yes,17,Yes,No,No,No internet service,No internet service,No internet service,No internet service,No internet service,No internet service,One year,No,Electronic check,28.9,492.71,No
CUST-0173,Female,0,No,Yes,25,Yes,No,DSL,No,No,No,Yes,No,Yes,Month-to-month,No,Mailed check,80.08,2003.43,Yes
CUST-0174,Male,0,No,Yes,36,Yes,Yes,Fiber optic,No,No,Yes,Yes,Yes,No,One year,Yes,Credit card (automatic),123.23,4436.94,No
CUST-0175,Male,1,No,Yes,69,Yes,Yes,Fiber optic,No,No,Yes,No,Yes,Yes,One year,No,Electronic check,127.2,8773.03,No
CUST-0176,Male,0,Yes,Yes,40,Yes,No,DSL,Yes,No,No,Yes,Yes,Yes,Two year,No,Mailed check,101.56,4055.35,No
CUST-0177,Female,0,Yes,No,41,Yes,Yes,Fiber optic,No,Yes,No,No,Yes,Yes,Two year,Yes,Electronic check,129.55,5310.86,Yes
CUST-0178,Female,0,Yes,Yes,40,No,No phone service,DSL,No,No,No,No,No,No,Month-to-month,Yes,Electronic check,48.38,1931.99,No
CUST-0179,Female,0,Yes,Yes,46,Yes,No,No,No internet service,No internet service,No internet service,No internet service,No internet service,No internet service,Month-to-month,Yes,Bank transfer (automatic),29.46,1353.02,Yes
CUST-0180,Female,0,No,No,13,Yes,No,No,No internet service,No internet service,No internet service,No internet service,No internet service,No internet service,Two year,No,Electronic check,29.55,375.76,No
CUST-0181,Female,0,No,Yes,0,Yes,Yes,DSL,Yes,Yes,Yes,No,No,Yes,Two year,Yes,Electronic check,110.98, ,No
CUST-0182,Female,0,Yes,Yes,16,Yes,No,DSL,No,No,No,No,Yes,Yes,Month-to-month,No,Mailed check,84.34,1348.52,Yes
CUST-0183,Male,0,Yes,Yes,54,Yes,No,No,No internet service,No internet service,No internet service,No internet service,No internet service,No internet service,One year,Yes,Bank transfer (automatic),28.05,1515.93,No
CUST-0184,Female,0,Yes,Yes,52,Yes,Yes,Fiber optic,Yes,Yes,Yes,No,No,Yes,Month-to-month,Yes,Mailed check,132.31,6872.88,No
CUST-0185,Female,0,Yes,Yes,30,Yes,Yes,Fiber optic,No,Yes,No,Yes,Yes,No,Month-to-month,Yes,Electronic check,123.49,3706.82,No
CUST-0186,Female,0,No,Yes,61,Yes,Yes,DSL,Yes,Yes,Yes,Yes,No,Yes,Two year,Yes,Credit card (automatic),117.69,7172.29,No
CUST-0187,Male,0,No,No,7,Yes,Yes,DSL,No,Yes,Yes,No,Yes,Yes,One year,No,Electronic check,115.92,813.85,Yes
CUST-0188,Female,0,Yes,No,29,Yes,No,DSL,No,Yes,Yes,No,Yes,Yes,Month-to-month,No,Bank transfer (automatic),99.13,2870.74,No
CUST-0189,Female,0,No,Yes,65,Yes,No,DSL,Yes,No,No,Yes,Yes,No,Month-to-month,Yes,Bank transfer (automatic),88.08,5730.39,No
CUST-0190,Male,0,Yes,Yes,44,Yes,Yes,Fiber optic,No,No,No,No,No,No,Two year,No,Credit card (automatic),93.49,4109.68,No
CUST-0191,Female,0,Yes,Yes,17,Yes,Yes,Fiber optic,No,No,Yes,No,No,Yes,One year,Yes,Mailed check,116.5,1975.21,Yes
CUST-0192,Female,0,No,Yes,44,Yes,Yes,Fiber optic,No,No,No,No,Yes,Yes,Two year,No,Credit card (automatic),118.72,5223.43,Yes
CUST-0193,Female,0,Yes,Yes,18,Yes,Yes,Fiber optic,No,No,Yes,No,No,Yes,Month-to-month,Yes,Electronic check,115.59,2082.3,Yes
CUST-0194,Female,0,No,No,67,Yes,No,Fiber optic,No,Yes,No,No,Yes,No,Month-to-month,Yes,Mailed check,101.07,6776.36,Yes
CUST-0195,Female,1,Yes,Yes,49,Yes,No,Fiber optic,No,Yes,No,Yes,No,Yes,One year,No,Mailed check,109.63,5374.75,Yes
CUST-0196,Male,0,No,No,24,Yes,No,DSL,Yes,No,No,Yes,No,Yes,Two year,No,Electronic check,90.02,2155.53,No
CUST-0197,Male,0,Yes,No,37,Yes,Yes,Fiber optic,Yes,No,Yes,No,Yes,No,Month-to-month,No,Electronic check,124.6,4611.4,Yes
CUST-0198,Male,0,No,No,35,Yes,No,Fiber optic,No,No,No,Yes,No,No,One year,No,Bank transfer (automatic),88.45,3089.63,No
CUST-0199,Female,0,Yes,Yes,67,Yes,No,Fiber optic,No,No,Yes,No,Yes,Yes,Two year,Yes,Mailed check,112.42,7537.02,No
CUST-0200,Female,0,Yes,Yes,55,Yes,No,Fiber optic,Yes,No,Yes,No,No,Yes,Two year,No,Electronic check,106.43,5860.25,No
CUST-0201,Female,0,No,Yes,38,Yes,Yes,Fiber optic,Yes,No,Yes,Yes,No,No,Month-to-month,Yes,Electronic check,120.51,4579.91,No
CUST-0202,Male,1,Yes,Yes,62,Yes,Yes,DSL,No,No,No,No,No,No,Month-to-month,Yes,Credit card (automatic),71.89,4455.61,No
CUST-0203,Female,0,No,Yes,6,Yes,Yes,No,No internet service,No internet service,No internet service,No internet service,No internet service,No internet service,Month-to-month,Yes,Electronic check,46.47,286.64,Yes
CUST-0204,Female,0,No,Yes,57,Yes,Yes,No,No internet service,No internet service,No internet service,No internet service,No internet service,No internet service,Month-to-month,Yes,Electronic check,43.47,2484.44,No
CUST-0205,Male,0,Yes,Yes,58,Yes,Yes,Fiber optic,No,No,No,No,No,Yes,One year,No,Mailed check,109.9,6364.17,No
CUST-0206,Female,0,Yes,Yes,47,Yes,No,Fiber optic,Yes,No,No,Yes,No,No,Two year,Yes,Bank transfer (automatic),96.91,4557.03,No
CUST-0207,Male,0,Yes,No,4,Yes,No,Fiber optic,No,No,No,Yes,No,Yes,Month-to-month,Yes,Bank transfer (automatic),100.5,400.72,No
CUST-0208,Male,0,Yes,Yes,35,Yes,Yes,Fiber optic,No,No,No,Yes,No,No,Two year,Yes,Credit card (automatic),103.08,3600.04,No
CUST-0209,Male,0,No,Yes,24,Yes,No,No,No internet service,No internet service,No internet service,No internet service,No internet service,No internet service,Month-to-month,No,Credit card (automatic),32.48,787.24,No
CUST-0210,Female,0,Yes,Yes,44,Yes,No,Fiber optic,No,No,No,No,No,No,Month-to-month,Yes,Credit card (automatic),78.35,3442.67,No
CUST-0211,Female,0,Yes,No,18,No,No phone service,Fiber optic,Yes,Yes,No,No,No,Yes,Month-to-month,No,Mailed check,99.19,1789.71,Yes
CUST-0212,Female,0,Yes,Yes,6,Yes,No,Fiber optic,No,No,Yes,No,Yes,No,Two year,Yes,Bank transfer (automatic),101.28,604.3,Yes
CUST-0213,Female,0,No,Yes,57,Yes,No,DSL,No,Yes,No,No,Yes,Yes,One year,Yes,Electronic check,92.1,5243.23,No
CUST-0214,Female,0,Yes,Yes,65,Yes,No,DSL,No,Yes,No,No,Yes,Yes,Month-to-month,Yes,Mailed check,91.85,5970.49,No
CUST-0215,Female,0,No,No,38,Yes,Yes,DSL,Yes,No,No,No,Yes,Yes,Month-to-month,No,Electronic check,109.91,4168.13,No
CUST-0216,Female,0,Yes,No,17,No,No phone service,DSL,No,No,Yes,No,Yes,Yes,Two year,Yes,Electronic check,80.05,1370.89,No
CUST-0217,Male,0,No,Yes,0,Yes,Yes,No,No internet service,No internet service,No internet service,No internet service,No internet service,No internet service,Two year,Yes,Electronic check,41.77, ,Yes
CUST-0218,Female,1,Yes,Yes,62,Yes,Yes,Fiber optic,No,No,Yes,No,No,No,Month-to-month,No,Mailed check,102.81,6377.23,Yes
CUST-0219,Male,0,Yes,Yes,2,Yes,No,No,No internet service,No internet service,No internet service,No internet service,No internet service,No internet service,Month-to-month,No,Electronic check,29.68,56.13,Yes
CUST-0220,Female,0,No,Yes,20,Yes,Yes,No,No internet service,No internet service,No internet service,No internet service,No internet service,No internet service,Two year,Yes,Electronic check,45.07,900.49,No
CUST-0221,Female,1,Yes,Yes,29,Yes,Yes,No,No internet service,No internet service,No internet service,No internet service,No internet service,No internet service,Two year,Yes,Mailed check,43.86,1267.0,No
CUST-0222,Female,0,Yes,No,10,No,No phone service,DSL,No,No,Yes,Yes,No,Yes,Two year,No,Mailed check,78.01,781.34,Yes
CUST-0223,Male,0,Yes,No,21,Yes,Yes,Fiber optic,No,No,No,Yes,Yes,No,Two year,No,Mailed check,112.12,2347.31,No
CUST-0224,Male,0,No,Yes,56,Yes,No,Fiber optic,No,Yes,No,Yes,No,Yes,One year,Yes,Electronic check,112.58,6296.45,Yes
CUST-0225,Male,0,Yes,Yes,2,Yes,No,No,No internet service,No internet service,No internet service,No internet service,No internet service,No internet service,Two year,Yes,Credit card (automatic),27.84,56.63,No
CUST-0226,Male,0,No,Yes,29,No,No phone service,No,No internet service,No internet service,No internet service,No internet service,No internet service,No internet service,Two year,Yes,Mailed check,21.04,617.83,No
CUST-0227,Female,0,No,No,44,Yes,Yes,DSL,No,No,Yes,No,No,No,Two year,No,Mailed check,82.81,3638.9,No
CUST-0228,Male,0,No,No,35,Yes,Yes,Fiber optic,No,No,No,No,Yes,No,One year,No,Mailed check,107.01,3741.47,Yes
CUST-0229,Female,0,Yes,Yes,71,Yes,No,Fiber optic,No,Yes,Yes,No,No,No,One year,Yes,Bank transfer (automatic),94.77,6726.29,Yes
CUST-0230,Female,0,No,Yes,63,Yes,No,DSL,No,Yes,Yes,No,No,Yes,One year,Yes,Mailed check,89.61,5642.31,No
CUST-0231,Male,0,No,Yes,53,Yes,Yes,No,No internet service,No internet service,No internet service,No internet service,No internet service,No internet service,Two year,No,Electronic check,44.32,2347.13,No
CUST-0232,Male,0,Yes,Yes,67,Yes,No,No,No internet service,No internet service,No internet service,No internet service,No internet service,No internet service,Month-to-month,No,Bank transfer (automatic),29.58,1983.65,Yes
CUST-0233,Male,0,No,No,49,Yes,No,Fiber optic,No,No,No,Yes,Yes,No,Month-to-month,Yes,Electronic check,97.93,4796.9,Yes
CUST-0234,Male,1,No,Yes,30,Yes,No,Fiber optic,No,No,Yes,Yes,No,Yes,Month-to-month,Yes,Mailed check,110.87,3317.3,Yes
CUST-0235,Male,1,Yes,No,28,Yes,No,Fiber optic,Yes,Yes,No,No,No,No,Two year,Yes,Bank transfer (automatic),95.47,2671.01,No
CUST-0236,Male,0,Yes,Yes,58,Yes,No,Fiber optic,Yes,No,Yes,No,No,Yes,Month-to-month,No,Credit card (automatic),106.78,6194.8,No
CUST-0237,Male,1,No,No,35,No,No phone service,No,No internet service,No internet service,No internet service,No internet service,No internet service,No internet service,Month-to-month,No,Electronic check,20.02,696.37,Yes
CUST-0238,Male,0,Yes,Yes,72,Yes,No,No,No internet service,No internet service,No internet service,No internet service,No internet service,No internet service,Month-to-month,No,Mailed check,34.17,2462.45,No
CUST-0239,Female,1,Yes,No,66,Yes,No,DSL,No,No,Yes,Yes,No,Yes,Two year,Yes,Credit card (automatic),84.7,5594.75,No
CUST-0240,Male,0,Yes,Yes,10,Yes,No,Fiber optic,No,No,No,No,No,Yes,Month-to-month,Yes,Electronic check,94.97,950.91,Yes
CUST-0241,Male,0,No,Yes,10,No,No phone service,DSL,Yes,Yes,Yes,Yes,Yes,No,Two year,Yes,Electronic check,97.23,967.87,No
CUST-0242,Female,0,No,Yes,25,Yes,No,No,No internet service,No internet service,No internet service,No internet service,No internet service,No internet service,One year,No,Mailed check,29.77,751.25,No
CUST-0243,Male,0,Yes,Yes,52,Yes,No,DSL,Yes,Yes,No,No,No,No,Two year,Yes,Electronic check,71.33,3714.3,No
CUST-0244,Female,0,No,Yes,13,Yes,No,Fiber optic,No,No,No,No,Yes,Yes,Two year,No,Credit card (automatic),103.37,1344.78,No
CUST-0245,Female,0,Yes,Yes,63,Yes,No,Fiber optic,Yes,No,No,No,No,No,Two year,No,Bank transfer (automatic),87.24,5494.02,Yes
CUST-0246,Male,0,Yes,No,9,Yes,No,No,No internet service,No internet service,No internet service,No internet service,No internet service,No internet service,Month-to-month,Yes,Electronic check,26.55,243.92,Yes
CUST-0247,Female,0,Yes,Yes,30,No,No phone service,Fiber optic,No,Yes,No,Yes,No,No,Month-to-month,Yes,Mailed check,82.21,2467.71,Yes
CUST-0248,Female,0,Yes,No,35,Yes,No,Fiber optic,No,Yes,No,No,No,Yes,Month-to-month,Yes,Electronic check,102.29,3584.94,Yes
CUST-0249,Female,0,Yes,No,9,Yes,No,Fiber optic,Yes,No,Yes,No,No,Yes,Month-to-month,Yes,Credit card (automatic),109.13,980.61,Yes
CUST-0250,Female,0,No,Yes,25,Yes,Yes,Fiber optic,Yes,Yes,No,No,Yes,No,One year,Yes,Electronic check,120.68,3014.75,No
CUST-0251,Male,0,No,Yes,19,Yes,No,No,No internet service,No internet service,No internet service,No internet service,No internet service,No internet service,Month-to-month,Yes,Bank transfer (automatic),30.4,569.06,Yes
CUST-0252,Female,0,No,Yes,43,Yes,Yes,Fiber optic,Yes,Yes,No,No,No,No,Month-to-month,No,Electronic check,108.14,4657.83,Yes
CUST-0253,Male,0,No,Yes,61,Yes,No,Fiber optic,Yes,No,No,Yes,No,Yes,Month-to-month,No,Mailed check,105.16,6421.17,Yes
CUST-0254,Female,0,Yes,Yes,72,Yes,Yes,Fiber optic,Yes,Yes,No,Yes,No,Yes,One year,No,Credit card (automatic),129.81,9343.12,No
CUST-0255,Female,1,Yes,No,8,No,No phone service,DSL,No,No,No,No,No,Yes,Month-to-month,Yes,Electronic check,60.34,483.4,Yes
CUST-0256,Female,0,No,Yes,70,Yes,No,No,No internet service,No internet service,No internet service,No internet service,No internet service,No internet service,Month-to-month,No,Electronic check,29.3,2054.33,No
CUST-0257,Female,0,No,Yes,23,Yes,Yes,DSL,Yes,Yes,No,Yes,Yes,No,One year,Yes,Bank transfer (automatic),110.81,2551.77,No
CUST-0258,Male,1,Yes,Yes,11,Yes,No,No,No internet service,No internet service,No internet service,No internet service,No internet service,No internet service,One year,No,Mailed check,28.38,313.62,No
CUST-0259,Male,0,Yes,No,59,Yes,Yes,Fiber optic,No,No,No,Yes,No,No,One year,Yes,Bank transfer (automatic),104.13,6141.29,No
CUST-0260,Female,0,Yes,Yes,15,Yes,No,Fiber optic,Yes,No,No,No,Yes,No,Month-to-month,No,Credit card (automatic),101.95,1527.65,Yes
CUST-0261,Female,0,No,Yes,28,Yes,Yes,DSL,Yes,No,No,No,No,Yes,One year,Yes,Bank transfer (automatic),91.98,2575.45,No
CUST-0262,Male,0,Yes,Yes,31,No,No phone service,DSL,No,Yes,No,No,Yes,Yes,One year,Yes,Mailed check,85.63,2652.63,No
CUST-0263,Female,0,Yes,Yes,34,Yes,Yes,Fiber optic,Yes,No,Yes,No,No,No,Two year,No,Mailed check,110.18,3755.55,No
CUST-0264,Female,0,No,No,42,Yes,Yes,Fiber optic,No,Yes,No,Yes,Yes,Yes,Two year,No,Mailed check,134.95,5667.21,Yes
CUST-0265,Female,0,No,No,52,Yes,Yes,DSL,No,No,No,No,No,No,Month-to-month,Yes,Electronic check,74.67,3882.04,No
CUST-0266,Male,1,No,Yes,19,Yes,Yes,No,No internet service,No internet service,No internet service,No internet service,No internet service,No internet service,One year,No,Credit card (automatic),45.76,867.77,No
CUST-0267,Male,0,Yes,Yes,7,Yes,Yes,Fiber optic,Yes,Yes,Yes,Yes,Yes,No,One year,Yes,Electronic check,139.48,970.62,Yes
CUST-0268,Male,0,Yes,Yes,41,Yes,No,DSL,Yes,No,No,No,No,Yes,One year,Yes,Electronic check,80.92,3321.87,Yes
CUST-0269,Female,0,No,Yes,69,Yes,No,No,No internet service,No internet service,No internet service,No internet service,No internet service,No internet service,One year,No,Credit card (automatic),26.44,1815.74,No
CUST-0270,Female,0,Yes,Yes,15,Yes,No,No,No internet service,No internet service,No internet service,No internet service,No internet service,No internet service,Month-to-month,Yes,Electronic check,34.02,512.01,Yes
CUST-0271,Male,0,Yes,Yes,68,Yes,No,Fiber optic,Yes,No,No,No,Yes,No,Month-to-month,No,Electronic check,102.2,6943.02,Yes
CUST-0272,Male,0,Yes,Yes,52,Yes,No,No,No internet service,No internet service,No internet service,No internet service,No internet service,No internet service,One year,Yes,Mailed check,27.18,1415.61,No
CUST-0273,Male,0,No,No,44,Yes,Yes,Fiber optic,Yes,No,Yes,No,No,No,Two year,Yes,Bank transfer (automatic),110.21,4854.51,No
CUST-0274,Male,0,No,Yes,50,Yes,Yes,No,No internet service,No internet service,No internet service,No internet service,No internet service,No internet service,Month-to-month,Yes,Mailed check,40.15,2010.58,Yes
CUST-0275,Female,0,Yes,No,5,Yes,No,DSL,No,No,Yes,No,Yes,No,Month-to-month,No,Credit card (automatic),76.63,379.37,No
CUST-0276,Male,0,Yes,Yes,32,Yes,Yes,No,No internet service,No internet service,No internet service,No internet service,No internet service,No internet service,Two year,No,Electronic check,44.56,1420.94,No
CUST-0277,Female,0,Yes,Yes,14,Yes,No,Fiber optic,No,No,Yes,No,No,No,Two year,No,Electronic check,88.93,1244.51,No
CUST-0278,Male,0,Yes,No,13,Yes,Yes,Fiber optic,Yes,No,Yes,No,No,No,Month-to-month,No,Electronic check,112.68,1459.11,Yes
CUST-0279,Female,0,No,Yes,38,Yes,No,Fiber optic,No,No,No,No,Yes,No,Month-to-month,No,Electronic check,89.29,3389.19,Yes
CUST-0280,Male,0,No,Yes,62,Yes,Yes,DSL,No,No,No,No,Yes,No,Month-to-month,Yes,Electronic check,90.97,5637.89,No
CUST-0281,Male,0,Yes,Yes,4,Yes,Yes,Fiber optic,No,No,No,Yes,No,Yes,Month-to-month,Yes,Mailed check,116.37,468.31,Yes
CUST-0282,Male,0,Yes,Yes,51,Yes,No,Fiber optic,No,Yes,Yes,No,No,Yes,Two year,Yes,Credit card (automatic),105.45,5388.81,No
CUST-0283,Male,1,No,No,15,Yes,Yes,Fiber optic,No,No,No,No,Yes,Yes,One year,No,Credit card (automatic),119.37,1791.4,No
CUST-0284,Female,0,Yes,No,37,Yes,Yes,DSL,No,No,No,No,No,No,Two year,Yes,Credit card (automatic),74.17,2741.17,No
CUST-0285,Male,1,No,Yes,52,Yes,No,Fiber optic,No,No,Yes,No,No,Yes,Two year,No,Credit card (automatic),97.52,5076.77,No
CUST-0286,Female,0,Yes,Yes,52,Yes,Yes,Fiber optic,No,No,Yes,Yes,Yes,No,One year,No,Electronic check,121.96,6347.03,No
CUST-0287,Female,1,No,Yes,45,Yes,Yes,Fiber optic,Yes,No,Yes,Yes,Yes,Yes,Month-to-month,No,Electronic check,142.93,6435.83,No
CUST-0288,Female,0,Yes,Yes,14,Yes,No,Fiber optic,Yes,No,No,Yes,No,Yes,One year,Yes,Bank transfer (automatic),104.79,1472.3,Yes
CUST-0289,Female,1,Yes,Yes,58,Yes,No,DSL,Yes,Yes,No,No,Yes,No,Two year,Yes,Mailed check,87.48,5082.99,No
CUST-0290,Male,1,No,Yes,49,Yes,Yes,Fiber optic,No,Yes,No,Yes,No,No,Month-to-month,No,Electronic check,111.91,5471.19,No
CUST-0291,Female,0,No,Yes,8,Yes,Yes,No,No internet service,No internet service,No internet service,No internet service,No internet service,No internet service,Two year,No,Credit card (automatic),47.06,375.9,No
CUST-0292,Female,1,Yes,Yes,25,Yes,No,DSL,No,Yes,Yes,No,No,No,Two year,No,Mailed check,76.98,1918.8,No
CUST-0293,Female,0,Yes,Yes,2,Yes,Yes,DSL,No,No,Yes,Yes,No,Yes,Month-to-month,Yes,Credit card (automatic),102.06,206.76,Yes
CUST-0294,Male,0,No,Yes,46,No,No phone service,Fiber optic,No,Yes,No,Yes,Yes,Yes,Month-to-month,No,Electronic check,109.98,5060.92,Yes
CUST-0295,Male,0,No,Yes,4,Yes,No,Fiber optic,No,No,Yes,No,No,No,One year,Yes,Electronic check,88.62,356.4,No
CUST-0296,Male,0,Yes,No,61,Yes,Yes,Fiber optic,No,No,No,No,No,No,One year,Yes,Mailed check,95.48,5821.87,Yes
CUST-0297,Male,0,Yes,No,4,Yes,Yes,No,No internet service,No internet service,No internet service,No internet service,No internet service,No internet service,Month-to-month,No,Electronic check,44.87,181.07,Yes
CUST-0298,Female,0,No,Yes,9,Yes,No,No,No internet service,No internet service,No internet service,No internet service,No internet service,No internet service,Month-to-month,No,Credit card (automatic),29.81,270.72,No
CUST-0299,Female,1,No,Yes,62,No,No phone service,Fiber optic,Yes,No,Yes,No,Yes,Yes,Month-to-month,No,Credit card (automatic),108.95,6752.8,Yes
CUST-0300,Male,0,No,No,24,No,No phone service,Fiber optic,No,No,Yes,No,No,Yes,Month-to-month,Yes,Mailed check,89.99,2154.34,Yes
CUST-0301,Female,0,No,No,43,Yes,Yes,DSL,No,Yes,No,No,No,No,Month-to-month,No,Credit card (automatic),82.34,3548.08,Yes
CUST-0302,Female,1,No,No,24,No,No phone service,Fiber optic,Yes,Yes,Yes,Yes,No,No,Two year,No,Electronic check,99.64,2395.46,Yes
CUST-0303,Female,1,Yes,Yes,29,No,No phone service,No,No internet service,No internet service,No internet service,No internet service,No internet service,No internet service,One year,No,Bank transfer (automatic),21.47,603.93,No
CUST-0304,Male,1,Yes,No,13,Yes,Yes,No,No internet service,No internet service,No internet service,No internet service,No internet service,No internet service,Month-to-month,No,Electronic check,45.48,585.49,No
CUST-0305,Male,0,No,Yes,42,No,No phone service,Fiber optic,Yes,No,Yes,No,Yes,Yes,One year,Yes,Mailed check,108.72,4564.07,Yes
CUST-0306,Female,1,Yes,No,27,Yes,No,DSL,Yes,Yes,Yes,No,No,No,Month-to-month,No,Electronic check,83.59,2260.41,No
CUST-0307,Male,0,Yes,No,18,Yes,Yes,DSL,Yes,No,Yes,No,Yes,No,Month-to-month,Yes,Mailed check,103.15,1846.76,Yes
CUST-0308,Male,0,No,Yes,41,Yes,No,DSL,Yes,Yes,Yes,No,Yes,Yes,Two year,Yes,Mailed check,109.44,4480.63,No
CUST-0309,Male,0,Yes,No,19,Yes,Yes,No,No internet service,No internet service,No internet service,No internet service,No internet service,No internet service,Month-to-month,No,Mailed check,44.3,840.51,Yes
CUST-0310,Male,0,Yes,Yes,10,Yes,Yes,DSL,No,No,Yes,No,No,No,Month-to-month,Yes,Mailed check,83.02,831.0,Yes
CUST-0311,Male,0,Yes,No,53,Yes,No,Fiber optic,Yes,No,No,No,Yes,No,Month-to-month,No,Bank transfer (automatic),102.84,5447.1,No
CUST-0312,Female,0,No,Yes,23,Yes,Yes,No,No internet service,No internet service,No internet service,No internet service,No internet service,No internet service,Two year,Yes,Electronic check,38.36,883.8,No
CUST-0313,Male,0,No,No,69,Yes,Yes,DSL,No,No,No,No,Yes,Yes,Two year,No,Electronic check,97.11,6697.85,No
CUST-0314,Female,0,Yes,Yes,16,Yes,Yes,Fiber optic,No,No,No,No,No,Yes,Two year,No,Bank transfer (automatic),107.8,1717.17,No
CUST-0315,Female,0,Yes,No,27,Yes,No,DSL,No,Yes,No,No,No,Yes,Two year,Yes,Mailed check,81.82,2210.67,No
CUST-0316,Male,0,Yes,Yes,49,Yes,No,Fiber optic,Yes,Yes,No,No,No,Yes,Month-to-month,No,Electronic check,105.82,5188.45,No
CUST-0317,Female,0,Yes,Yes,54,Yes,Yes,DSL,Yes,Yes,No,No,Yes,No,One year,Yes,Bank transfer (automatic),101.15,5466.93,No
CUST-0318,Female,0,Yes,Yes,72,Yes,Yes,Fiber optic,No,No,No,No,No,No,One year,No,Credit card (automatic),95.07,6838.77,No
CUST-0319,Female,0,Yes,No,9,Yes,No,No,No internet service,No internet service,No internet service,No internet service,No internet service,No internet service,Two year,No,Mailed check,26.67,242.8,No
CUST-0320,Male,0,No,Yes,20,Yes,Yes,Fiber optic,No,Yes,No,Yes,No,Yes,One year,Yes,Bank transfer (automatic),122.64,2454.6,No
CUST-0321,Male,1,Yes,Yes,57,Yes,Yes,Fiber optic,No,No,No,No,Yes,Yes,Two year,Yes,Credit card (automatic),118.68,6773.89,No
CUST-0322,Female,0,Yes,Yes,33,Yes,Yes,No,No internet service,No internet service,No internet service,No internet service,No internet service,No internet service,One year,Yes,Credit card (automatic),44.58,1465.97,Yes
CUST-0323,Male,0,No,No,42,No,No phone service,DSL,No,No,No,No,No,No,One year,No,Credit card (automatic),48.08,2019.83,No
CUST-0324,Male,0,Yes,Yes,10,Yes,No,No,No internet service,No internet service,No internet service,No internet service,No internet service,No internet service,One year,Yes,Credit card (automatic),28.84,288.19,Yes
CUST-0325,Male,0,Yes,Yes,32,Yes,No,DSL,No,No,No,Yes,No,Yes,Two year,Yes,Credit card (automatic),76.49,2439.47,No
CUST-0326,Male,0,Yes,Yes,57,Yes,No,Fiber optic,No,No,Yes,Yes,Yes,Yes,Two year,No,Mailed check,117.47,6702.62,No
CUST-0327,Female,0,Yes,Yes,45,Yes,Yes,DSL,Yes,Yes,Yes,Yes,No,Yes,Month-to-month,No,Bank transfer (automatic),118.27,5317.62,No
CUST-0328,Female,0,No,Yes,60,Yes,No,DSL,No,Yes,No,No,Yes,No,Month-to-month,Yes,Bank transfer (automatic),81.21,4868.45,Yes
CUST-0329,Male,0,Yes,Yes,61,Yes,Yes,No,No internet service,No internet service,No internet service,No internet service,No internet service,No internet service,Month-to-month,No,Electronic check,45.45,2771.51,No
CUST-0330,Male,0,No,No,0,Yes,Yes,DSL,Yes,No,No,Yes,No,Yes,One year,Yes,Electronic check,104.37, ,No
CUST-0331,Female,0,Yes,No,20,Yes,No,Fiber optic,No,Yes,Yes,No,Yes,No,Month-to-month,Yes,Bank transfer (automatic),108.65,2168.89,Yes
CUST-0332,Female,0,Yes,Yes,61,Yes,No,Fiber optic,Yes,Yes,No,No,Yes,Yes,Month-to-month,No,Bank transfer (automatic),122.77,7491.89,No
CUST-0333,Male,0,No,Yes,63,Yes,Yes,Fiber optic,No,No,No,No,No,Yes,Month-to-month,Yes,Credit card (automatic),105.47,6644.64,Yes
CUST-0334,Female,0,Yes,Yes,72,Yes,Yes,No,No internet service,No internet service,No internet service,No internet service,No internet service,No internet service,Month-to-month,Yes,Electronic check,45.92,3296.27,Yes
CUST-0335,Male,0,No,Yes,55,No,No phone service,No,No internet service,No internet service,No internet service,No internet service,No internet service,No internet service,Two year,No,Credit card (automatic),20.51,1119.1,No
CUST-0336,Male,1,No,No,0,Yes,No,Fiber optic,No,Yes,Yes,No,No,Yes,Month-to-month,Yes,Electronic check,108.08, ,Yes
CUST-0337,Female,1,No,Yes,20,Yes,Yes,DSL,Yes,Yes,Yes,No,No,Yes,Two year,Yes,Electronic check,109.87,2199.77,No
CUST-0338,Female,0,Yes,Yes,21,Yes,Yes,DSL,No,No,No,No,Yes,Yes,Month-to-month,No,Electronic check,97.51,2044.0,Yes
CUST-0339,Male,0,Yes,Yes,53,Yes,Yes,Fiber optic,No,No,Yes,No,Yes,No,Month-to-month,Yes,Credit card (automatic),114.17,6050.67,Yes
CUST-0340,Male,0,Yes,No,3,Yes,Yes,DSL,No,No,No,No,No,Yes,Month-to-month,No,Electronic check,84.28,254.48,Yes
CUST-0341,Female,0,Yes,Yes,64,Yes,No,Fiber optic,Yes,Yes,No,Yes,Yes,Yes,Two year,Yes,Electronic check,125.52,8027.64,No
CUST-0342,Male,0,No,Yes,50,Yes,Yes,No,No internet service,No internet service,No internet service,No internet service,No internet service,No internet service,Month-to-month,Yes,Credit card (automatic),44.92,2239.49,No
CUST-0343,Female,1,Yes,Yes,62,Yes,Yes,Fiber optic,No,No,Yes,No,Yes,No,Two year,Yes,Electronic check,114.92,7128.16,Yes
CUST-0344,Male,1,Yes,No,14,Yes,No,DSL,Yes,No,No,Yes,Yes,Yes,One year,No,Electronic check,99.76,1394.62,No
CUST-0345,Female,0,No,No,35,Yes,Yes,Fiber optic,No,No,No,No,Yes,Yes,One year,No,Electronic check,116.04,4067.38,No
CUST-0346,Female,0,No,Yes,28,Yes,No,Fiber optic,Yes,No,No,No,No,No,Two year,Yes,Credit card (automatic),85.02,2383.67,No
CUST-0347,Female,0,Yes,Yes,51,Yes,Yes,Fiber optic,No,Yes,Yes,Yes,Yes,Yes,Month-to-month,No,Credit card (automatic),141.78,7232.51,No
CUST-0348,Male,0,No,No,45,Yes,Yes,DSL,No,No,No,Yes,No,Yes,Month-to-month,No,Mailed check,98.94,4461.93,No
CUST-0349,Male,0,No,Yes,68,Yes,Yes,Fiber optic,Yes,No,Yes,Yes,Yes,Yes,Month-to-month,Yes,Electronic check,141.04,9587.87,Yes
CUST-0350,Female,0,No,Yes,28,Yes,No,Fiber optic,No,Yes,No,No,Yes,No,Month-to-month,No,Credit card (automatic),101.37,2836.0,Yes
CUST-0351,Male,0,No,Yes,46,Yes,Yes,DSL,Yes,No,Yes,No,Yes,No,Month-to-month,No,Electronic check,102.04,4697.04,No
CUST-0352,Female,0,No,Yes,24,Yes,Yes,No,No internet service,No internet service,No internet service,No internet service,No internet service,No internet service,Month-to-month,No,Mailed check,42.56,1021.21,No
CUST-0353,Female,0,Yes,Yes,15,Yes,No,No,No internet service,No internet service,No internet service,No internet service,No internet service,No internet service,Month-to-month,Yes,Mailed check,29.94,445.55,Yes
CUST-0354,Male,1,Yes,No,40,Yes,Yes,Fiber optic,No,Yes,Yes,Yes,No,Yes,Month-to-month,No,Credit card (automatic),129.46,5175.13,Yes
CUST-0355,Male,0,Yes,Yes,64,Yes,Yes,No,No internet service,No internet service,No internet service,No internet service,No internet service,No internet service,Two year,Yes,Bank transfer (automatic),45.29,2891.96,No
CUST-0356,Female,0,Yes,Yes,68,Yes,No,Fiber optic,No,Yes,No,No,Yes,Yes,One year,Yes,Mailed check,112.21,7630.77,No
CUST-0357,Male,0,Yes,No,19,Yes,No,No,No internet service,No internet service,No internet service,No internet service,No internet service,No internet service,One year,Yes,Bank transfer (automatic),26.08,498.99,No
CUST-0358,Male,0,Yes,Yes,68,Yes,No,Fiber optic,Yes,Yes,Yes,No,Yes,Yes,One year,No,Credit card (automatic),129.02,8773.01,No
CUST-0359,Female,0,Yes,Yes,35,No,No phone service,Fiber optic,No,Yes,Yes,Yes,No,Yes,One year,Yes,Credit card (automatic),104.06,3646.0,No
CUST-0360,Female,0,No,Yes,57,Yes,No,DSL,Yes,No,Yes,Yes,Yes,Yes,Month-to-month,Yes,Bank transfer (automatic),108.38,6177.37,Yes
CUST-0361,Male,1,Yes,No,47,Yes,Yes,DSL,No,No,No,Yes,No,Yes,Two year,No,Credit card (automatic),95.16,4471.05,No
CUST-0362,Female,0,Yes,No,1,Yes,Yes,Fiber optic,No,Yes,No,No,Yes,Yes,Month-to-month,Yes,Mailed check,129.52,131.11,Yes
CUST-0363,Female,1,Yes,No,28,Yes,No,Fiber optic,No,Yes,No,No,Yes,Yes,Month-to-month,No,Bank transfer (automatic),111.9,3132.01,No
CUST-0364,Male,0,No,No,15,Yes,Yes,Fiber optic,No,Yes,No,No,No,Yes,Month-to-month,Yes,Electronic check,115.48,1731.9,No
CUST-0365,Female,0,Yes,Yes,34,Yes,No,Fiber optic,Yes,No,No,No,Yes,No,Month-to-month,Yes,Mailed check,97.4,3311.14,No
CUST-0366,Female,0,Yes,Yes,61,Yes,No,Fiber optic,No,No,Yes,No,No,Yes,Month-to-month,Yes,Electronic check,102.5,6245.94,Yes
CUST-0367,Male,0,No,No,3,Yes,No,DSL,No,Yes,No,No,No,Yes,Month-to-month,Yes,Mailed check,80.88,244.03,Yes
CUST-0368,Male,0,Yes,Yes,67,Yes,Yes,DSL,No,No,No,No,No,Yes,One year,Yes,Electronic check,85.79,5742.25,No
CUST-0369,Female,0,Yes,Yes,50,Yes,Yes,DSL,No,No,No,No,No,No,Month-to-month,Yes,Mailed check,77.2,3858.1,Yes
CUST-0370,Female,0,No,Yes,32,Yes,Yes,DSL,No,Yes,Yes,No,Yes,Yes,Month-to-month,Yes,Bank transfer (automatic),116.35,3733.64,Yes
CUST-0371,Male,1,Yes,Yes,23,Yes,No,Fiber optic,No,No,Yes,Yes,Yes,Yes,Month-to-month,No,Electronic check,119.4,2751.64,Yes
CUST-0372,Male,1,No,No,24,Yes,No,Fiber optic,No,No,Yes,No,Yes,Yes,Month-to-month,Yes,Mailed check,108.23,2593.93,Yes
CUST-0373,Male,1,Yes,Yes,27,Yes,Yes,DSL,No,No,Yes,No,Yes,Yes,Two year,Yes,Electronic check,107.22,2890.13,Yes
CUST-0374,Male,0,Yes,Yes,6,Yes,No,No,No internet service,No internet service,No internet service,No internet service,No internet service,No internet service,One year,No,Mailed check,29.45,174.82,Yes
CUST-0375,Female,0,Yes,No,35,Yes,No,No,No internet service,No internet service,No internet service,No internet service,No internet service,No internet service,Month-to-month,Yes,Bank transfer (automatic),33.62,1177.78,Yes
CUST-0376,Male,0,No,Yes,9,Yes,Yes,Fiber optic,No,No,Yes,No,No,No,Month-to-month,No,Electronic check,103.8,925.24,Yes
CUST-0377,Male,0,No,Yes,35,Yes,No,Fiber optic,Yes,No,Yes,No,No,No,One year,Yes,Electronic check,93.69,3277.14,Yes
CUST-0378,Female,0,No,Yes,17,Yes,No,DSL,No,Yes,Yes,No,No,Yes,Month-to-month,No,Electronic check,89.83,1532.96,No
CUST-0379,Male,0,Yes,No,5,No,No phone service,Fiber optic,No,No,No,Yes,No,Yes,Month-to-month,Yes,Bank transfer (automatic),88.09,438.92,Yes
CUST-0380,Female,0,Yes,No,6,Yes,No,DSL,No,No,No,Yes,Yes,Yes,Month-to-month,Yes,Mailed check,91.81,546.01,No
CUST-0381,Male,0,No,No,11,Yes,Yes,Fiber optic,No,No,No,No,Yes,No,Month-to-month,Yes,Mailed check,106.84,1169.16,Yes
CUST-0382,Male,1,No,No,40,Yes,Yes,Fiber optic,Yes,No,No,Yes,No,No,Month-to-month,No,Bank transfer (automatic),109.31,4366.24,Yes
CUST-0383,Male,0,Yes,Yes,62,Yes,No,No,No internet service,No internet service,No internet service,No internet service,No internet service,No internet service,Month-to-month,Yes,Mailed check,26.24,1633.26,No
CUST-0384,Female,0,Yes,No,24,Yes,No,Fiber optic,No,Yes,No,No,Yes,No,Two year,Yes,Bank transfer (automatic),101.16,2428.96,Yes
CUST-0385,Female,0,Yes,No,52,Yes,No,DSL,No,No,No,No,Yes,No,Two year,No,Credit card (automatic),72.36,3762.38,No
CUST-0386,Male,1,Yes,Yes,32,Yes,No,Fiber optic,No,No,No,No,No,No,Month-to-month,No,Mailed check,79.02,2532.87,No
CUST-0387,Female,0,No,Yes,72,Yes,Yes,No,No internet service,No internet service,No internet service,No internet service,No internet service,No internet service,Two year,Yes,Bank transfer (automatic),42.65,3074.83,No
CUST-0388,Female,0,Yes,No,5,No,No phone service,Fiber optic,No,No,No,No,No,No,One year,Yes,Bank transfer (automatic),72.33,361.25,Yes
CUST-0389,Female,0,Yes,No,61,Yes,No,No,No internet service,No internet service,No internet service,No internet service,No internet service,No internet service,Month-to-month,Yes,Mailed check,28.34,1731.38,No
CUST-0390,Female,0,Yes,No,65,Yes,No,No,No internet service,No internet service,No internet service,No internet service,No internet service,No internet service,Month-to-month,No,Bank transfer (automatic),28.23,1828.67,No
CUST-0391,Female,0,Yes,No,8,Yes,Yes,Fiber optic,No,Yes,No,Yes,Yes,No,Month-to-month,Yes,Credit card (automatic),121.58,972.15,Yes
CUST-0392,Female,0,Yes,Yes,66,Yes,No,DSL,No,Yes,No,No,Yes,Yes,One year,Yes,Credit card (automatic),92.39,6097.13,No
CUST-0393,Male,0,Yes,Yes,15,Yes,Yes,DSL,No,Yes,No,Yes,No,No,Month-to-month,Yes,Electronic check,90.54,1351.1,Yes
CUST-0394,Male,0,Yes,Yes,54,Yes,No,No,No internet service,No internet service,No internet service,No internet service,No internet service,No internet service,Month-to-month,No,Credit card (automatic),34.41,1856.16,No
CUST-0395,Female,0,No,Yes,39,Yes,No,No,No internet service,No internet service,No internet service,No internet service,No internet service,No internet service,Two year,Yes,Credit card (automatic),32.27,1268.48,No
CUST-0396,Male,1,No,No,25,Yes,No,DSL,Yes,No,No,No,No,Yes,Two year,Yes,Credit card (automatic),76.7,1919.69,No
CUST-0397,Male,0,No,Yes,37,Yes,No,Fiber optic,No,No,Yes,No,Yes,No,Two year,No,Electronic check,100.25,3708.75,Yes
CUST-0398,Male,0,Yes,Yes,34,Yes,Yes,Fiber optic,No,No,No,Yes,No,Yes,Two year,No,Mailed check,117.12,3976.63,No
CUST-0399,Male,0,No,Yes,67,Yes,Yes,Fiber optic,Yes,No,Yes,No,Yes,No,Two year,Yes,Mailed check,123.4,8276.5,Yes
CUST-0400,Female,0,Yes,Yes,58,Yes,No,No,No internet service,No internet service,No internet service,No internet service,No internet service,No internet service,Month-to-month,No,Mailed check,27.63,1607.58,No
CUST-0401,Male,0,Yes,Yes,13,Yes,Yes,DSL,No,Yes,Yes,No,No,Yes,One year,No,Mailed check,104.38,1360.22,Yes
CUST-0402,Male,0,Yes,Yes,46,Yes,Yes,No,No internet service,No internet service,No internet service,No internet service,No internet service,No internet service,One year,No,Credit card (automatic),44.85,2060.99,No
CUST-0403,Female,0,Yes,Yes,70,Yes,No,Fiber optic,No,No,No,Yes,Yes,Yes,Month-to-month,Yes,Bank transfer (automatic),111.09,7765.05,Yes
CUST-0404,Female,0,No,Yes,71,Yes,No,Fiber optic,No,Yes,No,Yes,Yes,No,Two year,No,Electronic check,108.18,7687.49,Yes
CUST-0405,Male,0,Yes,No,41,Yes,No,Fiber optic,Yes,No,No,No,Yes,No,Month-to-month,Yes,Mailed check,100.18,4114.3,Yes
CUST-0406,Male,0,Yes,Yes,50,Yes,Yes,Fiber optic,No,No,Yes,No,Yes,Yes,One year,Yes,Mailed check,124.92,6245.94,No
CUST-0407,Male,1,No,Yes,18,Yes,No,Fiber optic,No,Yes,No,No,No,Yes,Two year,No,Mailed check,96.83,1736.37,No
CUST-0408,Male,0,No,Yes,65,Yes,No,Fiber optic,Yes,Yes,Yes,Yes,No,No,Month-to-month,No,Electronic check,116.37,7565.86,No
CUST-0409,Male,0,No,Yes,46,Yes,No,Fiber optic,No,Yes,No,Yes,Yes,Yes,One year,No,Mailed check,118.64,5456.39,No
CUST-0410,Male,0,Yes,Yes,64,Yes,Yes,Fiber optic,No,No,No,Yes,No,Yes,One year,No,Electronic check,114.55,7339.13,No
CUST-0411,Female,0,No,No,41,Yes,Yes,Fiber optic,Yes,No,No,No,Yes,Yes,One year,Yes,Credit card (automatic),127.64,5233.14,No
CUST-0412,Male,0,Yes,No,37,Yes,No,No,No internet service,No internet service,No internet service,No internet service,No internet service,No internet service,Month-to-month,Yes,Credit card (automatic),30.92,1143.43,No
CUST-0413,Male,0,Yes,Yes,12,Yes,No,DSL,No,No,No,No,No,Yes,Two year,Yes,Credit card (automatic),71.34,853.71,No
CUST-0414,Female,1,No,Yes,43,Yes,Yes,Fiber optic,No,Yes,No,No,Yes,No,One year,No,Mailed check,115.1,4947.57,Yes
CUST-0415,Female,0,No,No,23,Yes,No,DSL,No,No,Yes,No,Yes,No,Month-to-month,No,Bank transfer (automatic),81.01,1857.71,Yes
CUST-0416,Female,0,No,No,29,Yes,No,Fiber optic,No,No,Yes,Yes,No,No,Two year,No,Credit card (automatic),94.87,2756.38,No
CUST-0417,Female,0,Yes,Yes,69,Yes,Yes,DSL,No,No,Yes,No,No,No,One year,Yes,Electronic check,81.21,5597.11,No
CUST-0418,Male,0,Yes,Yes,37,Yes,Yes,No,No internet service,No internet service,No internet service,No internet service,No internet service,No internet service,Month-to-month,Yes,Bank transfer (automatic),43.74,1617.76,No
CUST-0419,Male,0,Yes,Yes,22,No,No phone service,DSL,No,No,Yes,No,No,No,Month-to-month,Yes,Mailed check,62.11,1368.07,No
CUST-0420,Male,0,Yes,Yes,56,Yes,No,Fiber optic,Yes,No,No,No,No,No,Month-to-month,Yes,Mailed check,89.12,4982.67,No
CUST-0421,Male,0,Yes,Yes,22,Yes,No,No,No internet service,No internet service,No internet service,No internet service,No internet service,No internet service,Month-to-month,No,Credit card (automatic),28.34,620.65,Yes
CUST-0422,Male,0,Yes,Yes,35,Yes,Yes,DSL,No,No,No,No,Yes,Yes,Month-to-month,Yes,Bank transfer (automatic),99.46,3481.95,Yes
CUST-0423,Male,0,No,Yes,56,Yes,Yes,No,No internet service,No internet service,No internet service,No internet service,No internet service,No internet service,Month-to-month,Yes,Bank transfer (automatic),44.94,2516.32,No
CUST-0424,Female,0,Yes,Yes,0,Yes,Yes,No,No internet service,No internet service,No internet service,No internet service,No internet service,No internet service,Month-to-month,Yes,Electronic check,46.6, ,Yes
CUST-0425,Male,0,No,No,71,Yes,Yes,Fiber optic,No,No,Yes,Yes,Yes,Yes,Two year,Yes,Electronic check,138.86,9858.95,No
CUST-0426,Female,1,No,No,2,Yes,No,DSL,Yes,No,No,No,No,No,Two year,No,Credit card (automatic),67.03,127.11,No
CUST-0427,Female,0,No,Yes,13,Yes,Yes,DSL,No,No,Yes,No,Yes,Yes,Two year,Yes,Electronic check,106.02,1372.04,Yes
CUST-0428,Male,1,No,No,33,Yes,No,DSL,No,No,Yes,No,No,Yes,One year,Yes,Credit card (automatic),80.04,2644.44,Yes
CUST-0429,Female,0,No,Yes,69,Yes,Yes,DSL,No,Yes,No,No,No,Yes,Two year,Yes,Credit card (automatic),94.13,6499.85,No
CUST-0430,Male,0,Yes,No,68,Yes,Yes,DSL,No,Yes,No,Yes,Yes,No,Month-to-month,No,Electronic check,101.54,6910.49,No
CUST-0431,Female,0,Yes,Yes,50,Yes,Yes,No,No internet service,No internet service,No internet service,No internet service,No internet service,No internet service,Month-to-month,Yes,Electronic check,47.27,2363.24,Yes
CUST-0432,Male,0,Yes,Yes,28,Yes,Yes,Fiber optic,Yes,No,No,Yes,Yes,Yes,One year,Yes,Electronic check,132.83,3722.25,Yes
CUST-0433,Female,0,Yes,Yes,47,Yes,No,Fiber optic,No,No,Yes,Yes,Yes,No,Two year,No,Electronic check,107.22,5031.57,Yes
CUST-0434,Male,0,No,Yes,15,Yes,No,DSL,No,No,Yes,Yes,Yes,Yes,One year,Yes,Electronic check,103.48,1545.75,No
CUST-0435,Male,0,No,No,56,Yes,No,Fiber optic,No,Yes,No,No,Yes,No,Two year,No,Electronic check,97.72,5470.48,No
CUST-0436,Male,0,No,Yes,9,No,No phone service,Fiber optic,No,Yes,Yes,Yes,No,No,Month-to-month,No,Bank transfer (automatic),93.14,837.72,No
CUST-0437,Male,0,Yes,Yes,18,Yes,Yes,No,No internet service,No internet service,No internet service,No internet service,No internet service,No internet service,Month-to-month,Yes,Credit card (automatic),45.19,811.13,No
CUST-0438,Male,0,Yes,Yes,66,Yes,No,DSL,No,No,No,No,Yes,No,One year,Yes,Electronic check,70.97,4682.43,No
CUST-0439,Female,1,Yes,Yes,35,Yes,No,No,No internet service,No internet service,No internet service,No internet service,No internet service,No internet service,Month-to-month,No,Electronic check,29.34,1020.69,Yes
CUST-0440,Female,0,Yes,Yes,3,Yes,Yes,Fiber optic,No,No,No,No,No,No,Month-to-month,No,Credit card (automatic),90.71,269.15,Yes
CUST-0441,Female,0,No,Yes,32,Yes,No,No,No internet service,No internet service,No internet service,No internet service,No internet service,No internet service,Two year,No,Electronic check,30.58,971.74,No
CUST-0442,Male,0,No,No,27,Yes,Yes,DSL,No,No,No,No,No,Yes,Month-to-month,Yes,Electronic check,88.38,2391.98,No
CUST-0443,Female,0,Yes,No,8,No,No phone service,DSL,No,Yes,No,Yes,No,Yes,Month-to-month,Yes,Electronic check,76.78,608.91,Yes
CUST-0444,Male,0,Yes,No,5,Yes,No,Fiber optic,No,No,No,No,No,Yes,Month-to-month,Yes,Electronic check,93.06,468.68,Yes
CUST-0445,Male,0,No,Yes,48,Yes,No,No,No internet service,No internet service,No internet service,No internet service,No internet service,No internet service,Two year,Yes,Bank transfer (automatic),29.36,1408.97,No
CUST-0446,Female,0,No,No,21,Yes,No,Fiber optic,Yes,Yes,Yes,No,Yes,No,Month-to-month,Yes,Electronic check,119.04,2502.44,Yes
CUST-0447,Female,0,No,Yes,47,Yes,Yes,Fiber optic,No,Yes,No,Yes,No,No,Month-to-month,Yes,Mailed check,106.4,5001.05,No
CUST-0448,Male,0,No,Yes,20,Yes,No,DSL,Yes,Yes,No,No,No,No,One year,No,Mailed check,75.53,1508.17,No
CUST-0449,Female,0,Yes,Yes,32,Yes,No,Fiber optic,Yes,No,No,No,No,No,Month-to-month,Yes,Bank transfer (automatic),90.93,2907.63,Yes
CUST-0450,Male,1,No,No,55,Yes,Yes,Fiber optic,No,No,No,No,No,No,Two year,Yes,Mailed check,96.17,5294.15,Yes
CUST-0451,Male,0,No,No,28,Yes,Yes,Fiber optic,No,No,No,No,Yes,No,One year,Yes,Electronic check,104.99,2935.92,No
CUST-0452,Male,0,No,No,52,Yes,No,DSL,No,No,Yes,Yes,Yes,Yes,Month-to-month,Yes,Mailed check,98.23,5106.51,No
CUST-0453,Male,0,No,No,39,Yes,Yes,DSL,No,Yes,No,No,No,Yes,Month-to-month,No,Credit card (automatic),93.14,3640.87,No
CUST-0454,Male,0,Yes,No,17,Yes,Yes,Fiber optic,Yes,No,No,Yes,Yes,Yes,Month-to-month,No,Electronic check,137.03,2328.01,No
CUST-0455,Female,1,Yes,No,46,Yes,Yes,No,No internet service,No internet service,No internet service,No internet service,No internet service,No internet service,Month-to-month,No,Electronic check,48.67,2238.89,Yes
CUST-0456,Female,0,Yes,Yes,12,Yes,No,Fiber optic,Yes,No,No,No,Yes,No,Month-to-month,No,Credit card (automatic),98.88,1177.93,Yes
CUST-0457,Male,0,Yes,Yes,26,No,No phone service,Fiber optic,No,No,No,No,Yes,Yes,Month-to-month,Yes,Bank transfer (automatic),96.19,2499.68,Yes
CUST-0458,Male,1,Yes,Yes,61,Yes,No,No,No internet service,No internet service,No internet service,No internet service,No internet service,No internet service,One year,Yes,Electronic check,31.23,1904.46,No
CUST-0459,Female,0,Yes,Yes,44,Yes,No,DSL,Yes,No,No,No,No,No,Month-to-month,Yes,Bank transfer (automatic),68.21,2999.81,Yes
CUST-0460,Female,0,No,Yes,2,Yes,Yes,DSL,Yes,No,No,No,No,No,Month-to-month,Yes,Electronic check,81.69,165.63,Yes
CUST-0461,Male,0,No,Yes,21,Yes,No,Fiber optic,No,No,No,No,Yes,No,Two year,No,Mailed check,91.46,1919.99,Yes
CUST-0462,Female,0,No,Yes,26,Yes,Yes,Fiber optic,No,No,Yes,No,Yes,Yes,Month-to-month,Yes,Credit card (automatic),128.67,3341.72,No
CUST-0463,Male,0,No,No,54,Yes,No,Fiber optic,Yes,Yes,No,Yes,Yes,Yes,One year,Yes,Credit card (automatic),126.65,6836.71,No
CUST-0464,Female,1,Yes,No,66,Yes,No,DSL,No,Yes,Yes,No,No,Yes,Two year,Yes,Electronic check,89.67,5920.41,No
CUST-0465,Male,1,No,Yes,32,Yes,Yes,Fiber optic,No,No,No,No,Yes,No,Month-to-month,No,Mailed check,105.74,3377.15,Yes
CUST-0466,Female,0,Yes,Yes,1,Yes,Yes,Fiber optic,Yes,Yes,No,No,Yes,Yes,Two year,Yes,Mailed check,134.06,134.06,No
CUST-0467,Male,0,No,Yes,45,Yes,Yes,Fiber optic,No,Yes,No,No,Yes,No,Month-to-month,Yes,Mailed check,115.13,5181.33,No
CUST-0468,Female,0,No,Yes,32,Yes,No,Fiber optic,Yes,No,Yes,No,No,No,Two year,Yes,Electronic check,93.21,2989.41,No
CUST-0469,Female,1,No,No,57,Yes,No,Fiber optic,No,Yes,No,No,Yes,Yes,One year,No,Credit card (automatic),111.36,6355.24,No
CUST-0470,Male,0,Yes,Yes,6,Yes,Yes,No,No internet service,No internet service,No internet service,No internet service,No internet service,No internet service,One year,Yes,Mailed check,46.8,283.24,Yes
CUST-0471,Female,0,No,Yes,14,Yes,No,No,No internet service,No internet service,No internet service,No internet service,No internet service,No internet service,Two year,Yes,Electronic check,28.3,395.75,No
CUST-0472,Male,0,Yes,No,25,No,No phone service,No,No internet service,No internet service,No internet service,No internet service,No internet service,No internet service,Month-to-month,Yes,Bank transfer (automatic),21.64,547.04,No
CUST-0473,Female,0,Yes,No,10,No,No phone service,No,No internet service,No internet service,No internet service,No internet service,No internet service,No internet service,Month-to-month,Yes,Electronic check,18.35,188.37,No
CUST-0474,Male,0,No,Yes,37,Yes,Yes,DSL,No,Yes,No,No,No,Yes,Two year,No,Electronic check,98.14,3633.12,No
CUST-0475,Female,0,Yes,No,26,Yes,No,No,No internet service,No internet service,No internet service,No internet service,No internet service,No internet service,Month-to-month,Yes,Electronic check,37.36,975.44,No
CUST-0476,Male,0,Yes,Yes,6,Yes,Yes,Fiber optic,Yes,No,No,No,No,No,Month-to-month,No,Electronic check,99.97,597.91,Yes
CUST-0477,Female,0,No,Yes,0,Yes,Yes,Fiber optic,Yes,No,No,Yes,No,Yes,One year,No,Electronic check,120.97, ,No
CUST-0478,Male,0,No,Yes,20,Yes,No,DSL,Yes,No,Yes,Yes,No,No,Month-to-month,Yes,Mailed check,85.62,1705.39,No
CUST-0479,Female,0,No,Yes,29,Yes,Yes,No,No internet service,No internet service,No internet service,No internet service,No internet service,No internet service,Month-to-month,Yes,Mailed check,45.11,1312.36,Yes
CUST-0480,Male,1,No,Yes,7,Yes,No,DSL,Yes,Yes,No,Yes,No,Yes,One year,No,Mailed check,94.38,659.38,Yes
CUST-0481,Male,0,No,Yes,2,Yes,No,DSL,Yes,No,Yes,No,Yes,Yes,Two year,No,Mailed check,98.47,197.18,Yes
CUST-0482,Male,0,No,Yes,54,Yes,No,No,No internet service,No internet service,No internet service,No internet service,No internet service,No internet service,One year,Yes,Bank transfer (automatic),29.27,1581.28,No
CUST-0483,Female,0,Yes,No,14,Yes,Yes,Fiber optic,No,No,No,Yes,Yes,Yes,Month-to-month,Yes,Electronic check,126.28,1772.63,Yes
CUST-0484,Male,0,No,Yes,35,Yes,No,Fiber optic,No,Yes,No,No,No,Yes,One year,No,Bank transfer (automatic),99.1,3465.18,Yes
CUST-0485,Female,0,No,Yes,5,Yes,Yes,Fiber optic,No,No,No,No,Yes,Yes,Month-to-month,Yes,Credit card (automatic),117.51,580.27,Yes
CUST-0486,Male,1,Yes,No,41,Yes,No,DSL,No,Yes,Yes,No,Yes,No,One year,No,Mailed check,84.17,3452.21,No
CUST-0487,Female,0,No,Yes,49,Yes,No,Fiber optic,Yes,Yes,No,Yes,No,Yes,Two year,No,Mailed check,115.96,5688.0,No
CUST-0488,Male,0,Yes,No,17,No,No phone service,DSL,Yes,No,No,No,Yes,Yes,One year,Yes,Bank transfer (automatic),83.2,1407.45,No
CUST-0489,Female,0,No,Yes,49,Yes,No,No,No internet service,No internet service,No internet service,No internet service,No internet service,No internet service,Month-to-month,No,Mailed check,30.19,1480.19,Yes
CUST-0490,Female,1,No,Yes,29,Yes,Yes,Fiber optic,No,No,No,Yes,Yes,No,Month-to-month,No,Electronic check,116.7,3385.72,No
CUST-0491,Male,0,Yes,Yes,38,Yes,No,No,No internet service,No internet service,No internet service,No internet service,No internet service,No internet service,One year,Yes,Bank transfer (automatic),30.51,1168.38,No
CUST-0492,Female,0,No,Yes,11,Yes,No,Fiber optic,No,No,No,No,No,Yes,Month-to-month,Yes,Mailed check,91.49,1009.04,Yes
CUST-0493,Female,0,Yes,Yes,58,No,No phone service,Fiber optic,No,No,Yes,Yes,Yes,No,Two year,No,Credit card (automatic),98.08,5683.16,No
CUST-0494,Male,0,No,Yes,43,Yes,No,Fiber optic,Yes,No,No,Yes,Yes,Yes,Month-to-month,No,Electronic check,119.37,5135.02,No
CUST-0495,Female,0,No,Yes,3,Yes,No,Fiber optic,No,No,No,No,No,No,One year,Yes,Mailed check,78.49,236.13,No
CUST-0496,Female,1,Yes,Yes,35,Yes,No,DSL,No,Yes,Yes,Yes,Yes,No,Two year,No,Bank transfer (automatic),92.13,3226.27,No
CUST-0497,Female,0,No,Yes,47,Yes,No,No,No internet service,No internet service,No internet service,No internet service,No internet service,No internet service,Two year,Yes,Bank transfer (automatic),30.95,1446.27,No
CUST-0498,Male,0,No,Yes,13,No,No phone service,Fiber optic,No,No,No,Yes,Yes,Yes,One year,Yes,Electronic check,101.03,1307.51,No
CUST-0499,Female,0,Yes,Yes,48,Yes,No,Fiber optic,No,Yes,No,No,No,Yes,Month-to-month,No,Electronic check,96.69,4635.91,Yes
CUST-0500,Male,1,No,Yes,66,Yes,No,DSL,Yes,No,No,No,No,Yes,Month-to-month,No,Electronic check,80.62,5330.11,Yes
CUST-0501,Female,0,Yes,Yes,8,Yes,No,DSL,Yes,Yes,No,No,Yes,Yes,Month-to-month,No,Bank transfer (automatic),94.88,759.28,Yes
CUST-0502,Female,0,No,Yes,20,Yes,Yes,Fiber optic,No,Yes,No,Yes,No,Yes,Month-to-month,No,Bank transfer (automatic),122.88,2452.96,Yes
CUST-0503,Female,0,Yes,No,71,Yes,No,No,No internet service,No internet service,No internet service,No internet service,No internet service,No internet service,One year,Yes,Electronic check,31.51,2238.48,No
CUST-0504,Male,0,No,Yes,15,Yes,No,Fiber optic,No,No,No,No,No,Yes,Two year,Yes,Credit card (automatic),93.58,1404.78,No
CUST-0505,Female,0,Yes,No,15,Yes,Yes,DSL,No,Yes,No,No,Yes,No,Month-to-month,Yes,Mailed check,91.49,1374.54,Yes
CUST-0506,Female,0,Yes,Yes,27,Yes,Yes,DSL,Yes,Yes,Yes,No,No,Yes,Month-to-month,Yes,Electronic check,110.42,2975.85,Yes
CUST-0507,Male,1,No,Yes,50,Yes,Yes,No,No internet service,No internet service,No internet service,No internet service,No internet service,No internet service,One year,No,Electronic check,44.97,2249.72,No
CUST-0508,Female,0,No,Yes,55,Yes,No,Fiber optic,No,Yes,No,No,Yes,Yes,Two year,Yes,Electronic check,111.4,6124.94,Yes
CUST-0509,Male,0,Yes,No,56,Yes,Yes,No,No internet service,No internet service,No internet service,No internet service,No internet service,No internet service,Two year,No,Bank transfer (automatic),48.39,2706.19,No
CUST-0510,Male,0,No,Yes,51,Yes,Yes,DSL,No,No,Yes,No,No,No,Two year,Yes,Mailed check,85.97,4390.8,No
CUST-0511,Female,0,Yes,Yes,45,Yes,Yes,No,No internet service,No internet service,No internet service,No internet service,No internet service,No internet service,Month-to-month,Yes,Credit card (automatic),44.81,2023.21,No
CUST-0512,Male,0,No,Yes,37,Yes,Yes,No,No internet service,No internet service,No internet service,No internet service,No internet service,No internet service,Month-to-month,Yes,Electronic check,47.19,1747.38,Yes
CUST-0513,Female,0,No,Yes,47,Yes,No,No,No internet service,No internet service,No internet service,No internet service,No internet service,No internet service,Month-to-month,No,Electronic check,28.7,1346.25,No
CUST-0514,Male,0,Yes,Yes,40,No,No phone service,DSL,No,Yes,Yes,No,No,No,One year,No,Electronic check,66.77,2671.35,No
CUST-0515,Male,0,Yes,Yes,58,Yes,No,Fiber optic,No,No,Yes,No,Yes,Yes,One year,Yes,Electronic check,111.36,6441.44,No
CUST-0516,Female,0,No,Yes,66,Yes,Yes,Fiber optic,Yes,No,No,No,Yes,Yes,Two year,Yes,Electronic check,130.08,8592.78,No
CUST-0517,Male,0,No,Yes,65,Yes,No,Fiber optic,Yes,No,No,Yes,Yes,Yes,Month-to-month,No,Mailed check,121.75,7921.67,No
CUST-0518,Male,0,No,Yes,26,Yes,Yes,Fiber optic,No,No,No,Yes,Yes,No,Two year,No,Mailed check,116.01,3023.98,No
CUST-0519,Male,0,No,No,31,Yes,No,Fiber optic,Yes,No,No,No,No,No,Month-to-month,No,Bank transfer (automatic),89.62,2773.98,No
CUST-0520,Male,0,No,No,55,No,No phone service,No,No internet service,No internet service,No internet service,No internet service,No internet service,No internet service,Month-to-month,Yes,Electronic check,18.0,989.9,Yes
CUST-0521,Male,0,Yes,Yes,9,Yes,Yes,Fiber optic,No,Yes,No,Yes,Yes,Yes,Month-to-month,Yes,Mailed check,133.64,1209.13,Yes
CUST-0522,Female,0,No,Yes,39,Yes,No,Fiber optic,Yes,No,No,No,No,No,Month-to-month,Yes,Bank transfer (automatic),87.2,3393.62,Yes
CUST-0523,Male,0,No,No,16,Yes,No,Fiber optic,No,Yes,No,No,No,No,Two year,Yes,Electronic check,90.17,1443.83,No
CUST-0524,Female,0,Yes,Yes,57,Yes,Yes,Fiber optic,Yes,No,Yes,No,No,No,Month-to-month,Yes,Mailed check,110.72,6308.72,Yes
CUST-0525,Male,0,Yes,Yes,5,Yes,No,Fiber optic,No,Yes,Yes,No,Yes,No,Month-to-month,No,Electronic check,107.59,527.23,Yes
CUST-0526,Female,0,Yes,No,38,Yes,No,Fiber optic,No,No,Yes,No,No,Yes,Two year,Yes,Electronic check,98.73,3754.41,Yes
CUST-0527,Female,1,No,Yes,17,Yes,No,No,No internet service,No internet service,No internet service,No internet service,No internet service,No internet service,Month-to-month,No,Bank transfer (automatic),29.59,504.03,No
CUST-0528,Male,0,Yes,Yes,72,Yes,Yes,DSL,Yes,Yes,No,Yes,Yes,Yes,Month-to-month,Yes,Electronic check,120.12,8649.09,Yes
CUST-0529,Male,0,Yes,No,71,Yes,Yes,No,No internet service,No internet service,No internet service,No internet service,No internet service,No internet service,Month-to-month,Yes,Mailed check,46.98,3329.97,Yes
CUST-0530,Male,0,Yes,Yes,41,Yes,Yes,No,No internet service,No internet service,No internet service,No internet service,No internet service,No internet service,Month-to-month,Yes,Electronic check,45.75,1881.54,Yes
CUST-0531,Female,0,Yes,No,3,Yes,No,Fiber optic,Yes,Yes,No,No,Yes,Yes,Month-to-month,Yes,Electronic check,120.11,362.3,Yes
CUST-0532,Male,0,No,No,19,Yes,No,No,No internet service,No internet service,No internet service,No internet service,No internet service,No internet service,Month-to-month,Yes,Bank transfer (automatic),29.23,557.6,No
CUST-0533,Female,0,No,No,27,No,No phone service,Fiber optic,Yes,No,No,Yes,Yes,No,Two year,Yes,Bank transfer (automatic),96.43,2608.37,No
CUST-0534,Female,0,No,Yes,39,Yes,No,DSL,No,No,Yes,Yes,Yes,No,One year,Yes,Mailed check,88.81,3466.52,No
CUST-0535,Female,0,Yes,Yes,64,Yes,No,Fiber optic,Yes,No,No,No,Yes,Yes,One year,No,Bank transfer (automatic),109.78,7022.72,No
CUST-0536,Male,0,Yes,Yes,43,Yes,No,No,No internet service,No internet service,No internet service,No internet service,No internet service,No internet service,Month-to-month,No,Credit card (automatic),28.47,1226.75,No
CUST-0537,Male,0,Yes,Yes,22,Yes,Yes,No,No internet service,No internet service,No internet service,No internet service,No internet service,No internet service,Two year,Yes,Bank transfer (automatic),45.37,998.57,No
CUST-0538,Female,1,Yes,Yes,56,Yes,No,Fiber optic,No,Yes,No,Yes,Yes,Yes,Two year,Yes,Credit card (automatic),119.2,6675.54,No
CUST-0539,Female,0,Yes,Yes,46,No,No phone service,DSL,Yes,No,Yes,No,Yes,No,Month-to-month,No,Electronic check,72.53,3339.39,No
CUST-0540,Male,0,Yes,Yes,12,Yes,No,DSL,No,No,Yes,No,No,Yes,Two year,No,Credit card (automatic),80.85,965.14,No
CUST-0541,Female,0,No,Yes,15,Yes,No,Fiber optic,Yes,No,Yes,No,No,No,One year,Yes,Mailed check,95.48,1419.52,Yes
CUST-0542,Male,1,No,Yes,54,Yes,No,Fiber optic,Yes,No,No,No,Yes,Yes,Two year,Yes,Credit card (automatic),109.25,5897.81,Yes
CUST-0543,Female,0,Yes,No,64,Yes,No,Fiber optic,No,Yes,Yes,No,No,Yes,Two year,Yes,Bank transfer (automatic),107.46,6869.24,No
CUST-0544,Male,0,No,No,15,Yes,No,No,No internet service,No internet service,No internet service,No internet service,No internet service,No internet service,Month-to-month,No,Electronic check,31.5,470.57,No
CUST-0545,Female,0,Yes,No,36,No,No phone service,Fiber optic,Yes,Yes,Yes,No,Yes,No,One year,No,Credit card (automatic),107.57,3864.09,No
CUST-0546,Male,0,Yes,Yes,51,Yes,No,DSL,No,Yes,Yes,Yes,No,Yes,Two year,No,Electronic check,96.03,4897.89,No
CUST-0547,Female,0,No,No,9,Yes,Yes,Fiber optic,Yes,No,Yes,No,No,Yes,Two year,Yes,Mailed check,122.69,1103.66,No
CUST-0548,Male,0,Yes,No,37,Yes,No,No,No internet service,No internet service,No internet service,No internet service,No internet service,No internet service,One year,No,Electronic check,30.13,1114.41,No
CUST-0549,Male,0,No,Yes,43,Yes,Yes,Fiber optic,Yes,Yes,Yes,No,No,No,One year,Yes,Bank transfer (automatic),119.36,5135.32,No
CUST-0550,Female,0,Yes,Yes,53,Yes,No,DSL,No,No,No,Yes,No,No,Two year,No,Mailed check,69.19,3672.68,No
CUST-0551,Female,0,Yes,Yes,50,No,No phone service,Fiber optic,No,No,No,Yes,Yes,Yes,Two year,Yes,Credit card (automatic),103.29,5161.54,No
CUST-0552,Male,0,No,Yes,51,Yes,Yes,No,No internet service,No internet service,No internet service,No internet service,No internet service,No internet service,Two year,No,Electronic check,47.35,2415.94,No
CUST-0553,Female,0,Yes,Yes,69,Yes,No,DSL,No,No,Yes,No,No,Yes,Month-to-month,Yes,Mailed check,83.74,5779.2,No
CUST-0554,Male,0,Yes,Yes,58,Yes,Yes,Fiber optic,No,Yes,No,No,No,Yes,Two year,Yes,Mailed check,120.36,6973.53,No
CUST-0555,Female,0,Yes,No,12,Yes,No,Fiber optic,No,No,No,No,No,No,Month-to-month,Yes,Bank transfer (automatic),79.9,963.27,Yes
CUST-0556,Male,1,No,Yes,40,Yes,No,DSL,Yes,No,No,No,Yes,Yes,One year,Yes,Mailed check,91.07,3638.22,No
CUST-0557,Male,0,Yes,Yes,11,Yes,Yes,Fiber optic,Yes,No,No,Yes,No,No,Month-to-month,No,Mailed check,111.48,1222.51,Yes
CUST-0558,Male,0,Yes,No,49,Yes,Yes,DSL,No,No,No,No,Yes,No,Two year,Yes,Credit card (automatic),87.24,4273.16,Yes
CUST-0559,Male,0,Yes,Yes,56,Yes,No,Fiber optic,No,Yes,No,Yes,Yes,No,Month-to-month,Yes,Mailed check,107.99,6042.18,Yes
CUST-0560,Male,1,No,No,49,Yes,No,Fiber optic,No,Yes,No,No,No,Yes,Month-to-month,Yes,Mailed check,99.34,4863.42,No
CUST-0561,Male,0,No,Yes,56,Yes,No,Fiber optic,Yes,No,No,No,No,No,One year,Yes,Mailed check,90.07,5046.31,No
CUST-0562,Female,0,No,No,53,Yes,Yes,No,No internet service,No internet service,No internet service,No internet service,No internet service,No internet service,One year,Yes,Electronic check,47.48,2510.49,No
CUST-0563,Female,0,No,Yes,65,Yes,Yes,DSL,No,Yes,No,Yes,No,Yes,Two year,Yes,Mailed check,104.27,6782.15,No
CUST-0564,Female,0,No,Yes,7,Yes,No,No,No internet service,No internet service,No internet service,No internet service,No internet service,No internet service,Two year,Yes,Electronic check,30.93,211.76,No
CUST-0565,Male,0,Yes,Yes,62,Yes,No,DSL,Yes,No,No,No,Yes,No,Two year,No,Bank transfer (automatic),79.43,4928.58,No
CUST-0566,Male,0,No,No,8,Yes,No,Fiber optic,No,Yes,No,No,No,No,Two year,Yes,Bank transfer (automatic),89.45,717.71,Yes
CUST-0567,Male,0,No,No,59,Yes,No,Fiber optic,No,No,No,Yes,No,No,One year,Yes,Bank transfer (automatic),88.77,5232.15,Yes
CUST-0568,Male,1,Yes,Yes,62,No,No phone service,Fiber optic,Yes,No,No,Yes,Yes,No,Month-to-month,No,Mailed check,99.59,6169.76,Yes
CUST-0569,Female,0,No,No,71,Yes,No,DSL,Yes,Yes,Yes,Yes,Yes,Yes,Month-to-month,Yes,Electronic check,116.37,8265.1,No
CUST-0570,Female,0,Yes,Yes,2,Yes,Yes,DSL,Yes,No,Yes,No,Yes,Yes,Month-to-month,No,Mailed check,114.6,234.41,Yes
CUST-0571,Male,0,No,Yes,72,Yes,Yes,Fiber optic,No,No,Yes,No,No,Yes,One year,No,Mailed check,115.39,8308.24,Yes
CUST-0572,Female,0,Yes,No,12,Yes,No,DSL,No,Yes,No,Yes,Yes,Yes,Month-to-month,Yes,Electronic check,102.87,1240.09,Yes
CUST-0573,Female,0,Yes,Yes,8,Yes,Yes,No,No internet service,No internet service,No internet service,No internet service,No internet service,No internet service,Two year,Yes,Mailed check,43.18,351.38,No
CUST-0574,Male,0,No,Yes,51,No,No phone service,DSL,Yes,No,No,No,Yes,Yes,Month-to-month,Yes,Mailed check,82.65,4210.77,No
CUST-0575,Female,0,No,No,61,Yes,No,Fiber optic,Yes,No,No,No,No,Yes,Two year,Yes,Mailed check,98.88,6038.21,No
CUST-0576,Male,1,Yes,No,7,Yes,Yes,Fiber optic,Yes,Yes,Yes,No,No,No,One year,Yes,Electronic check,118.9,835.63,Yes
CUST-0577,Female,1,Yes,No,44,Yes,Yes,Fiber optic,No,No,No,Yes,Yes,No,Two year,No,Mailed check,112.23,4933.93,No
CUST-0578,Male,0,Yes,No,52,No,No phone service,No,No internet service,No internet service,No internet service,No internet service,No internet service,No internet service,Month-to-month,No,Credit card (automatic),24.43,1267.41,Yes
CUST-0579,Male,0,Yes,Yes,62,Yes,No,Fiber optic,No,No,No,No,Yes,No,Month-to-month,Yes,Bank transfer (automatic),91.66,5688.57,No
CUST-0580,Male,1,Yes,No,56,Yes,No,DSL,Yes,Yes,No,Yes,No,No,Month-to-month,Yes,Bank transfer (automatic),82.41,4622.48,Yes
CUST-0581,Male,0,Yes,Yes,53,Yes,No,No,No internet service,No internet service,No internet service,No internet service,No internet service,No internet service,Month-to-month,Yes,Bank transfer (automatic),33.26,1761.89,No
CUST-0582,Female,1,Yes,No,18,Yes,Yes,DSL,No,Yes,No,No,No,Yes,Two year,Yes,Credit card (automatic),94.15,1706.48,Yes
CUST-0583,Male,0,No,Yes,66,Yes,No,Fiber optic,No,No,No,No,Yes,No,Two year,Yes,Mailed check,92.28,6098.23,Yes
CUST-0584,Male,0,Yes,Yes,45,Yes,Yes,No,No internet service,No internet service,No internet service,No internet service,No internet service,No internet service,Month-to-month,Yes,Mailed check,43.89,1978.56,No
CUST-0585,Male,0,No,Yes,9,No,No phone service,DSL,Yes,Yes,No,No,Yes,No,Two year,No,Credit card (automatic),74.44,672.92,No
CUST-0586,Female,0,No,Yes,17,No,No phone service,Fiber optic,No,Yes,No,Yes,Yes,No,Two year,No,Bank transfer (automatic),98.2,1672.45,No
CUST-0587,Male,0,Yes,Yes,11,Yes,No,DSL,No,Yes,No,No,Yes,No,One year,Yes,Mailed check,80.82,881.36,Yes
CUST-0588,Female,0,Yes,No,48,Yes,No,No,No internet service,No internet service,No internet service,No internet service,No internet service,No internet service,Month-to-month,No,Electronic check,33.2,1590.7,Yes
CUST-0589,Male,0,No,No,22,Yes,No,Fiber optic,Yes,No,No,No,Yes,Yes,One year,No,Mailed check,113.26,2491.58,No
CUST-0590,Female,0,Yes,Yes,61,Yes,No,DSL,No,No,No,No,No,Yes,One year,No,Electronic check,72.06,4393.9,No
CUST-0591,Female,0,Yes,No,10,Yes,Yes,Fiber optic,Yes,Yes,No,Yes,Yes,Yes,Two year,Yes,Bank transfer (automatic),141.94,1422.71,No
CUST-0592,Male,1,No,Yes,72,Yes,Yes,Fiber optic,Yes,No,No,No,No,No,Month-to-month,Yes,Mailed check,104.13,7498.31,Yes
CUST-0593,Female,0,No,Yes,55,Yes,No,Fiber optic,Yes,Yes,Yes,No,Yes,No,Two year,Yes,Mailed check,119.17,6557.35,No
CUST-0594,Male,0,No,Yes,54,Yes,No,DSL,No,Yes,No,No,Yes,No,One year,No,Credit card (automatic),77.82,4201.39,No
CUST-0595,Male,0,Yes,No,24,Yes,No,Fiber optic,No,Yes,Yes,No,Yes,No,Two year,No,Mailed check,103.69,2495.28,No
CUST-0596,Male,0,Yes,No,8,No,No phone service,Fiber optic,No,No,No,Yes,No,Yes,Month-to-month,Yes,Mailed check,93.11,746.08,Yes
CUST-0597,Female,1,No,Yes,11,Yes,Yes,Fiber optic,No,Yes,Yes,Yes,Yes,Yes,Month-to-month,No,Mailed check,140.88,1548.68,Yes
CUST-0598,Female,0,Yes,Yes,10,Yes,No,DSL,Yes,Yes,No,No,No,Yes,Two year,Yes,Electronic check,84.71,850.6,No
CUST-0599,Male,0,No,Yes,37,Yes,Yes,No,No internet service,No internet service,No internet service,No internet service,No internet service,No internet service,One year,No,Electronic check,44.89,1664.82,No
CUST-0600,Male,0,Yes,Yes,27,Yes,No,DSL,No,No,No,No,Yes,No,Month-to-month,No,Mailed check,70.48,1903.52,Yes
CUST-0601,Female,0,No,Yes,7,Yes,Yes,Fiber optic,Yes,Yes,No,Yes,No,No,Month-to-month,No,Electronic check,115.56,801.51,No
CUST-0602,Male,0,Yes,Yes,46,Yes,Yes,Fiber optic,No,Yes,Yes,Yes,Yes,No,Month-to-month,Yes,Credit card (automatic),131.36,6047.55,Yes
CUST-0603,Male,1,No,Yes,35,Yes,No,Fiber optic,No,Yes,Yes,No,Yes,No,Two year,Yes,Credit card (automatic),108.08,3774.94,No
CUST-0604,Male,0,Yes,No,49,Yes,Yes,Fiber optic,No,No,No,Yes,Yes,No,Month-to-month,Yes,Electronic check,116.1,5682.35,Yes
CUST-0605,Female,0,Yes,Yes,8,Yes,Yes,Fiber optic,Yes,Yes,Yes,No,Yes,No,Two year,Yes,Mailed check,132.83,1063.3,No
CUST-0606,Female,0,No,Yes,59,No,No phone service,Fiber optic,No,Yes,No,No,No,Yes,Month-to-month,No,Electronic check,90.38,5330.38,Yes
CUST-0607,Female,0,Yes,Yes,71,Yes,Yes,Fiber optic,No,No,Yes,No,No,Yes,Month-to-month,No,Electronic check,116.64,8281.99,Yes
CUST-0608,Male,0,Yes,No,66,Yes,No,No,No internet service,No internet service,No internet service,No internet service,No internet service,No internet service,One year,No,Bank transfer (automatic),27.24,1805.32,No
CUST-0609,Male,0,No,No,52,No,No phone service,Fiber optic,No,Yes,No,No,Yes,No,Two year,Yes,Electronic check,85.78,4462.83,No
CUST-0610,Male,0,Yes,No,16,Yes,No,DSL,Yes,No,No,Yes,No,Yes,Two year,Yes,Bank transfer (automatic),86.33,1377.73,Yes
CUST-0611,Female,0,Yes,Yes,52,Yes,Yes,DSL,No,No,Yes,Yes,No,Yes,Month-to-month,Yes,Mailed check,102.49,5333.97,No
CUST-0612,Male,0,Yes,No,27,Yes,Yes,DSL,No,Yes,No,No,No,Yes,One year,No,Mailed check,94.87,2554.73,No
CUST-0613,Male,0,No,Yes,62,Yes,Yes,No,No internet service,No internet service,No internet service,No internet service,No internet service,No internet service,Month-to-month,Yes,Electronic check,45.66,2827.98,No
CUST-0614,Male,0,No,Yes,14,Yes,Yes,No,No internet service,No internet service,No internet service,No internet service,No internet service,No internet service,One year,Yes,Mailed check,47.47,664.55,No
CUST-0615,Male,0,No,Yes,18,Yes,No,DSL,No,No,Yes,No,No,Yes,Month-to-month,Yes,Electronic check,80.8,1451.65,Yes
CUST-0616,Female,1,No,Yes,69,Yes,Yes,Fiber optic,No,No,Yes,No,No,No,Two year,Yes,Electronic check,103.26,7128.58,No
CUST-0617,Female,0,No,No,46,Yes,No,DSL,No,No,No,No,Yes,Yes,One year,No,Electronic check,82.52,3796.3,Yes
CUST-0618,Male,0,Yes,No,70,Yes,Yes,No,No internet service,No internet service,No internet service,No internet service,No internet service,No internet service,One year,Yes,Credit card (automatic),47.17,3303.56,No
CUST-0619,Female,0,Yes,Yes,47,Yes,No,DSL,Yes,Yes,No,No,Yes,Yes,Month-to-month,No,Electronic check,100.65,4731.36,No
CUST-0620,Female,0,No,Yes,72,Yes,No,Fiber optic,No,No,Yes,No,Yes,Yes,Month-to-month,Yes,Credit card (automatic),110.49,7960.13,Yes
CUST-0621,Male,0,Yes,Yes,19,Yes,No,DSL,No,No,No,No,No,Yes,Two year,Yes,Electronic check,69.44,1314.59,No
CUST-0622,Male,0,Yes,Yes,36,Yes,Yes,Fiber optic,No,Yes,No,No,Yes,No,Month-to-month,Yes,Bank transfer (automatic),116.95,4202.17,Yes
CUST-0623,Female,0,Yes,Yes,1,Yes,Yes,DSL,Yes,No,No,No,No,Yes,Month-to-month,No,Credit card (automatic),96.01,99.89,Yes
CUST-0624,Male,0,Yes,No,63,Yes,Yes,Fiber optic,No,No,Yes,Yes,No,Yes,Month-to-month,Yes,Bank transfer (automatic),125.34,7893.01,Yes
CUST-0625,Female,0,No,No,35,Yes,No,Fiber optic,No,No,No,No,Yes,Yes,Two year,Yes,Electronic check,102.06,3567.39,Yes
CUST-0626,Male,0,No,Yes,4,Yes,No,Fiber optic,No,No,Yes,No,No,No,Two year,No,Electronic check,83.17,333.56,Yes
CUST-0627,Female,0,Yes,No,63,Yes,Yes,DSL,Yes,No,No,No,Yes,Yes,Month-to-month,Yes,Credit card (automatic),107.5,6773.82,No
CUST-0628,Male,0,Yes,Yes,6,Yes,No,Fiber optic,Yes,No,Yes,Yes,No,Yes,Two year,Yes,Mailed check,112.76,682.23,No
CUST-0629,Female,1,No,Yes,69,No,No phone service,No,No internet service,No internet service,No internet service,No internet service,No internet service,No internet service,Month-to-month,Yes,Mailed check,21.39,1476.6,No
CUST-0630,Female,0,Yes,Yes,21,Yes,Yes,Fiber optic,No,Yes,No,No,Yes,No,Month-to-month,Yes,Electronic check,115.01,2415.53,Yes
CUST-0631,Female,0,Yes,Yes,45,No,No phone service,Fiber optic,No,Yes,Yes,No,Yes,No,Month-to-month,Yes,Mailed check,101.07,4544.93,Yes
CUST-0632,Male,0,Yes,No,39,Yes,Yes,Fiber optic,Yes,Yes,No,No,Yes,No,One year,Yes,Mailed check,123.1,4808.59,No
CUST-0633,Female,1,No,Yes,60,Yes,No,Fiber optic,No,Yes,Yes,Yes,Yes,No,One year,No,Bank transfer (automatic),113.34,6806.2,No
CUST-0634,Female,0,No,Yes,45,Yes,Yes,Fiber optic,No,Yes,Yes,Yes,No,Yes,Month-to-month,No,Electronic check,132.11,5936.32,Yes
CUST-0635,Male,0,Yes,Yes,27,Yes,Yes,DSL,No,No,No,Yes,Yes,Yes,Month-to-month,Yes,Bank transfer (automatic),107.19,2901.29,Yes
CUST-0636,Male,0,Yes,No,34,Yes,Yes,Fiber optic,No,Yes,Yes,No,Yes,Yes,Month-to-month,Yes,Bank transfer (automatic),134.59,4573.24,Yes
CUST-0637,Female,0,Yes,Yes,0,Yes,Yes,DSL,No,No,Yes,No,No,Yes,Two year,Yes,Mailed check,95.6, ,No
CUST-0638,Female,0,Yes,No,28,Yes,Yes,DSL,No,Yes,Yes,Yes,No,No,Two year,No,Mailed check,99.49,2791.19,No
CUST-0639,Male,0,Yes,No,8,Yes,No,DSL,No,Yes,Yes,No,No,Yes,One year,Yes,Electronic check,86.69,695.59,Yes
CUST-0640,Male,0,Yes,Yes,8,Yes,No,DSL,No,No,Yes,No,No,Yes,Month-to-month,No,Mailed check,83.65,674.16,Yes
CUST-0641,Male,0,No,Yes,21,Yes,No,Fiber optic,Yes,No,Yes,Yes,No,Yes,Month-to-month,No,Mailed check,119.23,2508.43,No
CUST-0642,Male,1,No,No,62,Yes,No,Fiber optic,No,No,No,Yes,No,Yes,Month-to-month,Yes,Mailed check,99.91,6196.77,No
CUST-0643,Male,0,Yes,Yes,65,Yes,No,Fiber optic,Yes,No,Yes,No,No,No,One year,No,Electronic check,95.62,6218.9,No
CUST-0644,Female,0,No,No,57,Yes,No,No,No internet service,No internet service,No internet service,No internet service,No internet service,No internet service,One year,Yes,Credit card (automatic),27.41,1558.26,No
CUST-0645,Male,0,Yes,Yes,69,Yes,Yes,DSL,No,No,Yes,No,No,No,Month-to-month,Yes,Electronic check,84.25,5829.03,Yes
CUST-0646,Female,0,Yes,Yes,54,Yes,Yes,DSL,No,No,No,No,Yes,No,One year,Yes,Bank transfer (automatic),84.42,4555.21,Yes
CUST-0647,Female,1,No,No,12,Yes,No,No,No internet service,No internet service,No internet service,No internet service,No internet service,No internet service,Month-to-month,Yes,Credit card (automatic),29.57,356.91,Yes
CUST-0648,Female,0,No,No,18,Yes,No,Fiber optic,No,No,Yes,Yes,Yes,No,Two year,No,Bank transfer (automatic),109.35,1968.8,Yes
CUST-0649,Male,0,Yes,No,32,Yes,No,No,No internet service,No internet service,No internet service,No internet service,No internet service,No internet service,Two year,Yes,Mailed check,35.6,1141.24,No
CUST-0650,Female,0,Yes,Yes,64,Yes,No,Fiber optic,No,No,No,No,No,No,Two year,Yes,Electronic check,80.03,5116.71,No
CUST-0651,Female,0,No,No,59,No,No phone service,Fiber optic,No,No,No,No,No,No,Month-to-month,Yes,Credit card (automatic),71.97,4246.36,Yes
CUST-0652,Male,0,No,No,11,Yes,No,DSL,No,No,No,No,No,Yes,Month-to-month,Yes,Mailed check,69.76,763.31,Yes
CUST-0653,Female,0,Yes,No,42,Yes,Yes,No,No internet service,No internet service,No internet service,No internet service,No internet service,No internet service,Month-to-month,Yes,Mailed check,43.8,1831.29,Yes
CUST-0654,Female,0,Yes,Yes,16,Yes,Yes,DSL,Yes,Yes,No,No,No,Yes,Month-to-month,No,Mailed check,101.89,1628.1,Yes
CUST-0655,Male,0,Yes,Yes,67,Yes,Yes,Fiber optic,Yes,Yes,No,No,No,Yes,Month-to-month,No,Mailed check,122.8,8236.6,Yes
CUST-0656,Female,0,No,No,28,Yes,No,Fiber optic,No,No,No,Yes,No,Yes,Two year,Yes,Credit card (automatic),97.1,2716.1,Yes
CUST-0657,Female,1,Yes,Yes,54,Yes,No,Fiber optic,No,No,No,Yes,Yes,No,Month-to-month,Yes,Credit card (automatic),99.16,5356.84,Yes
CUST-0658,Female,0,No,Yes,6,Yes,No,No,No internet service,No internet service,No internet service,No internet service,No internet service,No internet service,Month-to-month,No,Electronic check,26.86,163.8,No
CUST-0659,Male,0,Yes,Yes,43,Yes,Yes,DSL,No,No,No,No,Yes,Yes,Two year,Yes,Mailed check,101.21,4356.49,No
CUST-0660,Male,0,No,Yes,4,Yes,Yes,Fiber optic,No,Yes,Yes,No,Yes,Yes,Month-to-month,No,Mailed check,134.18,537.67,Yes
CUST-0661,Male,0,No,Yes,59,Yes,No,Fiber optic,No,No,Yes,Yes,Yes,No,Two year,No,Credit card (automatic),106.6,6293.73,No
CUST-0662,Female,0,No,Yes,5,No,No phone service,DSL,No,No,No,No,No,Yes,Month-to-month,Yes,Electronic check,59.97,302.33,Yes
CUST-0663,Female,0,No,No,6,Yes,Yes,Fiber optic,No,Yes,No,No,No,No,Month-to-month,No,Bank transfer (automatic),102.18,621.08,No
CUST-0664,Male,0,Yes,Yes,45,Yes,No,Fiber optic,No,Yes,No,No,No,No,One year,Yes,Bank transfer (automatic),88.68,3986.5,No
CUST-0665,Female,0,No,Yes,56,Yes,No,Fiber optic,No,Yes,Yes,Yes,Yes,Yes,Month-to-month,Yes,Bank transfer (automatic),126.33,7079.42,No
CUST-0666,Female,0,No,Yes,53,No,No phone service,No,No internet service,No internet service,No internet service,No internet service,No internet service,No internet service,Two year,Yes,Electronic check,20.35,1080.34,No
CUST-0667,Male,1,No,Yes,45,No,No phone service,Fiber optic,No,Yes,No,Yes,No,Yes,Month-to-month,Yes,Bank transfer (automatic),99.07,4455.64,Yes
CUST-0668,Male,0,Yes,Yes,9,Yes,Yes,No,No internet service,No internet service,No internet service,No internet service,No internet service,No internet service,Month-to-month,Yes,Electronic check,44.79,403.03,Yes
CUST-0669,Female,0,Yes,No,3,Yes,No,No,No internet service,No internet service,No internet service,No internet service,No internet service,No internet service,Two year,Yes,Bank transfer (automatic),27.64,91.83,No
CUST-0670,Female,0,Yes,Yes,66,Yes,Yes,Fiber optic,No,No,No,No,No,No,Two year,No,Bank transfer (automatic),96.15,6345.59,No
CUST-0671,Female,0,Yes,No,24,Yes,No,No,No internet service,No internet service,No internet service,No internet service,No internet service,No internet service,Month-to-month,Yes,Bank transfer (automatic),31.09,750.89,No
CUST-0672,Male,0,Yes,Yes,60,Yes,No,DSL,No,No,No,No,No,No,Month-to-month,Yes,Mailed check,62.18,3732.24,Yes
CUST-0673,Male,0,Yes,Yes,37,Yes,No,No,No internet service,No internet service,No internet service,No internet service,No internet service,No internet service,Month-to-month,Yes,Mailed check,30.63,1140.19,Yes
CUST-0674,Male,0,No,Yes,31,No,No phone service,Fiber optic,No,Yes,Yes,Yes,No,Yes,Month-to-month,Yes,Electronic check,104.24,3230.79,Yes
CUST-0675,Male,0,No,Yes,22,Yes,No,No,No internet service,No internet service,No internet service,No internet service,No internet service,No internet service,Two year,Yes,Electronic check,30.13,668.15,No
CUST-0676,Female,0,No,No,36,Yes,No,Fiber optic,No,No,Yes,Yes,Yes,No,Two year,Yes,Electronic check,108.2,3893.69,No
CUST-0677,Male,0,Yes,No,2,Yes,Yes,No,No internet service,No internet service,No internet service,No internet service,No internet service,No internet service,One year,No,Mailed check,42.02,85.3,Yes
CUST-0678,Male,1,No,Yes,12,Yes,No,No,No internet service,No internet service,No internet service,No internet service,No internet service,No internet service,Two year,No,Electronic check,26.12,307.61,No
CUST-0679,Male,0,No,Yes,33,Yes,No,Fiber optic,No,No,No,Yes,No,No,Month-to-month,Yes,Electronic check,89.21,2939.15,Yes
CUST-0680,Male,0,Yes,Yes,64,Yes,Yes,Fiber optic,No,No,Yes,No,No,No,Month-to-month,Yes,Electronic check,102.51,6560.88,No
CUST-0681,Male,0,No,Yes,7,Yes,Yes,No,No internet service,No internet service,No internet service,No internet service,No internet service,No internet service,Month-to-month,Yes,Mailed check,43.8,306.13,No
CUST-0682,Female,0,Yes,No,8,Yes,Yes,DSL,No,Yes,No,No,No,Yes,Two year,Yes,Mailed check,96.61,764.86,No
CUST-0683,Female,0,No,Yes,27,Yes,Yes,DSL,No,Yes,No,Yes,No,No,Two year,Yes,Bank transfer (automatic),93.29,2520.15,Yes
CUST-0684,Male,0,Yes,No,17,Yes,Yes,Fiber optic,No,No,No,No,No,Yes,Month-to-month,No,Mailed check,105.28,1790.64,Yes
CUST-0685,Female,0,Yes,Yes,41,Yes,No,Fiber optic,No,Yes,No,Yes,No,No,Two year,Yes,Bank transfer (automatic),99.78,4086.47,No
CUST-0686,Male,0,Yes,Yes,40,Yes,Yes,DSL,No,No,No,Yes,Yes,Yes,Two year,No,Credit card (automatic),104.39,4180.73,No
CUST-0687,Male,0,No,Yes,69,Yes,No,Fiber optic,No,No,Yes,Yes,No,No,Month-to-month,No,Mailed check,96.63,6667.77,Yes
CUST-0688,Female,0,No,Yes,32,Yes,No,DSL,No,No,No,Yes,No,No,Month-to-month,Yes,Bank transfer (automatic),67.34,2150.11,Yes
CUST-0689,Female,0,Yes,No,53,Yes,No,DSL,Yes,No,Yes,No,Yes,No,Month-to-month,No,Bank transfer (automatic),90.54,4802.56,No
CUST-0690,Male,0,Yes,Yes,35,Yes,No,DSL,Yes,No,Yes,No,Yes,Yes,One year,No,Bank transfer (automatic),100.44,3505.73,Yes
CUST-0691,Male,0,No,No,55,No,No phone service,Fiber optic,Yes,No,No,No,No,Yes,Month-to-month,Yes,Mailed check,88.88,4880.2,Yes
CUST-0692,Male,1,No,Yes,16,Yes,Yes,DSL,Yes,No,No,No,No,Yes,One year,Yes,Bank transfer (automatic),98.38,1567.16,No
CUST-0693,Female,1,Yes,No,9,Yes,Yes,Fiber optic,No,No,No,No,No,Yes,Two year,No,Credit card (automatic),106.17,956.82,Yes
CUST-0694,Male,0,No,Yes,43,Yes,No,DSL,Yes,Yes,Yes,Yes,No,No,Month-to-month,No,Mailed check,92.34,3973.79,No
CUST-0695,Male,0,No,No,1,Yes,Yes,No,No internet service,No internet service,No internet service,No internet service,No internet service,No internet service,Two year,No,Bank transfer (automatic),41.29,41.29,No
CUST-0696,Male,0,No,No,13,Yes,Yes,Fiber optic,No,Yes,No,Yes,No,No,Month-to-month,No,Electronic check,107.31,1396.97,No
CUST-0697,Female,1,Yes,No,40,Yes,No,DSL,No,No,Yes,Yes,No,Yes,Month-to-month,Yes,Bank transfer (automatic),86.05,3448.91,Yes
CUST-0698,Male,1,Yes,Yes,1,Yes,Yes,DSL,No,No,No,No,Yes,No,Month-to-month,Yes,Credit card (automatic),86.6,86.6,Yes
CUST-0699,Male,0,No,No,18,Yes,No,Fiber optic,Yes,Yes,No,No,Yes,Yes,Month-to-month,Yes,Bank transfer (automatic),123.21,2210.83,Yes
CUST-0700,Female,0,Yes,Yes,0,No,No phone service,DSL,No,No,Yes,No,No,Yes,Month-to-month,Yes,Mailed check,69.84, ,Yes
CUST-0701,Male,0,No,Yes,1,No,No phone service,No,No internet service,No internet service,No internet service,No internet service,No internet service,No internet service,Month-to-month,Yes,Electronic check,21.97,33.71,Yes
CUST-0702,Male,0,No,Yes,26,Yes,Yes,Fiber optic,No,No,No,No,Yes,No,One year,No,Credit card (automatic),105.91,2754.78,Yes
CUST-0703,Female,0,Yes,Yes,1,Yes,No,Fiber optic,Yes,No,No,No,Yes,No,Two year,Yes,Credit card (automatic),103.2,103.2,Yes
CUST-0704,Male,1,Yes,No,50,Yes,Yes,No,No internet service,No internet service,No internet service,No internet service,No internet service,No internet service,Month-to-month,No,Bank transfer (automatic),46.22,2308.44,No
CUST-0705,Female,0,Yes,Yes,9,Yes,Yes,Fiber optic,No,No,Yes,Yes,Yes,Yes,Month-to-month,Yes,Credit card (automatic),134.91,1201.63,No
CUST-0706,Female,0,No,Yes,18,Yes,No,No,No internet service,No internet service,No internet service,No internet service,No internet service,No internet service,One year,Yes,Mailed check,31.91,569.07,No
CUST-0707,Male,1,No,Yes,12,No,No phone service,No,No internet service,No internet service,No internet service,No internet service,No internet service,No internet service,Two year,Yes,Credit card (automatic),19.83,238.64,No
CUST-0708,Male,0,Yes,Yes,47,Yes,No,No,No internet service,No internet service,No internet service,No internet service,No internet service,No internet service,Month-to-month,Yes,Credit card (automatic),30.16,1418.91,Yes
CUST-0709,Male,0,Yes,Yes,55,Yes,No,No,No internet service,No internet service,No internet service,No internet service,No internet service,No internet service,Month-to-month,No,Electronic check,31.15,1704.62,Yes
CUST-0710,Male,0,Yes,Yes,71,Yes,No,DSL,No,No,No,No,Yes,No,Month-to-month,No,Mailed check,72.96,5182.37,No
CUST-0711,Female,0,No,Yes,55,Yes,Yes,Fiber optic,No,Yes,Yes,No,Yes,No,Two year,Yes,Electronic check,120.21,6609.55,Yes
CUST-0712,Male,0,No,Yes,49,Yes,No,Fiber optic,No,No,Yes,Yes,Yes,No,Month-to-month,No,Electronic check,108.05,5296.17,Yes
CUST-0713,Female,0,No,No,44,Yes,No,No,No internet service,No internet service,No internet service,No internet service,No internet service,No internet service,One year,Yes,Mailed check,31.88,1409.86,No
CUST-0714,Male,0,Yes,No,58,Yes,Yes,Fiber optic,No,No,Yes,No,No,No,Month-to-month,Yes,Mailed check,103.33,5997.04,No
CUST-0715,Male,0,Yes,No,38,Yes,No,DSL,No,No,No,No,Yes,Yes,Month-to-month,Yes,Credit card (automatic),84.54,3212.47,Yes
CUST-0716,Male,0,No,Yes,20,Yes,Yes,No,No internet service,No internet service,No internet service,No internet service,No internet service,No internet service,Month-to-month,No,Electronic check,46.72,932.62,Yes
CUST-0717,Female,0,Yes,Yes,54,Yes,No,Fiber optic,Yes,No,Yes,No,No,Yes,Month-to-month,Yes,Electronic check,109.27,5895.99,Yes
CUST-0718,Male,0,Yes,Yes,56,Yes,No,Fiber optic,No,No,Yes,No,Yes,Yes,Month-to-month,No,Credit card (automatic),110.03,6154.98,Yes
CUST-0719,Male,0,Yes,Yes,40,No,No phone service,No,No internet service,No internet service,No internet service,No internet service,No internet service,No internet service,Month-to-month,Yes,Electronic check,18.0,715.73,No
CUST-0720,Male,0,Yes,Yes,69,Yes,No,Fiber optic,No,No,No,No,No,No,One year,No,Electronic check,83.01,5731.55,No
CUST-0721,Male,0,No,Yes,48,Yes,Yes,Fiber optic,No,No,No,No,Yes,No,Month-to-month,No,Mailed check,106.29,5100.62,Yes
CUST-0722,Female,0,Yes,Yes,43,Yes,No,Fiber optic,No,Yes,Yes,Yes,Yes,Yes,Month-to-month,Yes,Electronic check,126.94,5449.91,No
CUST-0723,Male,0,No,Yes,34,No,No phone service,Fiber optic,No,No,Yes,No,No,Yes,Two year,No,Electronic check,89.78,3049.48,Yes
CUST-0724,Female,0,No,No,4,Yes,No,DSL,Yes,No,Yes,No,No,Yes,Month-to-month,Yes,Mailed check,90.72,368.9,Yes
CUST-0725,Female,0,Yes,Yes,70,Yes,No,Fiber optic,Yes,No,Yes,No,Yes,Yes,Month-to-month,No,Electronic check,119.9,8391.28,No
CUST-0726,Female,1,No,Yes,50,Yes,Yes,DSL,Yes,Yes,No,No,Yes,Yes,Month-to-month,Yes,Credit card (automatic),114.82,5733.77,Yes
CUST-0727,Female,0,No,Yes,56,Yes,No,Fiber optic,Yes,No,Yes,Yes,No,Yes,Two year,Yes,Electronic check,114.85,6433.16,No
CUST-0728,Female,0,Yes,Yes,57,No,No phone service,Fiber optic,No,Yes,No,No,No,No,Month-to-month,Yes,Electronic check,75.92,4328.27,Yes
CUST-0729,Female,0,No,Yes,35,Yes,Yes,Fiber optic,No,Yes,No,No,No,No,Month-to-month,No,Bank transfer (automatic),99.32,3472.83,No
CUST-0730,Male,0,No,Yes,9,Yes,No,Fiber optic,No,No,Yes,No,Yes,Yes,Month-to-month,No,Credit card (automatic),112.07,1010.24,Yes
CUST-0731,Female,0,No,Yes,49,No,No phone service,Fiber optic,No,Yes,No,No,Yes,No,Month-to-month,Yes,Electronic check,87.88,4307.56,No
CUST-0732,Female,0,No,No,36,Yes,No,DSL,No,No,No,No,Yes,Yes,One year,Yes,Electronic check,83.11,2992.23,Yes
CUST-0733,Female,0,No,No,19,Yes,No,DSL,No,Yes,Yes,Yes,Yes,No,Two year,No,Mailed check,95.03,1812.17,No
CUST-0734,Male,0,No,Yes,12,Yes,No,No,No internet service,No internet service,No internet service,No internet service,No internet service,No internet service,Two year,Yes,Mailed check,30.91,372.23,No
CUST-0735,Male,0,No,Yes,18,Yes,Yes,No,No internet service,No internet service,No internet service,No internet service,No internet service,No internet service,Month-to-month,No,Electronic check,39.33,707.6,Yes
CUST-0736,Female,0,No,Yes,55,Yes,No,Fiber optic,No,No,Yes,No,Yes,Yes,One year,Yes,Mailed check,115.21,6337.21,No
CUST-0737,Male,0,Yes,No,44,Yes,Yes,Fiber optic,Yes,Yes,Yes,Yes,Yes,No,One year,Yes,Credit card (automatic),139.51,6139.54,Yes
CUST-0738,Female,1,Yes,Yes,59,No,No phone service,Fiber optic,Yes,No,Yes,No,No,Yes,Month-to-month,No,Credit card (automatic),98.89,5836.58,Yes
CUST-0739,Female,0,Yes,Yes,67,No,No phone service,No,No internet service,No internet service,No internet service,No internet service,No internet service,No internet service,Month-to-month,No,Electronic check,18.0,1205.69,Yes
CUST-0740,Male,0,No,Yes,56,Yes,No,Fiber optic,No,No,No,Yes,No,No,Month-to-month,Yes,Electronic check,87.61,4913.57,No
CUST-0741,Female,0,No,Yes,53,Yes,Yes,No,No internet service,No internet service,No internet service,No internet service,No internet service,No internet service,Month-to-month,No,Mailed check,45.79,2421.81,Yes
CUST-0742,Male,0,No,No,36,Yes,No,Fiber optic,No,No,No,No,No,Yes,Month-to-month,Yes,Electronic check,93.36,3365.13,Yes
CUST-0743,Male,0,Yes,Yes,36,Yes,Yes,Fiber optic,Yes,Yes,Yes,No,No,Yes,Month-to-month,No,Electronic check,132.29,4759.89,Yes
CUST-0744,Female,0,Yes,Yes,13,No,No phone service,Fiber optic,No,No,No,No,No,No,Two year,Yes,Electronic check,70.56,917.42,Yes
CUST-0745,Female,0,Yes,Yes,43,Yes,No,Fiber optic,Yes,No,No,No,Yes,Yes,Month-to-month,No,Electronic check,111.16,4785.6,No
CUST-0746,Male,0,No,Yes,41,No,No phone service,Fiber optic,No,No,No,No,No,No,Month-to-month,Yes,Electronic check,67.26,2760.78,No
CUST-0747,Female,0,Yes,No,0,No,No phone service,Fiber optic,No,No,No,No,Yes,Yes,Month-to-month,No,Bank transfer (automatic),93.5, ,Yes
CUST-0748,Female,0,Yes,No,22,Yes,Yes,Fiber optic,No,No,Yes,Yes,Yes,No,Month-to-month,Yes,Mailed check,126.79,2789.81,No
CUST-0749,Female,1,No,Yes,63,Yes,No,Fiber optic,No,Yes,No,Yes,Yes,Yes,Month-to-month,Yes,Credit card (automatic),117.28,7388.18,Yes
CUST-0750,Male,0,Yes,Yes,27,No,No phone service,Fiber optic,Yes,No,No,No,Yes,No,Month-to-month,Yes,Bank transfer (automatic),86.82,2338.4,Yes
CUST-0751,Male,0,No,Yes,3,Yes,No,DSL,No,Yes,No,Yes,Yes,No,Two year,Yes,Mailed check,91.96,282.59,No
CUST-0752,Female,0,Yes,Yes,40,Yes,No,No,No internet service,No internet service,No internet service,No internet service,No internet service,No internet service,Two year,Yes,Electronic check,30.1,1204.6,Yes
CUST-0753,Male,0,No,Yes,59,Yes,Yes,No,No internet service,No internet service,No internet service,No internet service,No internet service,No internet service,Month-to-month,Yes,Credit card (automatic),41.87,2472.83,No
CUST-0754,Male,0,No,Yes,17,Yes,No,Fiber optic,No,No,No,No,No,No,Two year,Yes,Electronic check,80.13,1369.01,No
CUST-0755,Male,0,No,Yes,62,Yes,Yes,No,No internet service,No internet service,No internet service,No internet service,No internet service,No internet service,Month-to-month,No,Bank transfer (automatic),44.4,2751.27,No
CUST-0756,Male,0,No,Yes,60,Yes,No,No,No internet service,No internet service,No internet service,No internet service,No internet service,No internet service,Month-to-month,Yes,Electronic check,33.2,1986.4,Yes
CUST-0757,Male,0,No,Yes,48,Yes,Yes,Fiber optic,No,Yes,Yes,No,No,Yes,Month-to-month,Yes,Mailed check,125.89,6039.25,Yes
CUST-0758,Female,0,Yes,No,46,Yes,Yes,No,No internet service,No internet service,No internet service,No internet service,No internet service,No internet service,Two year,No,Credit card (automatic),45.77,2099.71,No
CUST-0759,Female,0,No,Yes,38,Yes,No,Fiber optic,Yes,Yes,No,No,Yes,Yes,Two year,No,Electronic check,121.32,4618.7,Yes
CUST-0760,Female,1,No,No,5,Yes,No,Fiber optic,No,No,No,Yes,Yes,No,One year,Yes,Electronic check,99.65,495.94,No
CUST-0761,Male,0,No,Yes,52,Yes,No,DSL,Yes,No,No,No,Yes,No,Two year,Yes,Electronic check,83.78,4347.13,No
CUST-0762,Male,0,No,Yes,24,No,No phone service,No,No internet service,No internet service,No internet service,No internet service,No internet service,No internet service,One year,Yes,Mailed check,20.19,477.53,No
CUST-0763,Female,0,Yes,No,64,Yes,No,No,No internet service,No internet service,No internet service,No internet service,No internet service,No internet service,Two year,No,Bank transfer (automatic),28.61,1841.44,No
CUST-0764,Male,0,No,Yes,4,Yes,No,Fiber optic,Yes,No,No,Yes,Yes,No,One year,Yes,Electronic check,110.61,443.85,Yes
CUST-0765,Female,0,Yes,No,64,No,No phone service,Fiber optic,Yes,No,Yes,Yes,No,Yes,Two year,No,Electronic check,106.55,6823.67,No
CUST-0766,Female,0,No,Yes,7,Yes,Yes,No,No internet service,No internet service,No internet service,No internet service,No internet service,No internet service,One year,Yes,Mailed check,44.69,306.41,No
CUST-0767,Female,0,No,Yes,38,Yes,Yes,No,No internet service,No internet service,No internet service,No internet service,No internet service,No internet service,One year,No,Electronic check,43.63,1663.31,No
CUST-0768,Male,0,Yes,Yes,42,Yes,No,DSL,Yes,Yes,No,No,Yes,Yes,Month-to-month,Yes,Credit card (automatic),99.34,4165.9,Yes
CUST-0769,Male,0,Yes,Yes,72,No,No phone service,No,No internet service,No internet service,No internet service,No internet service,No internet service,No internet service,Month-to-month,Yes,Mailed check,22.63,1628.14,Yes
CUST-0770,Female,0,Yes,Yes,4,Yes,No,DSL,Yes,Yes,No,Yes,No,Yes,One year,No,Mailed check,95.97,385.35,No
CUST-0771,Female,0,No,Yes,3,Yes,No,Fiber optic,No,No,Yes,Yes,Yes,No,Month-to-month,No,Credit card (automatic),107.9,323.8,Yes
CUST-0772,Female,0,Yes,Yes,0,Yes,No,Fiber optic,No,Yes,No,Yes,Yes,Yes,Two year,Yes,Bank transfer (automatic),116.36, ,No
CUST-0773,Female,0,No,Yes,55,Yes,No,DSL,No,Yes,No,No,No,Yes,Month-to-month,Yes,Mailed check,79.62,4380.07,Yes
CUST-0774,Male,0,Yes,Yes,44,Yes,Yes,DSL,No,Yes,No,No,No,Yes,Two year,No,Electronic check,94.89,4171.24,No
CUST-0775,Male,0,Yes,Yes,64,Yes,Yes,Fiber optic,No,Yes,No,No,No,No,One year,Yes,Electronic check,103.65,6632.51,No
CUST-0776,Female,0,No,Yes,2,Yes,No,Fiber optic,No,Yes,No,No,No,Yes,Month-to-month,Yes,Mailed check,99.21,193.01,Yes
CUST-0777,Female,0,Yes,Yes,21,Yes,No,DSL,No,No,Yes,No,No,Yes,One year,Yes,Bank transfer (automatic),80.85,1704.84,No
CUST-0778,Male,0,Yes,No,71,Yes,No,No,No internet service,No internet service,No internet service,No internet service,No internet service,No internet service,Month-to-month,Yes,Credit card (automatic),31.37,2226.68,Yes
CUST-0779,Male,0,No,No,55,Yes,Yes,No,No internet service,No internet service,No internet service,No internet service,No internet service,No internet service,Month-to-month,Yes,Electronic check,43.64,2394.94,No
CUST-0780,Female,0,No,Yes,17,Yes,No,No,No internet service,No internet service,No internet service,No internet service,No internet service,No internet service,Two year,Yes,Credit card (automatic),33.6,580.05,Yes
CUST-0781,Female,0,No,No,24,Yes,Yes,Fiber optic,No,No,Yes,No,No,Yes,Two year,No,Electronic check,113.16,2713.47,Yes
CUST-0782,Female,0,Yes,Yes,47,No,No phone service,Fiber optic,No,No,Yes,No,No,No,Month-to-month,Yes,Electronic check,74.53,3506.7,No
CUST-0783,Male,1,Yes,No,30,Yes,Yes,DSL,Yes,No,Yes,No,Yes,No,Month-to-month,No,Electronic check,104.15,3121.94,No
CUST-0784,Male,1,Yes,No,29,Yes,No,DSL,No,Yes,No,No,No,Yes,One year,No,Mailed check,80.26,2327.94,Yes
CUST-0785,Male,0,Yes,No,65,Yes,Yes,No,No internet service,No internet service,No internet service,No internet service,No internet service,No internet service,Two year,No,Bank transfer (automatic),46.16,3003.8,No
CUST-0786,Female,0,Yes,Yes,9,Yes,No,DSL,No,Yes,Yes,No,No,Yes,One year,No,Mailed check,87.1,782.83,No
CUST-0787,Female,0,No,Yes,70,Yes,Yes,No,No internet service,No internet service,No internet service,No internet service,No internet service,No internet service,Month-to-month,No,Mailed check,47.45,3324.12,Yes
CUST-0788,Male,0,Yes,Yes,58,No,No phone service,DSL,No,Yes,No,No,No,No,Two year,Yes,Electronic check,59.6,3462.54,No
CUST-0789,Male,1,No,No,50,Yes,No,DSL,No,No,No,No,No,No,Two year,Yes,Mailed check,66.24,3307.31,No
CUST-0790,Female,0,Yes,Yes,8,Yes,Yes,DSL,No,No,Yes,No,Yes,No,Month-to-month,Yes,Bank transfer (automatic),94.2,745.06,Yes
CUST-0791,Male,0,No,No,53,Yes,Yes,No,No internet service,No internet service,No internet service,No internet service,No internet service,No internet service,One year,Yes,Electronic check,44.4,2351.08,No
CUST-0792,Male,1,Yes,Yes,61,Yes,Yes,Fiber optic,No,No,No,Yes,No,No,Month-to-month,No,Credit card (automatic),101.5,6195.98,Yes
CUST-0793,Female,0,Yes,No,8,Yes,No,DSL,No,Yes,Yes,No,Yes,Yes,Two year,No,Electronic check,98.15,782.63,Yes
CUST-0794,Male,0,No,Yes,8,Yes,Yes,Fiber optic,No,No,No,No,No,Yes,Month-to-month,No,Bank transfer (automatic),107.55,866.23,Yes
CUST-0795,Female,1,Yes,Yes,23,Yes,No,No,No internet service,No internet service,No internet service,No internet service,No internet service,No internet service,One year,Yes,Mailed check,27.59,637.51,Yes
CUST-0796,Female,0,No,Yes,38,Yes,No,Fiber optic,No,Yes,No,Yes,No,Yes,One year,No,Credit card (automatic),105.36,4006.95,Yes
CUST-0797,Female,0,Yes,Yes,7,Yes,No,DSL,Yes,No,No,Yes,No,Yes,Month-to-month,No,Mailed check,88.32,617.59,Yes
CUST-0798,Female,0,Yes,Yes,24,Yes,Yes,DSL,No,Yes,Yes,No,Yes,No,Month-to-month,Yes,Mailed check,105.7,2533.61,Yes
CUST-0799,Female,0,No,No,65,Yes,Yes,No,No internet service,No internet service,No internet service,No internet service,No internet service,No internet service,One year,Yes,Mailed check,41.53,2698.44,No
CUST-0800,Female,0,Yes,Yes,9,Yes,Yes,Fiber optic,No,Yes,No,No,No,No,Two year,No,Credit card (automatic),103.87,934.91,No
CUST-0801,Female,0,No,Yes,23,Yes,Yes,No,No internet service,No internet service,No internet service,No internet service,No internet service,No internet service,Two year,Yes,Bank transfer (automatic),44.01,1012.18,No
CUST-0802,Male,1,Yes,No,58,Yes,Yes,Fiber optic,Yes,No,Yes,No,No,No,One year,Yes,Electronic check,107.22,6219.25,Yes
CUST-0803,Female,0,Yes,Yes,30,Yes,Yes,DSL,No,No,No,No,No,No,Month-to-month,Yes,Credit card (automatic),73.88,2214.83,No
CUST-0804,Female,0,Yes,No,10,Yes,Yes,Fiber optic,Yes,Yes,No,No,No,Yes,Two year,No,Bank transfer (automatic),124.93,1247.36,Yes
CUST-0805,Male,0,Yes,No,5,Yes,No,Fiber optic,No,No,No,Yes,No,No,Month-to-month,Yes,Electronic check,89.41,452.63,Yes
CUST-0806,Male,0,Yes,Yes,69,Yes,No,Fiber optic,No,No,No,No,Yes,No,Month-to-month,Yes,Electronic check,88.34,6090.82,No
CUST-0807,Male,0,Yes,Yes,31,Yes,No,No,No internet service,No internet service,No internet service,No internet service,No internet service,No internet service,Month-to-month,No,Credit card (automatic),30.03,929.95,No
CUST-0808,Female,0,Yes,Yes,38,No,No phone service,Fiber optic,Yes,No,No,No,No,Yes,Two year,No,Bank transfer (automatic),92.49,3522.27,No
CUST-0809,Male,0,No,No,47,No,No phone service,Fiber optic,No,Yes,No,Yes,No,Yes,Two year,Yes,Electronic check,101.07,4749.6,Yes
CUST-0810,Female,0,Yes,Yes,12,Yes,Yes,DSL,No,Yes,Yes,No,Yes,No,Month-to-month,Yes,Electronic check,102.68,1236.54,Yes
CUST-0811,Female,0,Yes,Yes,58,Yes,Yes,DSL,Yes,Yes,No,No,Yes,Yes,Month-to-month,Yes,Electronic check,114.37,6630.78,Yes
CUST-0812,Female,0,Yes,No,66,No,No phone service,Fiber optic,No,No,No,Yes,No,Yes,Two year,Yes,Electronic check,91.06,6004.89,No
CUST-0813,Female,0,No,Yes,55,Yes,Yes,Fiber optic,No,No,No,Yes,No,No,Month-to-month,Yes,Credit card (automatic),104.38,5749.88,No
CUST-0814,Male,0,No,No,40,Yes,Yes,DSL,Yes,Yes,Yes,Yes,Yes,Yes,Month-to-month,No,Mailed check,129.65,5180.97,Yes
CUST-0815,Male,0,Yes,No,55,Yes,No,DSL,No,No,No,Yes,No,Yes,One year,No,Bank transfer (automatic),80.16,4408.86,No
CUST-0816,Female,0,Yes,Yes,34,Yes,No,Fiber optic,No,Yes,No,Yes,Yes,Yes,Month-to-month,Yes,Electronic check,119.52,4071.42,Yes
CUST-0817,Female,0,Yes,No,37,Yes,No,No,No internet service,No internet service,No internet service,No internet service,No internet service,No internet service,Month-to-month,Yes,Mailed check,31.38,1155.33,No
CUST-0818,Female,0,No,No,66,Yes,No,Fiber optic,No,No,No,No,No,Yes,Two year,Yes,Electronic check,91.03,6011.23,Yes
CUST-0819,Male,0,Yes,Yes,33,Yes,No,Fiber optic,No,No,No,No,Yes,No,One year,No,Electronic check,89.83,2967.03,Yes
CUST-0820,Female,0,No,Yes,69,Yes,Yes,DSL,Yes,Yes,Yes,No,Yes,No,Month-to-month,No,Bank transfer (automatic),107.04,7385.81,Yes
CUST-0821,Female,0,Yes,Yes,10,Yes,No,Fiber optic,No,No,No,Yes,Yes,Yes,Two year,No,Credit card (automatic),112.72,1136.14,Yes
CUST-0822,Male,0,No,Yes,26,Yes,Yes,Fiber optic,No,Yes,No,Yes,Yes,No,Two year,No,Electronic check,120.99,3147.09,No
CUST-0823,Male,0,No,No,47,Yes,No,DSL,No,Yes,No,No,Yes,No,Month-to-month,Yes,Bank transfer (automatic),79.5,3737.1,Yes
CUST-0824,Female,0,Yes,Yes,23,Yes,No,Fiber optic,No,No,Yes,No,Yes,Yes,One year,Yes,Mailed check,111.97,2571.12,No
CUST-0825,Male,0,Yes,Yes,17,Yes,Yes,Fiber optic,No,No,Yes,Yes,Yes,Yes,Month-to-month,Yes,Electronic check,133.76,2273.63,No
CUST-0826,Male,0,Yes,Yes,26,Yes,Yes,DSL,No,No,No,No,Yes,Yes,Month-to-month,Yes,Mailed check,99.77,2597.08,Yes
CUST-0827,Female,0,Yes,Yes,53,Yes,No,Fiber optic,Yes,Yes,No,No,No,No,Month-to-month,Yes,Mailed check,101.11,5363.09,No
CUST-0828,Male,0,Yes,No,54,Yes,Yes,Fiber optic,No,No,Yes,No,Yes,Yes,Month-to-month,Yes,Electronic check,130.42,7046.28,No
CUST-0829,Female,0,Yes,No,20,Yes,No,No,No internet service,No internet service,No internet service,No internet service,No internet service,No internet service,Month-to-month,Yes,Credit card (automatic),27.98,551.32,Yes
CUST-0830,Male,0,Yes,Yes,58,Yes,Yes,DSL,No,Yes,No,No,No,No,Month-to-month,No,Mailed check,81.51,4727.39,Yes
CUST-0831,Female,0,No,Yes,33,No,No phone service,No,No internet service,No internet service,No internet service,No internet service,No internet service,No internet service,Month-to-month,Yes,Mailed check,18.25,598.3,Yes
CUST-0832,Female,0,Yes,Yes,57,Yes,No,DSL,No,No,Yes,Yes,Yes,Yes,One year,No,Bank transfer (automatic),96.76,5508.02,No
CUST-0833,Female,0,Yes,Yes,47,Yes,Yes,DSL,No,No,No,No,No,Yes,Two year,Yes,Electronic check,87.38,4103.9,No
CUST-0834,Male,0,No,Yes,53,Yes,No,Fiber optic,No,No,No,Yes,Yes,No,One year,Yes,Electronic check,100.99,5350.31,Yes
CUST-0835,Female,1,Yes,Yes,17,Yes,Yes,Fiber optic,No,No,No,Yes,Yes,Yes,Month-to-month,No,Electronic check,127.37,2160.51,Yes
CUST-0836,Male,0,Yes,No,2,Yes,Yes,No,No internet service,No internet service,No internet service,No internet service,No internet service,No internet service,Month-to-month,No,Electronic check,45.4,90.92,Yes
CUST-0837,Female,1,Yes,Yes,23,Yes,No,Fiber optic,No,Yes,No,No,No,Yes,Month-to-month,Yes,Electronic check,96.22,2216.75,No
CUST-0838,Female,0,Yes,No,0,Yes,Yes,Fiber optic,No,No,Yes,No,Yes,Yes,Two year,Yes,Mailed check,123.36, ,No
CUST-0839,Male,0,No,Yes,5,Yes,No,No,No internet service,No internet service,No internet service,No internet service,No internet service,No internet service,Two year,No,Bank transfer (automatic),31.28,158.84,No
CUST-0840,Female,0,No,Yes,18,Yes,Yes,Fiber optic,No,No,No,No,No,No,Month-to-month,Yes,Electronic check,94.79,1704.04,Yes
CUST-0841,Female,1,Yes,No,42,Yes,No,DSL,No,No,Yes,Yes,Yes,No,Month-to-month,Yes,Mailed check,89.79,3775.34,No
CUST-0842,Male,0,Yes,Yes,7,Yes,Yes,Fiber optic,Yes,No,No,No,Yes,Yes,Two year,Yes,Credit card (automatic),125.05,872.18,Yes
CUST-0843,Female,0,No,No,68,Yes,Yes,No,No internet service,No internet service,No internet service,No internet service,No internet service,No internet service,Two year,Yes,Bank transfer (automatic),44.38,3025.73,No
CUST-0844,Female,0,Yes,Yes,51,Yes,No,Fiber optic,No,Yes,Yes,No,No,No,Two year,Yes,Mailed check,94.98,4845.01,No
CUST-0845,Female,0,No,Yes,72,Yes,No,Fiber optic,No,Yes,Yes,No,No,No,Month-to-month,Yes,Credit card (automatic),99.19,7146.01,Yes
CUST-0846,Female,0,No,No,46,Yes,No,Fiber optic,No,Yes,No,No,No,Yes,One year,No,Electronic check,103.22,4745.8,Yes
CUST-0847,Male,0,No,Yes,27,Yes,Yes,Fiber optic,No,No,No,No,Yes,No,Month-to-month,Yes,Electronic check,104.93,2831.92,Yes
CUST-0848,Male,0,Yes,No,45,No,No phone service,No,No internet service,No internet service,No internet service,No internet service,No internet service,No internet service,Month-to-month,No,Bank transfer (automatic),20.29,913.55,No
CUST-0849,Female,0,Yes,No,3,Yes,Yes,DSL,Yes,No,No,No,Yes,Yes,Month-to-month,No,Electronic check,108.64,325.33,No
CUST-0850,Male,0,Yes,Yes,7,Yes,No,DSL,No,No,No,Yes,Yes,No,Two year,No,Mailed check,81.98,571.92,Yes
CUST-0851,Female,0,No,Yes,60,Yes,No,Fiber optic,Yes,No,Yes,Yes,Yes,Yes,Month-to-month,Yes,Electronic check,126.42,7578.6,Yes
CUST-0852,Male,0,Yes,Yes,16,Yes,Yes,No,No internet service,No internet service,No internet service,No internet service,No internet service,No internet service,One year,Yes,Credit card (automatic),45.77,729.32,No
CUST-0853,Female,1,Yes,Yes,33,Yes,No,Fiber optic,No,No,No,Yes,No,Yes,Two year,No,Mailed check,100.27,3303.38,No
CUST-0854,Female,0,No,No,19,Yes,Yes,Fiber optic,Yes,Yes,No,No,No,No,Month-to-month,No,Bank transfer (automatic),110.82,2097.04,Yes
CUST-0855,Female,0,Yes,Yes,33,Yes,No,DSL,No,No,No,No,No,Yes,Two year,Yes,Electronic check,66.77,2204.39,No
CUST-0856,Female,0,Yes,Yes,42,Yes,No,DSL,No,No,No,Yes,Yes,Yes,One year,Yes,Credit card (automatic),90.89,3813.55,No
CUST-0857,Female,0,Yes,No,9,Yes,Yes,No,No internet service,No internet service,No internet service,No internet service,No internet service,No internet service,Month-to-month,No,Electronic check,44.22,404.12,Yes
CUST-0858,Female,0,No,Yes,29,Yes,No,DSL,Yes,No,No,No,No,Yes,Month-to-month,No,Credit card (automatic),81.41,2357.31,No
CUST-0859,Male,0,Yes,No,24,No,No phone service,Fiber optic,No,Yes,No,No,No,No,Month-to-month,Yes,Mailed check,77.55,1856.84,Yes
CUST-0860,Female,0,No,Yes,56,Yes,Yes,DSL,Yes,Yes,No,No,No,Yes,Month-to-month,No,Mailed check,105.53,5914.83,No
CUST-0861,Male,0,No,No,62,Yes,No,Fiber optic,No,No,No,No,Yes,Yes,Month-to-month,Yes,Bank transfer (automatic),101.01,6265.51,Yes
CUST-0862,Female,0,No,Yes,70,Yes,No,Fiber optic,Yes,Yes,Yes,Yes,Yes,No,One year,Yes,Electronic check,126.69,8873.22,No
CUST-0863,Male,0,Yes,Yes,46,Yes,Yes,No,No internet service,No internet service,No internet service,No internet service,No internet service,No internet service,Month-to-month,No,Mailed check,43.71,2009.38,No
CUST-0864,Male,0,Yes,Yes,2,Yes,No,Fiber optic,No,No,No,No,No,No,One year,Yes,Electronic check,78.78,149.43,Yes
CUST-0865,Male,1,Yes,Yes,45,Yes,No,Fiber optic,No,Yes,Yes,Yes,No,No,One year,Yes,Electronic check,103.37,4654.74,No
CUST-0866,Female,0,No,No,35,Yes,Yes,Fiber optic,No,No,No,Yes,Yes,No,One year,No,Credit card (automatic),111.67,3912.96,Yes
CUST-0867,Female,0,No,Yes,25,Yes,Yes,No,No internet service,No internet service,No internet service,No internet service,No internet service,No internet service,One year,Yes,Credit card (automatic),45.18,1128.04,Yes
CUST-0868,Male,0,Yes,No,9,Yes,Yes,Fiber optic,Yes,Yes,Yes,No,Yes,No,One year,Yes,Credit card (automatic),136.69,1238.21,Yes
CUST-0869,Female,0,No,Yes,33,Yes,Yes,DSL,No,Yes,No,Yes,Yes,No,One year,No,Credit card (automatic),100.99,3335.37,No
CUST-0870,Male,0,Yes,Yes,7,Yes,No,Fiber optic,No,No,No,No,No,No,Month-to-month,Yes,Credit card (automatic),79.03,553.28,Yes
CUST-0871,Female,0,Yes,Yes,54,Yes,No,Fiber optic,Yes,No,Yes,No,Yes,Yes,Month-to-month,Yes,Credit card (automatic),121.18,6546.72,Yes
CUST-0872,Male,0,Yes,Yes,9,No,No phone service,No,No internet service,No internet service,No internet service,No internet service,No internet service,No internet service,Two year,Yes,Electronic check,19.83,174.08,No
CUST-0873,Male,0,Yes,Yes,56,Yes,No,DSL,No,Yes,Yes,No,No,Yes,One year,No,Electronic check,90.03,5042.28,No
CUST-0874,Female,0,Yes,Yes,44,Yes,Yes,DSL,No,No,Yes,No,No,No,Month-to-month,Yes,Electronic check,79.85,3506.73,Yes
CUST-0875,Male,0,Yes,No,49,Yes,Yes,No,No internet service,No internet service,No internet service,No internet service,No internet service,No internet service,One year,Yes,Electronic check,42.6,2088.26,No
CUST-0876,Female,0,Yes,Yes,63,Yes,Yes,No,No internet service,No internet service,No internet service,No internet service,No internet service,No internet service,Month-to-month,Yes,Credit card (automatic),45.48,2866.14,No
CUST-0877,Male,0,No,Yes,1,Yes,Yes,Fiber optic,No,No,No,No,No,Yes,One year,No,Credit card (automatic),100.15,101.2,Yes
CUST-0878,Male,0,Yes,Yes,44,Yes,Yes,DSL,No,Yes,No,Yes,No,Yes,Two year,No,Mailed check,100.23,4409.35,No
CUST-0879,Female,0,No,Yes,61,Yes,No,Fiber optic,Yes,Yes,Yes,No,Yes,No,Month-to-month,No,Electronic check,112.15,6836.34,Yes
CUST-0880,Female,0,No,No,13,Yes,No,DSL,No,No,No,No,Yes,Yes,Month-to-month,No,Electronic check,84.12,1103.74,No
CUST-0881,Female,0,Yes,Yes,14,Yes,No,Fiber optic,No,Yes,Yes,No,No,No,Month-to-month,No,Bank transfer (automatic),94.97,1324.81,Yes
CUST-0882,Male,0,No,Yes,13,Yes,No,Fiber optic,No,Yes,No,No,No,No,Month-to-month,Yes,Credit card (automatic),85.05,1099.95,No
CUST-0883,Female,0,No,Yes,30,Yes,No,No,No internet service,No internet service,No internet service,No internet service,No internet service,No internet service,Month-to-month,Yes,Mailed check,30.25,907.02,No
CUST-0884,Male,0,No,Yes,28,Yes,Yes,DSL,No,No,Yes,No,No,Yes,Month-to-month,Yes,Electronic check,96.55,2702.76,Yes
CUST-0885,Male,0,Yes,Yes,26,Yes,No,Fiber optic,No,No,No,No,Yes,No,Month-to-month,Yes,Bank transfer (automatic),89.21,2320.46,Yes
CUST-0886,Female,1,Yes,Yes,8,Yes,Yes,Fiber optic,No,Yes,No,No,Yes,Yes,Two year,Yes,Electronic check,126.71,1017.33,Yes
CUST-0887,Female,0,Yes,Yes,19,Yes,No,Fiber optic,Yes,No,No,No,Yes,Yes,Two year,Yes,Bank transfer (automatic),112.43,2131.31,Yes
CUST-0888,Male,0,Yes,Yes,57,Yes,Yes,Fiber optic,Yes,Yes,Yes,No,No,No,Month-to-month,Yes,Mailed check,120.15,6855.12,Yes
CUST-0889,Male,0,Yes,No,48,Yes,Yes,Fiber optic,No,No,No,No,Yes,Yes,Two year,Yes,Credit card (automatic),115.8,5556.75,Yes
CUST-0890,Female,0,No,Yes,56,Yes,Yes,No,No internet service,No internet service,No internet service,No internet service,No internet service,No internet service,Two year,Yes,Credit card (automatic),42.9,2394.59,No
CUST-0891,Female,0,No,No,15,Yes,No,No,No internet service,No internet service,No internet service,No internet service,No internet service,No internet service,Month-to-month,Yes,Bank transfer (automatic),29.68,447.45,Yes
CUST-0892,Female,1,Yes,Yes,7,Yes,No,DSL,Yes,No,No,No,No,Yes,Two year,Yes,Bank transfer (automatic),79.88,558.35,Yes
CUST-0893,Female,1,No,No,66,Yes,No,DSL,No,No,No,No,Yes,Yes,Month-to-month,No,Electronic check,88.57,5846.38,Yes
CUST-0894,Female,0,No,Yes,18,Yes,No,No,No internet service,No internet service,No internet service,No internet service,No internet service,No internet service,Two year,No,Electronic check,31.6,573.12,No
CUST-0895,Male,1,No,Yes,66,Yes,No,Fiber optic,Yes,No,Yes,No,Yes,Yes,Two year,No,Credit card (automatic),119.14,7869.59,Yes
CUST-0896,Male,1,No,Yes,35,Yes,No,No,No internet service,No internet service,No internet service,No internet service,No internet service,No internet service,Month-to-month,Yes,Mailed check,29.27,1019.98,Yes
CUST-0897,Male,0,Yes,Yes,59,Yes,No,Fiber optic,No,Yes,No,No,No,Yes,Month-to-month,No,Mailed check,99.38,5851.84,Yes
CUST-0898,Male,0,Yes,Yes,35,Yes,Yes,DSL,Yes,Yes,No,No,Yes,No,One year,Yes,Credit card (automatic),100.49,3515.36,No
CUST-0899,Female,0,Yes,Yes,10,Yes,No,Fiber optic,No,No,No,No,No,Yes,Month-to-month,Yes,Mailed check,91.39,910.95,Yes
CUST-0900,Female,0,No,Yes,50,Yes,Yes,Fiber optic,Yes,Yes,No,No,Yes,No,One year,No,Credit card (automatic),126.97,6347.32,No
CUST-0901,Female,0,No,Yes,54,Yes,No,Fiber optic,No,Yes,No,No,No,Yes,Month-to-month,No,Electronic check,94.83,5113.0,Yes
CUST-0902,Male,0,Yes,Yes,53,Yes,No,No,No internet service,No internet service,No internet service,No internet service,No internet service,No internet service,Month-to-month,Yes,Bank transfer (automatic),30.03,1589.57,No
CUST-0903,Male,1,Yes,No,16,Yes,No,Fiber optic,Yes,Yes,No,Yes,Yes,No,Month-to-month,No,Electronic check,120.1,1917.76,Yes
CUST-0904,Female,0,No,Yes,61,Yes,Yes,DSL,Yes,No,No,No,No,Yes,Month-to-month,No,Bank transfer (automatic),98.46,6000.91,No
CUST-0905,Female,0,Yes,Yes,41,No,No phone service,Fiber optic,Yes,No,No,No,Yes,Yes,Month-to-month,No,Mailed check,103.77,4246.03,No
CUST-0906,Male,0,Yes,Yes,23,Yes,Yes,Fiber optic,No,No,Yes,No,Yes,Yes,Month-to-month,No,Mailed check,127.1,2921.08,Yes
CUST-0907,Male,1,No,Yes,16,Yes,Yes,Fiber optic,Yes,Yes,Yes,No,Yes,No,Two year,Yes,Mailed check,132.79,2130.41,Yes
CUST-0908,Female,1,No,Yes,47,Yes,No,Fiber optic,No,Yes,No,No,No,No,One year,No,Credit card (automatic),88.65,4164.72,Yes
CUST-0909,Female,0,Yes,No,69,Yes,No,Fiber optic,Yes,Yes,No,Yes,Yes,No,Month-to-month,No,Mailed check,119.38,8227.78,No
CUST-0910,Male,0,No,Yes,6,Yes,No,Fiber optic,No,Yes,No,No,No,No,Month-to-month,No,Electronic check,89.44,544.74,Yes
CUST-0911,Female,0,Yes,Yes,13,No,No phone service,Fiber optic,Yes,Yes,No,Yes,No,No,One year,Yes,Credit card (automatic),92.51,1193.73,No
CUST-0912,Female,0,No,Yes,10,Yes,No,Fiber optic,Yes,No,Yes,No,No,Yes,One year,Yes,Credit card (automatic),111.92,1118.64,No
CUST-0913,Female,0,No,Yes,11,Yes,Yes,DSL,No,No,Yes,Yes,Yes,Yes,Month-to-month,No,Electronic check,114.54,1256.77,Yes
CUST-0914,Male,0,Yes,No,4,Yes,Yes,Fiber optic,No,No,Yes,Yes,No,Yes,Month-to-month,No,Bank transfer (automatic),120.86,480.25,Yes
CUST-0915,Male,0,No,No,4,Yes,No,Fiber optic,Yes,Yes,Yes,Yes,No,No,Two year,Yes,Mailed check,112.72,448.05,Yes
CUST-0916,Male,0,Yes,Yes,19,No,No phone service,DSL,Yes,No,No,No,No,Yes,One year,No,Bank transfer (automatic),71.71,1365.24,No
CUST-0917,Male,0,No,Yes,53,Yes,Yes,No,No internet service,No internet service,No internet service,No internet service,No internet service,No internet service,Month-to-month,Yes,Mailed check,44.83,2375.46,Yes
CUST-0918,Male,0,Yes,Yes,54,No,No phone service,Fiber optic,No,No,Yes,Yes,No,No,One year,Yes,Electronic check,86.33,4666.12,No
CUST-0919,Male,0,No,Yes,57,Yes,Yes,DSL,Yes,Yes,No,No,No,Yes,Month-to-month,Yes,Mailed check,106.36,6074.1,No
CUST-0920,Male,0,No,Yes,29,Yes,No,Fiber optic,No,Yes,No,No,No,No,Month-to-month,Yes,Credit card (automatic),87.61,2544.18,Yes
CUST-0921,Female,0,Yes,No,23,Yes,No,DSL,No,No,No,Yes,Yes,Yes,Two year,Yes,Electronic check,93.55,2154.85,No
CUST-0922,Female,0,No,Yes,72,Yes,No,Fiber optic,Yes,No,Yes,Yes,No,Yes,Two year,No,Bank transfer (automatic),118.38,8521.79,No
CUST-0923,Female,0,Yes,Yes,2,Yes,Yes,Fiber optic,No,No,No,Yes,Yes,Yes,One year,No,Credit card (automatic),125.49,255.17,Yes
CUST-0924,Female,0,No,Yes,47,Yes,No,DSL,No,No,Yes,No,No,No,Two year,Yes,Electronic check,67.93,3193.85,Yes
CUST-0925,Female,0,No,No,70,Yes,Yes,No,No internet service,No internet service,No internet service,No internet service,No internet service,No internet service,Two year,Yes,Credit card (automatic),47.96,3354.35,No
CUST-0926,Female,0,Yes,Yes,21,Yes,No,DSL,No,Yes,Yes,No,No,No,Two year,No,Electronic check,78.24,1643.09,No
CUST-0927,Female,0,No,No,13,Yes,No,Fiber optic,No,Yes,No,No,No,No,Two year,Yes,Electronic check,86.91,1127.48,Yes
CUST-0928,Male,0,No,Yes,47,Yes,No,No,No internet service,No internet service,No internet service,No internet service,No internet service,No internet service,Two year,Yes,Mailed check,29.47,1388.59,No
CUST-0929,Male,1,Yes,Yes,28,Yes,Yes,Fiber optic,Yes,No,No,No,Yes,Yes,Two year,Yes,Bank transfer (automatic),119.78,3346.68,Yes
CUST-0930,Female,0,No,No,49,Yes,Yes,No,No internet service,No internet service,No internet service,No internet service,No internet service,No internet service,Month-to-month,No,Electronic check,47.19,2311.94,No
CUST-0931,Female,0,Yes,No,9,Yes,Yes,No,No internet service,No internet service,No internet service,No internet service,No internet service,No internet service,One year,No,Electronic check,46.09,418.8,No
CUST-0932,Male,1,Yes,Yes,70,Yes,No,No,No internet service,No internet service,No internet service,No internet service,No internet service,No internet service,Month-to-month,No,Mailed check,26.49,1860.17,No
CUST-0933,Female,0,Yes,Yes,26,Yes,No,Fiber optic,No,Yes,Yes,No,Yes,No,Two year,Yes,Electronic check,109.43,2843.84,No
CUST-0934,Female,0,No,No,27,Yes,No,Fiber optic,Yes,No,No,Yes,No,No,Two year,No,Electronic check,96.37,2605.71,No
CUST-0935,Male,0,No,Yes,8,Yes,No,No,No internet service,No internet service,No internet service,No internet service,No internet service,No internet service,Month-to-month,No,Bank transfer (automatic),31.31,256.06,Yes
CUST-0936,Female,0,Yes,Yes,70,Yes,Yes,No,No internet service,No internet service,No internet service,No internet service,No internet service,No internet service,Month-to-month,Yes,Bank transfer (automatic),46.16,3230.4,No
CUST-0937,Male,0,No,No,25,Yes,No,No,No internet service,No internet service,No internet service,No internet service,No internet service,No internet service,Month-to-month,Yes,Credit card (automatic),29.64,747.98,No
CUST-0938,Female,0,Yes,Yes,7,Yes,No,No,No internet service,No internet service,No internet service,No internet service,No internet service,No internet service,Month-to-month,No,Electronic check,27.32,189.42,Yes
CUST-0939,Male,1,No,Yes,1,Yes,No,Fiber optic,Yes,Yes,Yes,No,No,Yes,Month-to-month,Yes,Electronic check,114.85,114.85,Yes
CUST-0940,Male,1,Yes,Yes,56,Yes,No,DSL,No,No,No,No,No,No,One year,Yes,Bank transfer (automatic),58.92,3295.76,No
CUST-0941,Male,0,Yes,Yes,51,Yes,Yes,Fiber optic,Yes,No,No,No,No,No,Month-to-month,Yes,Credit card (automatic),99.38,5067.69,No
CUST-0942,Female,0,No,Yes,57,Yes,Yes,DSL,No,Yes,No,No,No,No,Month-to-month,Yes,Mailed check,83.09,4740.04,Yes
CUST-0943,Male,0,Yes,Yes,2,Yes,Yes,DSL,No,Yes,No,Yes,No,Yes,Month-to-month,Yes,Electronic check,104.4,201.88,Yes
CUST-0944,Female,1,Yes,Yes,7,Yes,Yes,DSL,No,No,No,No,Yes,No,Month-to-month,No,Credit card (automatic),85.23,596.72,Yes
CUST-0945,Female,1,No,Yes,58,Yes,No,DSL,No,No,No,Yes,Yes,Yes,Month-to-month,Yes,Bank transfer (automatic),92.6,5378.36,No
CUST-0946,Female,0,Yes,Yes,1,Yes,Yes,DSL,No,No,No,Yes,No,Yes,Month-to-month,Yes,Electronic check,96.18,96.18,No
CUST-0947,Female,0,Yes,Yes,61,Yes,No,No,No internet service,No internet service,No internet service,No internet service,No internet service,No internet service,One year,No,Credit card (automatic),31.23,1907.34,No
CUST-0948,Male,0,No,No,48,Yes,Yes,Fiber optic,Yes,Yes,Yes,Yes,No,Yes,Month-to-month,Yes,Electronic check,137.4,6595.31,Yes
CUST-0949,Male,0,Yes,Yes,19,Yes,Yes,DSL,Yes,No,No,No,No,No,One year,No,Credit card (automatic),87.54,1663.36,Yes
CUST-0950,Female,0,Yes,No,28,No,No phone service,Fiber optic,Yes,Yes,Yes,No,Yes,Yes,Two year,No,Bank transfer (automatic),118.07,3300.85,Yes
CUST-0951,Female,0,Yes,Yes,16,No,No phone service,No,No internet service,No internet service,No internet service,No internet service,No internet service,No internet service,One year,Yes,Mailed check,18.0,282.12,No
CUST-0952,Male,0,Yes,No,21,Yes,Yes,Fiber optic,No,Yes,Yes,No,Yes,No,Month-to-month,Yes,Electronic check,122.15,2565.69,Yes
CUST-0953,Female,0,Yes,Yes,5,Yes,No,DSL,No,No,Yes,Yes,No,No,Month-to-month,Yes,Electronic check,72.96,367.52,No
CUST-0954,Male,0,Yes,Yes,61,Yes,Yes,DSL,No,Yes,No,No,No,Yes,Two year,No,Electronic check,94.14,5745.08,No
CUST-0955,Female,1,Yes,No,30,Yes,Yes,Fiber optic,No,No,No,Yes,No,Yes,Two year,Yes,Electronic check,117.49,3528.04,No
CUST-0956,Female,0,Yes,No,61,Yes,Yes,DSL,No,No,Yes,No,No,Yes,Month-to-month,Yes,Electronic check,96.04,5860.86,Yes
CUST-0957,Male,0,No,Yes,11,Yes,No,Fiber optic,Yes,No,No,Yes,No,Yes,Month-to-month,No,Electronic check,111.19,1222.17,Yes
CUST-0958,Female,0,Yes,No,11,Yes,No,No,No internet service,No internet service,No internet service,No internet service,No internet service,No internet service,Month-to-month,Yes,Mailed check,30.35,330.48,Yes
CUST-0959,Male,0,Yes,Yes,62,No,No phone service,Fiber optic,No,Yes,Yes,No,No,No,Month-to-month,Yes,Mailed check,88.48,5490.3,Yes
CUST-0960,Female,0,No,No,15,Yes,No,Fiber optic,Yes,Yes,No,No,No,No,One year,No,Electronic check,93.39,1397.52,No
CUST-0961,Female,0,Yes,Yes,24,Yes,No,DSL,No,No,Yes,No,No,Yes,One year,Yes,Mailed check,77.72,1865.33,No
CUST-0962,Female,0,Yes,Yes,21,Yes,Yes,Fiber optic,Yes,No,Yes,No,No,No,Two year,No,Electronic check,111.81,2338.21,No
CUST-0963,Male,0,Yes,Yes,17,Yes,Yes,Fiber optic,No,Yes,No,No,No,Yes,Month-to-month,No,Credit card (automatic),116.74,1992.12,No
CUST-0964,Female,0,Yes,Yes,44,Yes,No,Fiber optic,Yes,Yes,No,No,No,No,Two year,Yes,Electronic check,97.59,4291.74,No
CUST-0965,Female,0,Yes,No,67,Yes,Yes,No,No internet service,No internet service,No internet service,No internet service,No internet service,No internet service,Month-to-month,Yes,Bank transfer (automatic),42.65,2848.18,Yes
CUST-0966,Female,0,Yes,Yes,11,Yes,No,DSL,No,Yes,Yes,No,No,No,One year,No,Electronic check,79.05,876.38,Yes
CUST-0967,Female,0,No,Yes,48,Yes,No,No,No internet service,No internet service,No internet service,No internet service,No internet service,No internet service,Month-to-month,Yes,Mailed check,25.62,1229.55,No
CUST-0968,Male,0,No,Yes,32,Yes,Yes,No,No internet service,No internet service,No internet service,No internet service,No internet service,No internet service,Two year,No,Credit card (automatic),48.27,1544.41,No
CUST-0969,Male,0,No,Yes,62,Yes,Yes,DSL,No,No,No,Yes,Yes,No,One year,Yes,Credit card (automatic),92.34,5733.4,No
CUST-0970,Female,0,No,Yes,17,Yes,No,DSL,No,No,No,Yes,Yes,No,Month-to-month,Yes,Bank transfer (automatic),83.17,1411.66,No
CUST-0971,Male,0,No,Yes,53,No,No phone service,Fiber optic,No,No,Yes,No,No,Yes,Two year,Yes,Bank transfer (automatic),88.73,4709.77,No
CUST-0972,Female,0,Yes,No,26,Yes,No,Fiber optic,No,No,No,No,No,No,Two year,Yes,Credit card (automatic),80.31,2081.71,No
CUST-0973,Female,0,Yes,Yes,24,Yes,No,DSL,No,Yes,No,No,Yes,No,Month-to-month,Yes,Bank transfer (automatic),79.81,1917.62,No
CUST-0974,Female,0,Yes,Yes,33,Yes,No,DSL,No,Yes,No,Yes,Yes,Yes,Two year,No,Credit card (automatic),96.93,3200.23,No
CUST-0975,Male,0,Yes,No,59,No,No phone service,No,No internet service,No internet service,No internet service,No internet service,No internet service,No internet service,Two year,Yes,Mailed check,20.18,1194.27,No
CUST-0976,Male,0,Yes,Yes,53,Yes,No,DSL,No,No,Yes,No,Yes,Yes,Two year,Yes,Mailed check,89.57,4742.28,No
CUST-0977,Male,1,No,No,4,Yes,No,Fiber optic,Yes,No,No,No,No,No,One year,Yes,Bank transfer (automatic),86.76,339.07,Yes
CUST-0978,Male,0,No,No,35,Yes,Yes,No,No internet service,No internet service,No internet service,No internet service,No internet service,No internet service,One year,Yes,Electronic check,50.2,1768.44,No
CUST-0979,Male,0,Yes,Yes,53,Yes,No,No,No internet service,No internet service,No internet service,No internet service,No internet service,No internet service,Month-to-month,Yes,Mailed check,30.34,1613.1,No
CUST-0980,Male,0,Yes,Yes,35,Yes,No,Fiber optic,Yes,Yes,Yes,No,Yes,Yes,Month-to-month,No,Electronic check,127.19,4450.54,No
CUST-0981,Male,0,Yes,Yes,68,Yes,Yes,DSL,Yes,Yes,No,Yes,No,Yes,Two year,Yes,Bank transfer (automatic),112.59,7658.77,No
CUST-0982,Male,0,No,Yes,38,Yes,Yes,Fiber optic,Yes,No,Yes,No,Yes,Yes,Two year,Yes,Electronic check,136.13,5169.89,Yes
CUST-0983,Male,0,No,No,69,Yes,Yes,No,No internet service,No internet service,No internet service,No internet service,No internet service,No internet service,Month-to-month,Yes,Mailed check,42.9,2960.55,No
CUST-0984,Female,1,Yes,Yes,3,Yes,Yes,No,No internet service,No internet service,No internet service,No internet service,No internet service,No internet service,Month-to-month,Yes,Mailed check,42.77,124.34,Yes
CUST-0985,Male,0,No,Yes,64,Yes,No,DSL,Yes,No,No,Yes,No,Yes,Month-to-month,Yes,Electronic check,90.56,5795.11,No
CUST-0986,Male,0,Yes,Yes,39,Yes,No,Fiber optic,Yes,Yes,Yes,No,No,Yes,Month-to-month,Yes,Mailed check,116.54,4538.95,No
CUST-0987,Male,0,No,Yes,36,Yes,Yes,Fiber optic,Yes,Yes,No,Yes,Yes,Yes,One year,Yes,Bank transfer (automatic),147.3,5311.52,Yes
CUST-0988,Male,0,No,Yes,66,Yes,Yes,No,No internet service,No internet service,No internet service,No internet service,No internet service,No internet service,Month-to-month,No,Mailed check,41.13,2713.92,No
CUST-0989,Male,0,Yes,No,30,Yes,Yes,Fiber optic,Yes,Yes,Yes,No,No,Yes,Month-to-month,No,Mailed check,133.52,4002.24,Yes
CUST-0990,Male,0,No,Yes,46,No,No phone service,Fiber optic,No,No,No,No,Yes,No,Two year,No,Mailed check,83.01,3813.69,Yes
CUST-0991,Male,0,No,Yes,26,Yes,No,DSL,Yes,No,No,No,Yes,No,Month-to-month,No,Electronic check,77.92,2034.09,No
CUST-0992,Male,0,Yes,Yes,50,Yes,No,Fiber optic,No,No,No,Yes,Yes,No,Month-to-month,No,Credit card (automatic),100.92,5046.03,No
CUST-0993,Male,1,No,No,19,Yes,Yes,Fiber optic,No,No,Yes,No,Yes,Yes,Month-to-month,Yes,Mailed check,124.34,2369.59,Yes
CUST-0994,Male,1,Yes,Yes,12,Yes,No,DSL,No,Yes,No,No,No,No,Month-to-month,No,Mailed check,68.93,828.24,No
CUST-0995,Male,0,No,No,62,Yes,Yes,Fiber optic,Yes,Yes,Yes,No,No,No,One year,No,Electronic check,121.15,7514.45,Yes
CUST-0996,Female,0,Yes,Yes,43,Yes,Yes,Fiber optic,Yes,No,No,No,No,No,Month-to-month,Yes,Mailed check,102.62,4413.82,Yes
CUST-0997,Female,1,Yes,No,23,Yes,Yes,No,No internet service,No internet service,No internet service,No internet service,No internet service,No internet service,Two year,No,Credit card (automatic),44.35,1014.09,No
CUST-0998,Male,1,No,Yes,2,Yes,No,DSL,No,No,No,No,Yes,Yes,Month-to-month,No,Electronic check,82.23,171.01,No
CUST-0999,Male,0,No,Yes,9,Yes,No,No,No internet service,No internet service,No internet service,No internet service,No internet service,No internet service,One year,Yes,Electronic check,32.11,290.49,No
CUST-1000,Female,0,Yes,Yes,64,Yes,No,Fiber optic,No,Yes,No,Yes,Yes,No,Month-to-month,No,Electronic check,108.35,6931.46,Yes
CUST-1001,Male,0,No,Yes,48,Yes,Yes,DSL,No,Yes,No,No,No,No,Month-to-month,Yes,Credit card (automatic),82.22,3946.51,Yes
CUST-1002,Female,0,No,Yes,57,Yes,No,DSL,No,No,Yes,No,Yes,Yes,Month-to-month,No,Mailed check,94.86,5408.9,No
CUST-1003,Female,1,No,Yes,1,Yes,No,No,No internet service,No internet service,No internet service,No internet service,No internet service,No internet service,Month-to-month,Yes,Credit card (automatic),32.43,32.43,Yes
CUST-1004,Female,0,Yes,Yes,65,Yes,No,DSL,No,Yes,Yes,No,Yes,Yes,Month-to-month,Yes,Credit card (automatic),100.0,6495.92,No
CUST-1005,Female,1,Yes,Yes,30,Yes,No,DSL,Yes,Yes,Yes,No,Yes,No,Month-to-month,No,Bank transfer (automatic),96.16,2879.56,No
CUST-1006,Female,0,Yes,No,67,Yes,Yes,Fiber optic,No,Yes,No,No,No,Yes,Month-to-month,Yes,Electronic check,117.11,7845.07,No
CUST-1007,Male,1,No,Yes,36,Yes,Yes,Fiber optic,No,No,No,No,Yes,No,Month-to-month,No,Electronic check,106.98,3856.64,Yes
CUST-1008,Female,0,No,No,72,Yes,No,Fiber optic,No,No,No,No,No,No,Two year,No,Electronic check,77.15,5551.79,No
CUST-1009,Male,0,Yes,Yes,23,Yes,Yes,No,No internet service,No internet service,No internet service,No internet service,No internet service,No internet service,Month-to-month,No,Bank transfer (automatic),45.36,1040.47,No
CUST-1010,Male,0,Yes,Yes,43,Yes,Yes,No,No internet service,No internet service,No internet service,No internet service,No internet service,No internet service,One year,No,Bank transfer (automatic),46.37,1992.44,No
CUST-1011,Female,0,No,Yes,40,Yes,Yes,No,No internet service,No internet service,No internet service,No internet service,No internet service,No internet service,Month-to-month,No,Bank transfer (automatic),47.48,1897.44,No
CUST-1012,Female,0,No,Yes,50,No,No phone service,Fiber optic,No,Yes,Yes,No,No,Yes,One year,Yes,Electronic check,101.38,5070.34,Yes
CUST-1013,Male,1,No,No,41,Yes,Yes,No,No internet service,No internet service,No internet service,No internet service,No internet service,No internet service,Month-to-month,Yes,Electronic check,48.98,2007.57,Yes
CUST-1014,Female,0,No,Yes,39,Yes,Yes,Fiber optic,Yes,No,No,Yes,No,No,One year,No,Credit card (automatic),110.38,4302.16,No
CUST-1015,Female,1,Yes,No,47,Yes,No,No,No internet service,No internet service,No internet service,No internet service,No internet service,No internet service,Month-to-month,Yes,Bank transfer (automatic),30.07,1414.07,Yes
CUST-1016,Male,1,No,No,3,Yes,Yes,Fiber optic,No,No,No,Yes,No,Yes,Month-to-month,No,Bank transfer (automatic),111.61,339.28,Yes
CUST-1017,Male,0,No,Yes,59,Yes,Yes,DSL,Yes,Yes,Yes,Yes,Yes,No,Month-to-month,No,Electronic check,117.6,6941.75,No
CUST-1018,Female,0,Yes,No,38,Yes,No,No,No internet service,No internet service,No internet service,No internet service,No internet service,No internet service,One year,No,Mailed check,26.6,1009.03,No
CUST-1019,Male,0,Yes,Yes,4,Yes,No,Fiber optic,Yes,No,No,No,Yes,Yes,Month-to-month,No,Electronic check,115.0,462.96,Yes
CUST-1020,Female,0,No,No,5,Yes,No,No,No internet service,No internet service,No internet service,No internet service,No internet service,No internet service,Month-to-month,No,Bank transfer (automatic),29.99,149.98,Yes
CUST-1021,Female,0,Yes,No,13,Yes,No,DSL,No,No,No,Yes,No,Yes,Month-to-month,No,Mailed check,80.33,1041.88,Yes
CUST-1022,Female,0,No,Yes,69,Yes,No,No,No internet service,No internet service,No internet service,No internet service,No internet service,No internet service,Month-to-month,Yes,Mailed check,31.58,2169.98,No
CUST-1023,Male,0,No,No,11,Yes,Yes,DSL,No,Yes,Yes,No,Yes,No,Two year,Yes,Credit card (automatic),103.04,1134.97,No
CUST-1024,Male,0,Yes,Yes,61,Yes,No,Fiber optic,No,No,No,No,No,No,Two year,Yes,Bank transfer (automatic),80.32,4898.85,No
CUST-1025,Male,0,Yes,Yes,26,Yes,No,Fiber optic,No,No,No,No,Yes,No,Two year,Yes,Credit card (automatic),91.29,2377.54,Yes
CUST-1026,Male,0,No,Yes,53,Yes,Yes,Fiber optic,No,No,Yes,No,No,Yes,Two year,No,Electronic check,115.6,6135.9,No
CUST-1027,Male,1,Yes,Yes,11,Yes,Yes,Fiber optic,No,No,Yes,Yes,Yes,No,Two year,No,Bank transfer (automatic),125.55,1377.02,No
CUST-1028,Female,0,No,Yes,7,Yes,No,Fiber optic,Yes,No,Yes,Yes,No,No,Two year,Yes,Bank transfer (automatic),107.78,747.84,No
CUST-1029,Female,1,No,No,15,Yes,No,DSL,Yes,Yes,Yes,Yes,No,No,Month-to-month,Yes,Electronic check,90.61,1353.57,No
CUST-1030,Female,0,No,Yes,51,Yes,Yes,Fiber optic,Yes,No,Yes,Yes,Yes,No,Month-to-month,Yes,Bank transfer (automatic),133.09,6789.56,No
CUST-1031,Female,0,Yes,Yes,25,No,No phone service,Fiber optic,No,No,No,Yes,No,Yes,Two year,Yes,Electronic check,87.35,2182.09,No
CUST-1032,Male,0,No,Yes,7,Yes,Yes,Fiber optic,No,Yes,Yes,Yes,No,No,Month-to-month,No,Bank transfer (automatic),116.35,815.17,Yes
CUST-1033,Female,0,No,Yes,44,Yes,No,DSL,Yes,No,No,Yes,No,No,Two year,No,Electronic check,75.07,3302.21,No
CUST-1034,Male,0,No,No,18,Yes,Yes,Fiber optic,No,No,Yes,No,Yes,No,Two year,Yes,Bank transfer (automatic),113.95,2055.66,Yes
CUST-1035,Female,0,Yes,No,16,Yes,Yes,No,No internet service,No internet service,No internet service,No internet service,No internet service,No internet service,Two year,Yes,Mailed check,44.19,707.18,No
CUST-1036,Male,0,No,No,64,Yes,Yes,DSL,Yes,No,Yes,Yes,Yes,No,Month-to-month,No,Mailed check,110.31,7054.35,Yes
CUST-1037,Male,0,No,Yes,28,Yes,No,Fiber optic,No,No,Yes,No,Yes,Yes,Month-to-month,No,Mailed check,113.1,3162.77,Yes
CUST-1038,Female,0,No,Yes,13,Yes,No,DSL,No,No,Yes,No,Yes,Yes,One year,Yes,Mailed check,94.72,1235.87,No
CUST-1039,Female,0,Yes,No,16,Yes,No,DSL,No,Yes,Yes,No,No,Yes,Month-to-month,Yes,Mailed check,91.67,1463.95,No
CUST-1040,Female,0,No,No,12,Yes,No,Fiber optic,Yes,No,No,No,Yes,No,Two year,Yes,Electronic check,101.44,1220.35,No
CUST-1041,Female,0,No,Yes,62,Yes,No,Fiber optic,No,Yes,No,No,Yes,No,Two year,Yes,Credit card (automatic),102.54,6357.92,No
CUST-1042,Male,0,Yes,Yes,32,Yes,No,Fiber optic,Yes,No,No,No,Yes,No,Two year,Yes,Credit card (automatic),98.28,3149.27,No
CUST-1043,Female,0,Yes,No,28,Yes,Yes,No,No internet service,No internet service,No internet service,No internet service,No internet service,No internet service,One year,No,Electronic check,46.62,1312.35,No
CUST-1044,Female,0,No,No,36,Yes,No,No,No internet service,No internet service,No internet service,No internet service,No internet service,No internet service,Month-to-month,Yes,Bank transfer (automatic),28.84,1034.57,Yes
CUST-1045,Male,1,No,Yes,45,Yes,No,No,No internet service,No internet service,No internet service,No internet service,No internet service,No internet service,Two year,Yes,Bank transfer (automatic),32.32,1460.06,No
CUST-1046,Female,0,No,No,23,Yes,Yes,Fiber optic,No,No,No,Yes,Yes,Yes,Month-to-month,Yes,Credit card (automatic),127.83,2935.17,Yes
CUST-1047,Female,0,Yes,Yes,13,Yes,No,Fiber optic,Yes,No,No,No,Yes,No,Two year,Yes,Electronic check,100.59,1311.95,No
CUST-1048,Female,0,Yes,Yes,4,Yes,No,Fiber optic,No,Yes,Yes,No,Yes,No,Month-to-month,No,Electronic check,106.6,424.09,Yes
CUST-1049,Female,0,No,Yes,52,Yes,Yes,Fiber optic,No,No,Yes,No,No,No,Month-to-month,Yes,Electronic check,101.79,5282.31,No
CUST-1050,Female,0,Yes,Yes,29,Yes,Yes,Fiber optic,No,No,No,No,No,No,Two year,No,Mailed check,91.99,2677.92,No
CUST-1051,Male,0,No,Yes,59,Yes,Yes,DSL,No,No,No,No,Yes,Yes,Month-to-month,Yes,Mailed check,97.8,5769.66,No
CUST-1052,Female,0,No,Yes,72,Yes,No,DSL,No,Yes,No,Yes,No,Yes,Month-to-month,Yes,Credit card (automatic),86.49,6231.01,No
CUST-1053,Female,0,Yes,Yes,27,Yes,Yes,Fiber optic,No,Yes,No,Yes,Yes,Yes,Month-to-month,Yes,Credit card (automatic),133.42,3601.09,Yes
CUST-1054,Female,0,No,No,25,Yes,No,DSL,No,Yes,Yes,Yes,No,Yes,Month-to-month,No,Mailed check,95.22,2384.82,Yes
CUST-1055,Female,0,Yes,No,17,Yes,Yes,DSL,No,No,Yes,No,No,Yes,Month-to-month,No,Electronic check,99.33,1684.93,Yes
CUST-1056,Female,0,Yes,Yes,35,Yes,No,Fiber optic,No,No,Yes,Yes,No,Yes,One year,No,Electronic check,111.16,3888.26,No
CUST-1057,Male,0,No,Yes,7,Yes,Yes,DSL,Yes,No,No,No,Yes,Yes,One year,No,Electronic check,109.91,772.41,No
CUST-1058,Female,0,Yes,No,17,Yes,No,Fiber optic,No,No,Yes,No,Yes,No,Month-to-month,Yes,Bank transfer (automatic),98.96,1681.78,Yes
CUST-1059,Male,0,No,Yes,57,Yes,Yes,No,No internet service,No internet service,No internet service,No internet service,No internet service,No internet service,One year,No,Bank transfer (automatic),45.07,2564.24,Yes
CUST-1060,Male,0,Yes,No,31,Yes,Yes,DSL,No,No,No,No,Yes,No,Month-to-month,No,Bank transfer (automatic),86.18,2673.75,No
CUST-1061,Female,0,No,No,48,Yes,No,DSL,Yes,No,No,Yes,Yes,No,Month-to-month,Yes,Electronic check,85.6,4110.56,Yes
CUST-1062,Female,0,No,Yes,47,Yes,No,DSL,No,Yes,Yes,No,Yes,Yes,One year,Yes,Credit card (automatic),100.0,4699.22,No
CUST-1063,Female,0,No,No,70,No,No phone service,Fiber optic,Yes,Yes,No,Yes,No,Yes,One year,Yes,Mailed check,106.52,7453.18,Yes
CUST-1064,Female,0,Yes,No,64,Yes,Yes,Fiber optic,No,Yes,No,No,Yes,No,Two year,Yes,Mailed check,117.21,7500.93,No
CUST-1065,Male,0,No,Yes,32,Yes,No,Fiber optic,No,No,No,Yes,Yes,No,Two year,Yes,Credit card (automatic),100.24,3211.81,No
CUST-1066,Female,0,Yes,Yes,49,Yes,No,Fiber optic,Yes,Yes,No,No,Yes,No,One year,Yes,Electronic check,103.21,5055.54,Yes
CUST-1067,Female,0,Yes,Yes,3,Yes,Yes,Fiber optic,No,Yes,Yes,Yes,Yes,No,One year,Yes,Electronic check,129.3,379.76,Yes
CUST-1068,Female,0,Yes,Yes,35,Yes,Yes,No,No internet service,No internet service,No internet service,No internet service,No internet service,No internet service,Month-to-month,Yes,Mailed check,43.9,1535.57,No
CUST-1069,Female,0,Yes,Yes,27,Yes,No,DSL,Yes,Yes,No,Yes,No,No,Month-to-month,No,Bank transfer (automatic),80.67,2177.86,No
CUST-1070,Female,1,Yes,Yes,2,Yes,No,No,No internet service,No internet service,No internet service,No internet service,No internet service,No internet service,Two year,Yes,Mailed check,28.87,58.68,Yes
CUST-1071,Female,0,No,Yes,5,Yes,No,Fiber optic,Yes,Yes,No,No,Yes,No,One year,No,Bank transfer (automatic),109.83,549.97,Yes
CUST-1072,Male,0,Yes,No,44,Yes,No,DSL,Yes,No,No,No,No,Yes,One year,No,Electronic check,78.92,3475.71,No
CUST-1073,Male,0,No,Yes,22,No,No phone service,Fiber optic,No,No,No,No,Yes,No,Month-to-month,No,Electronic check,83.49,1836.18,Yes
CUST-1074,Female,1,No,Yes,6,Yes,No,DSL,No,No,No,Yes,Yes,Yes,Two year,Yes,Electronic check,92.16,552.16,Yes
CUST-1075,Female,1,Yes,Yes,60,Yes,Yes,Fiber optic,No,No,No,Yes,Yes,Yes,Month-to-month,No,Credit card (automatic),128.81,7729.88,No
CUST-1076,Female,0,No,Yes,64,Yes,Yes,DSL,No,No,Yes,No,Yes,No,Two year,Yes,Bank transfer (automatic),92.12,5887.14,No
CUST-1077,Male,0,No,Yes,5,Yes,No,DSL,Yes,Yes,Yes,No,Yes,Yes,Month-to-month,Yes,Electronic check,108.94,542.58,Yes
CUST-1078,Female,0,Yes,Yes,23,Yes,Yes,Fiber optic,Yes,No,No,Yes,Yes,Yes,Month-to-month,No,Electronic check,133.6,3070.75,Yes
CUST-1079,Male,0,No,Yes,36,Yes,No,Fiber optic,Yes,Yes,No,No,Yes,Yes,Month-to-month,No,Credit card (automatic),122.59,4412.18,Yes
CUST-1080,Female,0,Yes,No,44,Yes,No,No,No internet service,No internet service,No internet service,No internet service,No internet service,No internet service,One year,Yes,Electronic check,27.44,1201.59,No
CUST-1081,Female,0,Yes,No,50,No,No phone service,Fiber optic,No,No,No,No,No,No,Month-to-month,Yes,Mailed check,72.19,3610.05,Yes
CUST-1082,Female,0,Yes,Yes,44,Yes,No,Fiber optic,Yes,No,No,No,Yes,No,Month-to-month,Yes,Mailed check,100.01,4399.06,Yes
CUST-1083,Female,0,No,Yes,62,Yes,No,No,No internet service,No internet service,No internet service,No internet service,No internet service,No internet service,Month-to-month,No,Mailed check,30.66,1893.65,No
CUST-1084,Male,1,No,Yes,28,Yes,No,DSL,No,No,Yes,No,No,Yes,One year,No,Mailed check,80.26,2244.5,Yes
CUST-1085,Male,0,No,No,24,Yes,Yes,DSL,No,Yes,Yes,No,Yes,No,Month-to-month,No,Bank transfer (automatic),99.46,2387.34,Yes
CUST-1086,Female,0,No,Yes,9,Yes,Yes,Fiber optic,No,Yes,No,No,Yes,No,Month-to-month,Yes,Electronic check,116.29,1052.1,No
CUST-1087,Female,0,Yes,No,34,Yes,Yes,Fiber optic,No,No,No,No,Yes,Yes,Month-to-month,Yes,Mailed check,118.62,4040.69,Yes
CUST-1088,Male,0,Yes,Yes,54,Yes,No,Fiber optic,No,No,Yes,No,Yes,No,Two year,Yes,Credit card (automatic),102.66,5543.0,No
CUST-1089,Male,0,No,Yes,24,Yes,No,Fiber optic,No,No,No,No,No,No,Two year,No,Bank transfer (automatic),81.15,1953.3,Yes
CUST-1090,Male,0,Yes,Yes,44,Yes,Yes,DSL,No,No,No,Yes,Yes,Yes,Two year,No,Electronic check,108.8,4792.18,No
CUST-1091,Male,1,No,No,11,Yes,No,Fiber optic,No,No,No,No,Yes,No,Month-to-month,No,Mailed check,91.66,1011.0,Yes
CUST-1092,Female,0,Yes,No,3,Yes,Yes,Fiber optic,Yes,No,Yes,No,Yes,No,Two year,Yes,Electronic check,124.12,368.11,No
CUST-1093,Male,0,Yes,Yes,66,Yes,Yes,No,No internet service,No internet service,No internet service,No internet service,No internet service,No internet service,Two year,No,Mailed check,46.51,3072.8,No
CUST-1094,Female,0,Yes,Yes,16,Yes,Yes,No,No internet service,No internet service,No internet service,No internet service,No internet service,No internet service,One year,No,Electronic check,47.11,750.43,No
CUST-1095,Male,0,Yes,Yes,72,Yes,No,Fiber optic,No,Yes,No,Yes,No,No,Month-to-month,Yes,Mailed check,97.74,7041.5,No
CUST-1096,Male,0,Yes,Yes,64,Yes,Yes,Fiber optic,No,No,Yes,No,Yes,No,One year,Yes,Mailed check,117.42,7513.91,No
CUST-1097,Male,0,No,No,52,Yes,Yes,Fiber optic,Yes,No,No,No,Yes,No,Month-to-month,No,Mailed check,113.5,5901.29,No
CUST-1098,Male,0,No,No,56,Yes,Yes,DSL,No,No,Yes,No,No,Yes,One year,Yes,Mailed check,94.85,5314.62,No
CUST-1099,Male,0,Yes,No,27,No,No phone service,No,No internet service,No internet service,No internet service,No internet service,No internet service,No internet service,Month-to-month,No,Credit card (automatic),19.24,527.51,No
CUST-1100,Female,0,No,No,15,Yes,Yes,No,No internet service,No internet service,No internet service,No internet service,No internet service,No internet service,One year,Yes,Electronic check,45.8,689.32,No
CUST-1101,Female,0,Yes,Yes,20,Yes,No,Fiber optic,No,No,No,No,Yes,Yes,Month-to-month,Yes,Mailed check,103.57,2080.74,Yes
CUST-1102,Male,0,Yes,No,41,Yes,No,No,No internet service,No internet service,No internet service,No internet service,No internet service,No internet service,One year,No,Mailed check,28.56,1166.71,Yes
CUST-1103,Male,0,Yes,No,53,Yes,Yes,Fiber optic,No,No,No,Yes,No,Yes,One year,No,Credit card (automatic),113.96,6037.41,Yes
CUST-1104,Female,0,Yes,Yes,31,Yes,No,DSL,No,No,No,Yes,Yes,Yes,Month-to-month,No,Electronic check,91.76,2843.43,No
CUST-1105,Male,0,No,No,37,Yes,No,Fiber optic,Yes,No,No,No,Yes,No,Month-to-month,Yes,Bank transfer (automatic),99.5,3678.94,Yes
CUST-1106,Male,0,Yes,Yes,69,Yes,No,Fiber optic,No,No,Yes,Yes,Yes,Yes,Month-to-month,Yes,Bank transfer (automatic),118.13,8155.19,No
CUST-1107,Female,0,No,No,37,Yes,No,No,No internet service,No internet service,No internet service,No internet service,No internet service,No internet service,One year,Yes,Credit card (automatic),29.97,1106.11,No
CUST-1108,Male,0,Yes,Yes,53,No,No phone service,Fiber optic,No,No,Yes,No,No,No,One year,No,Electronic check,78.24,4143.9,Yes
CUST-1109,Male,1,Yes,Yes,59,Yes,Yes,No,No internet service,No internet service,No internet service,No internet service,No internet service,No internet service,Month-to-month,No,Credit card (automatic),43.68,2570.11,Yes
CUST-1110,Female,1,No,Yes,46,No,No phone service,Fiber optic,No,No,No,Yes,Yes,No,Month-to-month,No,Bank transfer (automatic),88.95,4091.65,No
CUST-1111,Female,0,Yes,Yes,11,Yes,Yes,No,No internet service,No internet service,No internet service,No internet service,No internet service,No internet service,One year,No,Mailed check,47.79,531.33,No
CUST-1112,Female,0,Yes,Yes,52,Yes,No,DSL,Yes,Yes,No,No,No,Yes,Month-to-month,Yes,Electronic check,84.67,4405.7,Yes
CUST-1113,Male,0,No,Yes,32,No,No phone service,Fiber optic,No,Yes,Yes,No,No,No,Two year,No,Bank transfer (automatic),86.23,2769.58,No
CUST-1114,Female,0,No,Yes,27,Yes,Yes,No,No internet service,No internet service,No internet service,No internet service,No internet service,No internet service,One year,No,Electronic check,48.38,1311.74,No
CUST-1115,Female,0,No,Yes,2,Yes,Yes,Fiber optic,No,No,No,Yes,No,Yes,One year,Yes,Credit card (automatic),114.42,234.53,Yes
CUST-1116,Female,0,Yes,No,25,Yes,Yes,Fiber optic,No,No,Yes,No,No,Yes,Month-to-month,No,Electronic check,116.72,2927.62,Yes
CUST-1117,Female,0,Yes,No,53,Yes,No,Fiber optic,No,No,Yes,No,No,No,One year,Yes,Bank transfer (automatic),84.81,4498.13,Yes
CUST-1118,Female,0,No,Yes,39,Yes,Yes,No,No internet service,No internet service,No internet service,No internet service,No internet service,No internet service,Month-to-month,Yes,Electronic check,41.41,1609.13,No
CUST-1119,Female,0,No,No,65,Yes,Yes,Fiber optic,No,Yes,Yes,Yes,No,Yes,Month-to-month,Yes,Electronic check,130.96,8515.49,Yes
CUST-1120,Male,0,Yes,Yes,67,Yes,No,Fiber optic,No,No,Yes,No,No,No,Month-to-month,Yes,Credit card (automatic),86.24,5780.69,No
CUST-1121,Male,0,Yes,No,46,Yes,Yes,No,No internet service,No internet service,No internet service,No internet service,No internet service,No internet service,Month-to-month,No,Credit card (automatic),46.24,2126.14,Yes
CUST-1122,Female,0,No,Yes,1,Yes,Yes,Fiber optic,Yes,No,No,Yes,No,No,Two year,Yes,Electronic check,111.72,111.72,No
CUST-1123,Female,0,No,Yes,41,Yes,Yes,No,No internet service,No internet service,No internet service,No internet service,No internet service,No internet service,Month-to-month,No,Credit card (automatic),48.61,1996.33,No
CUST-1124,Female,1,No,Yes,33,Yes,Yes,Fiber optic,Yes,No,No,No,No,Yes,Month-to-month,No,Mailed check,116.4,3840.18,Yes
CUST-1125,Male,0,No,Yes,20,Yes,Yes,Fiber optic,No,Yes,No,No,No,No,Month-to-month,No,Electronic check,102.67,2051.61,Yes
CUST-1126,Male,0,Yes,No,43,Yes,No,DSL,No,No,Yes,No,No,No,Two year,Yes,Mailed check,69.04,2979.19,No
CUST-1127,Male,0,Yes,No,1,Yes,Yes,Fiber optic,No,No,No,No,Yes,Yes,Month-to-month,Yes,Electronic check,118.78,125.5,Yes
CUST-1128,Male,1,Yes,Yes,58,No,No phone service,Fiber optic,No,No,No,Yes,No,Yes,Two year,Yes,Electronic check,87.37,5060.25,Yes
CUST-1129,Male,0,Yes,Yes,15,Yes,No,Fiber optic,No,No,Yes,Yes,No,Yes,Two year,No,Mailed check,109.52,1655.77,No
CUST-1130,Male,0,No,No,19,Yes,No,No,No internet service,No internet service,No internet service,No internet service,No internet service,No internet service,Two year,Yes,Mailed check,31.08,591.97,No
CUST-1131,Male,0,Yes,No,25,No,No phone service,No,No internet service,No internet service,No internet service,No internet service,No internet service,No internet service,Two year,Yes,Electronic check,18.59,468.66,No
CUST-1132,Male,0,No,Yes,15,Yes,No,DSL,No,No,Yes,Yes,Yes,Yes,Month-to-month,Yes,Electronic check,103.11,1551.87,Yes
CUST-1133,Male,0,Yes,Yes,69,Yes,No,Fiber optic,No,No,Yes,No,No,Yes,One year,No,Bank transfer (automatic),98.63,6811.88,No
CUST-1134,Female,0,Yes,Yes,22,Yes,No,Fiber optic,Yes,Yes,No,No,Yes,No,Month-to-month,No,Credit card (automatic),111.64,2460.75,Yes
CUST-1135,Female,0,Yes,Yes,41,Yes,No,DSL,No,Yes,Yes,No,Yes,Yes,One year,Yes,Electronic check,99.78,4087.67,No
CUST-1136,Female,0,No,Yes,36,No,No phone service,Fiber optic,No,Yes,No,Yes,No,No,Month-to-month,Yes,Electronic check,82.68,2979.7,No
CUST-1137,Female,1,Yes,Yes,71,Yes,No,Fiber optic,No,No,No,No,No,No,Month-to-month,Yes,Bank transfer (automatic),83.76,5952.44,No
CUST-1138,Male,0,No,No,5,Yes,No,DSL,No,Yes,No,No,Yes,No,Two year,No,Credit card (automatic),82.11,416.82,Yes
CUST-1139,Male,0,No,Yes,36,Yes,Yes,DSL,No,No,Yes,Yes,No,Yes,Month-to-month,Yes,Bank transfer (automatic),104.93,3772.41,No
CUST-1140,Female,0,Yes,No,21,Yes,No,No,No internet service,No internet service,No internet service,No internet service,No internet service,No internet service,One year,Yes,Electronic check,24.74,523.61,No
CUST-1141,Male,0,No,No,5,Yes,No,Fiber optic,No,No,No,Yes,No,Yes,One year,No,Electronic check,95.76,483.48,No
CUST-1142,Female,1,Yes,No,31,Yes,Yes,Fiber optic,Yes,No,Yes,Yes,Yes,No,One year,Yes,Electronic check,133.06,4121.08,Yes
CUST-1143,Male,0,No,Yes,16,Yes,No,Fiber optic,Yes,Yes,Yes,No,Yes,Yes,Month-to-month,No,Electronic check,130.15,2085.83,Yes
CUST-1144,Female,0,Yes,No,37,Yes,Yes,DSL,No,Yes,No,No,No,No,Month-to-month,Yes,Electronic check,80.14,2964.19,Yes
CUST-1145,Male,0,No,Yes,16,Yes,Yes,DSL,Yes,No,No,No,No,Yes,Two year,No,Electronic check,95.89,1531.3,No
CUST-1146,Male,0,No,Yes,36,Yes,No,DSL,No,No,Yes,No,Yes,No,Month-to-month,No,Mailed check,79.89,2871.73,Yes
CUST-1147,Female,0,Yes,Yes,22,Yes,Yes,Fiber optic,No,No,No,No,No,Yes,Month-to-month,Yes,Mailed check,104.6,2299.96,Yes
CUST-1148,Male,0,Yes,Yes,48,Yes,Yes,No,No internet service,No internet service,No internet service,No internet service,No internet service,No internet service,Month-to-month,No,Mailed check,44.02,2116.97,No
CUST-1149,Female,0,Yes,No,60,Yes,No,Fiber optic,No,No,Yes,No,Yes,Yes,Two year,No,Credit card (automatic),115.73,6931.94,No
CUST-1150,Female,1,Yes,No,48,Yes,Yes,DSL,No,Yes,Yes,Yes,Yes,Yes,Month-to-month,No,Credit card (automatic),121.26,5814.56,Yes
CUST-1151,Female,0,No,Yes,60,Yes,Yes,DSL,Yes,Yes,Yes,Yes,Yes,Yes,Month-to-month,No,Electronic check,127.52,7648.8,No
CUST-1152,Female,0,No,Yes,31,Yes,Yes,Fiber optic,Yes,No,No,No,Yes,Yes,Month-to-month,No,Mailed check,126.06,3913.82,Yes
CUST-1153,Male,0,No,Yes,62,Yes,Yes,Fiber optic,No,Yes,No,No,Yes,No,Month-to-month,No,Bank transfer (automatic),109.04,6760.13,Yes
CUST-1154,Male,0,No,Yes,6,Yes,No,Fiber optic,No,Yes,No,Yes,No,Yes,One year,No,Electronic check,107.46,651.13,Yes
CUST-1155,Male,0,Yes,No,21,Yes,Yes,DSL,Yes,Yes,No,Yes,No,No,Two year,No,Credit card (automatic),95.72,2008.05,No
CUST-1156,Female,0,No,Yes,5,Yes,Yes,Fiber optic,No,Yes,Yes,Yes,Yes,No,Month-to-month,Yes,Credit card (automatic),128.83,636.48,No
CUST-1157,Male,0,Yes,No,60,Yes,Yes,Fiber optic,Yes,No,No,No,No,Yes,Month-to-month,Yes,Electronic check,115.5,6922.89,Yes
CUST-1158,Female,0,No,Yes,13,Yes,No,No,No internet service,No internet service,No internet service,No internet service,No internet service,No internet service,Two year,Yes,Bank transfer (automatic),27.0,348.16,No
CUST-1159,Male,0,Yes,Yes,15,Yes,Yes,DSL,No,No,Yes,No,No,Yes,Month-to-month,Yes,Mailed check,92.94,1385.97,No
CUST-1160,Male,1,Yes,Yes,2,Yes,Yes,DSL,No,Yes,No,No,Yes,No,Month-to-month,No,Electronic check,98.09,196.67,Yes
CUST-1161,Male,0,Yes,Yes,8,Yes,Yes,Fiber optic,No,No,No,No,No,No,Two year,Yes,Electronic check,95.31,772.02,Yes
CUST-1162,Female,0,Yes,Yes,46,No,No phone service,DSL,Yes,No,No,Yes,Yes,No,Month-to-month,Yes,Electronic check,78.54,3606.18,No
CUST-1163,Male,0,Yes,No,41,Yes,Yes,Fiber optic,No,No,No,No,No,No,Month-to-month,Yes,Credit card (automatic),96.27,3951.06,No
CUST-1164,Male,0,No,No,41,Yes,Yes,DSL,No,No,Yes,No,No,No,One year,Yes,Credit card (automatic),83.04,3411.94,No
CUST-1165,Female,0,Yes,Yes,22,Yes,No,DSL,No,Yes,Yes,No,No,Yes,Month-to-month,Yes,Electronic check,89.95,1976.91,No
CUST-1166,Male,0,No,Yes,2,Yes,Yes,No,No internet service,No internet service,No internet service,No internet service,No internet service,No internet service,Month-to-month,No,Bank transfer (automatic),46.19,91.02,Yes
CUST-1167,Female,0,No,Yes,0,Yes,No,Fiber optic,No,Yes,No,Yes,No,No,Month-to-month,No,Electronic check,93.89, ,No
CUST-1168,Male,0,Yes,Yes,66,No,No phone service,DSL,No,Yes,Yes,Yes,No,Yes,Month-to-month,Yes,Bank transfer (automatic),86.81,5723.11,No
CUST-1169,Female,0,No,Yes,70,Yes,No,DSL,No,No,No,No,Yes,Yes,Two year,No,Credit card (automatic),80.89,5655.55,No
CUST-1170,Female,0,No,Yes,2,Yes,No,No,No internet service,No internet service,No internet service,No internet service,No internet service,No internet service,One year,Yes,Electronic check,24.47,49.91,No
CUST-1171,Male,0,No,No,48,Yes,Yes,Fiber optic,No,No,Yes,Yes,No,Yes,Month-to-month,No,Electronic check,125.61,6040.76,Yes
CUST-1172,Female,0,Yes,No,66,Yes,Yes,No,No internet service,No internet service,No internet service,No internet service,No internet service,No internet service,Month-to-month,No,Mailed check,44.7,2947.37,Yes
CUST-1173,Female,0,Yes,No,54,Yes,No,No,No internet service,No internet service,No internet service,No internet service,No internet service,No internet service,One year,No,Credit card (automatic),32.21,1742.49,No
CUST-1174,Female,0,Yes,Yes,3,No,No phone service,No,No internet service,No internet service,No internet service,No internet service,No internet service,No internet service,One year,Yes,Mailed check,19.94,55.21,Yes
CUST-1175,Female,0,Yes,No,30,Yes,No,Fiber optic,Yes,No,Yes,No,Yes,No,Month-to-month,Yes,Electronic check,109.28,3275.2,No
CUST-1176,Female,0,No,Yes,65,Yes,Yes,No,No internet service,No internet service,No internet service,No internet service,No internet service,No internet service,Two year,No,Bank transfer (automatic),47.47,3080.33,No
CUST-1177,Female,0,No,Yes,63,Yes,Yes,Fiber optic,No,No,Yes,Yes,Yes,No,Two year,Yes,Electronic check,120.07,7560.74,No
CUST-1178,Male,0,No,No,30,Yes,No,No,No internet service,No internet service,No internet service,No internet service,No internet service,No internet service,One year,No,Bank transfer (automatic),30.85,926.08,No
CUST-1179,Female,0,No,Yes,62,Yes,No,No,No internet service,No internet service,No internet service,No internet service,No internet service,No internet service,One year,Yes,Mailed check,31.37,1936.46,No
CUST-1180,Female,0,No,Yes,65,Yes,Yes,Fiber optic,Yes,No,Yes,Yes,Yes,Yes,Two year,No,Bank transfer (automatic),144.21,9372.99,No
CUST-1181,Male,0,No,No,30,Yes,Yes,Fiber optic,No,No,No,No,No,Yes,Two year,Yes,Mailed check,103.95,3107.93,No
CUST-1182,Male,0,Yes,No,46,Yes,No,Fiber optic,Yes,No,Yes,Yes,No,Yes,Month-to-month,Yes,Electronic check,115.88,5328.08,Yes
CUST-1183,Male,0,No,No,21,Yes,No,Fiber optic,No,No,Yes,Yes,No,No,Month-to-month,No,Credit card (automatic),97.45,2040.24,Yes
CUST-1184,Male,0,No,Yes,45,Yes,No,Fiber optic,Yes,Yes,Yes,No,Yes,No,Month-to-month,Yes,Mailed check,117.26,5283.74,Yes
CUST-1185,Male,0,No,Yes,57,Yes,No,No,No internet service,No internet service,No internet service,No internet service,No internet service,No internet service,Two year,Yes,Bank transfer (automatic),33.54,1912.71,No
CUST-1186,Male,0,Yes,No,60,Yes,Yes,Fiber optic,Yes,No,Yes,No,No,Yes,Month-to-month,No,Mailed check,124.21,7451.59,Yes
CUST-1187,Male,1,No,Yes,45,Yes,Yes,DSL,No,Yes,Yes,No,Yes,Yes,Two year,Yes,Credit card (automatic),113.52,5101.48,No
CUST-1188,Female,0,No,Yes,0,Yes,Yes,Fiber optic,No,No,No,No,No,Yes,One year,No,Electronic check,108.95, ,Yes
CUST-1189,Female,0,Yes,Yes,24,No,No phone service,Fiber optic,Yes,No,Yes,Yes,No,No,Month-to-month,No,Bank transfer (automatic),95.97,2303.08,No
CUST-1190,Male,0,No,Yes,60,Yes,Yes,No,No internet service,No internet service,No internet service,No internet service,No internet service,No internet service,Two year,Yes,Electronic check,42.94,2574.97,No
CUST-1191,Female,0,Yes,Yes,13,Yes,Yes,Fiber optic,Yes,No,Yes,No,Yes,Yes,Month-to-month,No,Electronic check,140.16,1823.26,No
CUST-1192,Female,0,Yes,Yes,44,Yes,No,DSL,No,No,Yes,Yes,Yes,Yes,Month-to-month,No,Credit card (automatic),105.2,4627.66,No
CUST-1193,Female,0,No,Yes,38,Yes,No,DSL,No,No,Yes,No,No,Yes,Two year,Yes,Credit card (automatic),78.85,2992.39,No
CUST-1194,Male,0,No,Yes,65,Yes,Yes,DSL,Yes,No,No,Yes,No,No,Two year,No,Mailed check,87.99,5719.23,No
CUST-1195,Male,0,Yes,Yes,31,Yes,No,DSL,Yes,No,No,No,No,Yes,Month-to-month,Yes,Bank transfer (automatic),77.72,2401.94,Yes
CUST-1196,Female,0,No,Yes,57,Yes,Yes,No,No internet service,No internet service,No internet service,No internet service,No internet service,No internet service,Two year,Yes,Credit card (automatic),42.45,2405.76,No
CUST-1197,Male,1,No,No,55,Yes,No,Fiber optic,No,No,No,Yes,Yes,Yes,Month-to-month,No,Electronic check,109.1,5995.78,Yes
CUST-1198,Female,0,Yes,Yes,5,Yes,Yes,Fiber optic,No,No,Yes,No,Yes,No,Month-to-month,Yes,Credit card (automatic),113.68,561.25,Yes
CUST-1199,Female,1,Yes,Yes,66,Yes,Yes,No,No internet service,No internet service,No internet service,No internet service,No internet service,No internet service,Month-to-month,Yes,Credit card (automatic),42.57,2815.41,Yes
CUST-1200,Female,0,No,No,49,Yes,No,Fiber optic,No,No,No,Yes,Yes,No,Month-to-month,Yes,Bank transfer (automatic),103.28,5067.07,No
CUST-1201,Female,0,Yes,Yes,37,Yes,Yes,DSL,Yes,No,Yes,No,Yes,Yes,Two year,Yes,Mailed check,111.55,4130.9,No
CUST-1202,Male,0,No,Yes,2,Yes,No,Fiber optic,Yes,No,No,No,No,Yes,Two year,Yes,Credit card (automatic),100.64,200.64,Yes
CUST-1203,Male,0,No,Yes,4,Yes,No,DSL,Yes,No,No,Yes,Yes,Yes,One year,Yes,Bank transfer (automatic),99.33,392.24,No
CUST-1204,Male,0,No,No,23,Yes,Yes,Fiber optic,No,No,Yes,No,Yes,No,Two year,Yes,Mailed check,115.82,2663.67,Yes
CUST-1205,Female,1,No,No,53,Yes,No,No,No internet service,No internet service,No internet service,No internet service,No internet service,No internet service,Month-to-month,Yes,Credit card (automatic),29.75,1571.89,Yes
CUST-1206,Male,1,Yes,No,33,No,No phone service,No,No internet service,No internet service,No internet service,No internet service,No internet service,No internet service,Two year,No,Electronic check,20.3,665.93,No
CUST-1207,Female,0,No,No,38,Yes,Yes,DSL,No,Yes,Yes,Yes,Yes,No,Month-to-month,Yes,Electronic check,113.53,4310.09,Yes
CUST-1208,Male,0,Yes,Yes,47,Yes,No,Fiber optic,Yes,No,No,Yes,No,Yes,Month-to-month,Yes,Credit card (automatic),106.83,5025.13,Yes
CUST-1209,Female,0,No,Yes,48,Yes,Yes,Fiber optic,No,No,No,No,No,No,Month-to-month,Yes,Electronic check,91.79,4404.35,Yes
CUST-1210,Female,1,No,Yes,33,Yes,Yes,Fiber optic,Yes,Yes,No,No,No,No,Two year,No,Electronic check,110.91,3646.99,No
CUST-1211,Female,0,Yes,Yes,6,Yes,No,Fiber optic,No,No,Yes,No,No,Yes,Month-to-month,No,Bank transfer (automatic),98.33,585.64,Yes
CUST-1212,Male,0,No,No,17,No,No phone service,DSL,Yes,No,Yes,No,Yes,Yes,Two year,Yes,Mailed check,90.73,1541.69,No
CUST-1213,Male,0,Yes,Yes,69,Yes,No,Fiber optic,No,Yes,Yes,Yes,Yes,No,One year,Yes,Credit card (automatic),114.6,7907.98,No
CUST-1214,Male,0,Yes,Yes,33,Yes,Yes,No,No internet service,No internet service,No internet service,No internet service,No internet service,No internet service,Month-to-month,Yes,Electronic check,43.36,1423.17,No
CUST-1215,Male,1,No,No,50,Yes,No,No,No internet service,No internet service,No internet service,No internet service,No internet service,No internet service,Month-to-month,Yes,Electronic check,32.68,1637.13,Yes
CUST-1216,Female,0,No,Yes,67,Yes,No,No,No internet service,No internet service,No internet service,No internet service,No internet service,No internet service,One year,No,Credit card (automatic),34.33,2305.08,Yes
CUST-1217,Male,0,No,Yes,13,Yes,Yes,DSL,Yes,Yes,No,No,Yes,Yes,One year,No,Mailed check,113.15,1472.98,No
CUST-1218,Male,0,No,Yes,68,Yes,No,Fiber optic,No,No,Yes,No,Yes,Yes,One year,Yes,Bank transfer (automatic),112.09,7622.31,No
CUST-1219,Female,0,Yes,Yes,7,Yes,Yes,Fiber optic,No,Yes,Yes,Yes,No,Yes,One year,No,Credit card (automatic),130.11,913.42,No
CUST-1220,Female,0,No,Yes,14,Yes,Yes,No,No internet service,No internet service,No internet service,No internet service,No internet service,No internet service,Month-to-month,No,Mailed check,45.67,641.26,No
CUST-1221,Female,0,No,Yes,58,No,No phone service,No,No internet service,No internet service,No internet service,No internet service,No internet service,No internet service,Two year,No,Electronic check,19.27,1112.79,No
CUST-1222,Male,0,No,Yes,10,Yes,No,No,No internet service,No internet service,No internet service,No internet service,No internet service,No internet service,Month-to-month,No,Mailed check,31.37,318.53,Yes
CUST-1223,Female,1,No,No,19,No,No phone service,No,No internet service,No internet service,No internet service,No internet service,No internet service,No internet service,One year,No,Mailed check,18.0,347.45,No
CUST-1224,Female,0,No,No,54,Yes,No,Fiber optic,No,No,No,No,Yes,Yes,Month-to-month,Yes,Electronic check,106.48,5741.14,Yes
CUST-1225,Female,0,Yes,Yes,35,Yes,No,Fiber optic,Yes,Yes,Yes,No,No,No,Two year,No,Electronic check,103.69,3621.68,Yes
CUST-1226,Male,1,No,Yes,13,Yes,Yes,No,No internet service,No internet service,No internet service,No internet service,No internet service,No internet service,One year,Yes,Bank transfer (automatic),48.6,632.94,No
CUST-1227,Female,0,Yes,No,57,Yes,No,Fiber optic,No,No,Yes,No,Yes,No,Two year,Yes,Electronic check,103.62,5907.85,No
CUST-1228,Male,0,No,No,37,Yes,No,No,No internet service,No internet service,No internet service,No internet service,No internet service,No internet service,Two year,Yes,Mailed check,30.45,1131.13,No
CUST-1229,Male,0,No,Yes,0,Yes,No,No,No internet service,No internet service,No internet service,No internet service,No internet service,No internet service,Month-to-month,Yes,Electronic check,29.19, ,Yes
CUST-1230,Female,0,No,Yes,64,Yes,No,Fiber optic,No,No,Yes,No,No,No,One year,No,Electronic check,86.74,5555.98,Yes
CUST-1231,Female,0,Yes,No,0,Yes,Yes,DSL,Yes,Yes,No,No,No,No,Two year,Yes,Credit card (automatic),91.86, ,Yes
CUST-1232,Male,1,No,Yes,59,Yes,No,DSL,Yes,No,No,No,Yes,Yes,Two year,Yes,Bank transfer (automatic),93.02,5490.79,No
CUST-1233,Female,0,Yes,Yes,24,Yes,No,DSL,No,Yes,No,Yes,No,No,Month-to-month,Yes,Bank transfer (automatic),75.19,1804.25,No
CUST-1234,Female,0,Yes,Yes,9,No,No phone service,Fiber optic,Yes,Yes,Yes,No,No,No,Month-to-month,Yes,Mailed check,92.21,825.13,Yes
CUST-1235,Male,0,No,Yes,49,Yes,No,Fiber optic,Yes,No,Yes,No,No,Yes,Month-to-month,No,Bank transfer (automatic),105.82,5189.65,Yes
CUST-1236,Male,0,Yes,Yes,11,Yes,No,Fiber optic,No,No,Yes,No,Yes,No,Two year,No,Electronic check,102.29,1128.6,No
CUST-1237,Female,0,No,Yes,31,No,No phone service,Fiber optic,Yes,No,No,Yes,Yes,No,Month-to-month,No,Electronic check,95.62,2968.78,No
CUST-1238,Male,0,No,No,32,Yes,No,No,No internet service,No internet service,No internet service,No internet service,No internet service,No internet service,Month-to-month,Yes,Electronic check,28.65,910.36,Yes
CUST-1239,Female,0,Yes,Yes,71,Yes,No,DSL,No,Yes,No,No,No,Yes,Month-to-month,No,Mailed check,80.2,5699.9,No
CUST-1240,Female,0,No,Yes,25,Yes,No,No,No internet service,No internet service,No internet service,No internet service,No internet service,No internet service,Month-to-month,No,Electronic check,31.74,798.89,Yes
CUST-1241,Female,1,No,Yes,41,Yes,Yes,DSL,No,No,No,Yes,No,Yes,Two year,Yes,Mailed check,95.56,3913.2,Yes
CUST-1242,Male,0,Yes,No,49,Yes,No,Fiber optic,No,No,Yes,Yes,No,Yes,Month-to-month,Yes,Electronic check,105.68,5179.3,No
CUST-1243,Female,0,Yes,Yes,60,Yes,Yes,Fiber optic,Yes,No,No,No,No,No,Month-to-month,Yes,Bank transfer (automatic),102.01,6122.81,Yes
CUST-1244,Female,0,Yes,Yes,40,Yes,No,No,No internet service,No internet service,No internet service,No internet service,No internet service,No internet service,Month-to-month,Yes,Electronic check,28.52,1145.51,Yes
CUST-1245,Female,0,Yes,Yes,56,Yes,Yes,Fiber optic,No,Yes,Yes,No,Yes,Yes,Two year,No,Credit card (automatic),137.1,7676.73,No
CUST-1246,Male,0,Yes,No,1,Yes,No,DSL,No,No,No,No,No,No,Month-to-month,No,Bank transfer (automatic),61.59,61.59,Yes
CUST-1247,Male,0,Yes,Yes,69,Yes,Yes,Fiber optic,No,No,No,Yes,No,No,Month-to-month,Yes,Mailed check,100.56,6938.49,No
CUST-1248,Male,0,No,Yes,30,Yes,Yes,DSL,Yes,Yes,Yes,No,Yes,Yes,Month-to-month,Yes,Bank transfer (automatic),122.51,3670.61,Yes
CUST-1249,Male,0,Yes,Yes,22,Yes,No,Fiber optic,No,Yes,No,No,No,Yes,One year,Yes,Mailed check,100.4,2208.9,Yes
CUST-1250,Male,1,Yes,No,53,Yes,No,Fiber optic,Yes,No,Yes,Yes,Yes,Yes,Two year,No,Electronic check,125.09,6632.46,Yes
CUST-1251,Female,1,No,Yes,27,Yes,Yes,Fiber optic,No,No,No,Yes,Yes,Yes,Two year,No,Electronic check,129.04,3487.3,Yes
CUST-1252,Male,1,No,No,18,Yes,Yes,No,No internet service,No internet service,No internet service,No internet service,No internet service,No internet service,Two year,No,Mailed check,45.49,817.44,No
CUST-1253,Male,0,Yes,No,47,Yes,No,No,No internet service,No internet service,No internet service,No internet service,No internet service,No internet service,Month-to-month,No,Electronic check,31.42,1480.05,Yes
CUST-1254,Male,0,Yes,No,1,Yes,No,Fiber optic,No,Yes,Yes,No,Yes,No,Two year,Yes,Electronic check,105.07,105.94,No
CUST-1255,Female,0,No,Yes,10,Yes,No,DSL,No,No,No,No,No,No,Month-to-month,Yes,Credit card (automatic),59.99,599.99,No
CUST-1256,Male,0,Yes,No,43,Yes,No,No,No internet service,No internet service,No internet service,No internet service,No internet service,No internet service,Month-to-month,Yes,Bank transfer (automatic),29.76,1289.46,No
CUST-1257,Male,0,Yes,Yes,58,Yes,No,Fiber optic,Yes,No,No,No,Yes,No,Month-to-month,No,Credit card (automatic),98.11,5691.75,No
CUST-1258,Female,0,No,Yes,58,Yes,No,Fiber optic,No,Yes,No,No,No,No,Month-to-month,No,Bank transfer (automatic),87.49,5073.77,Yes
CUST-1259,Male,0,Yes,No,37,Yes,No,Fiber optic,Yes,No,Yes,No,Yes,Yes,Month-to-month,Yes,Credit card (automatic),121.81,4507.69,Yes
CUST-1260,Female,0,No,Yes,24,Yes,No,Fiber optic,No,No,No,No,No,Yes,Two year,Yes,Electronic check,90.18,2164.39,No
CUST-1261,Female,0,Yes,Yes,20,Yes,Yes,No,No internet service,No internet service,No internet service,No internet service,No internet service,No internet service,Two year,Yes,Bank transfer (automatic),45.0,898.97,No
CUST-1262,Female,0,No,Yes,41,Yes,Yes,No,No internet service,No internet service,No internet service,No internet service,No internet service,No internet service,Month-to-month,Yes,Electronic check,48.04,1973.21,No
CUST-1263,Female,0,No,Yes,35,Yes,No,No,No internet service,No internet service,No internet service,No internet service,No internet service,No internet service,Month-to-month,No,Electronic check,26.64,932.89,No
CUST-1264,Female,0,No,Yes,8,Yes,Yes,No,No internet service,No internet service,No internet service,No internet service,No internet service,No internet service,Two year,No,Credit card (automatic),44.93,364.73,No
CUST-1265,Male,0,Yes,No,11,Yes,No,No,No internet service,No internet service,No internet service,No internet service,No internet service,No internet service,Month-to-month,No,Mailed check,28.69,314.93,Yes
CUST-1266,Female,0,No,No,9,Yes,No,DSL,Yes,No,Yes,No,No,Yes,Two year,Yes,Electronic check,89.05,809.91,No
CUST-1267,Female,0,Yes,Yes,58,Yes,Yes,No,No internet service,No internet service,No internet service,No internet service,No internet service,No internet service,Two year,No,Electronic check,44.5,2580.95,No
CUST-1268,Male,0,No,Yes,4,Yes,Yes,DSL,No,Yes,No,No,Yes,No,Two year,Yes,Mailed check,96.97,388.11,Yes
CUST-1269,Female,0,No,No,32,No,No phone service,Fiber optic,Yes,No,No,No,No,No,Two year,Yes,Electronic check,78.93,2523.17,No
CUST-1270,Male,0,No,Yes,68,Yes,Yes,DSL,Yes,No,No,Yes,No,No,Two year,Yes,Mailed check,91.41,6217.65,No
CUST-1271,Male,0,Yes,Yes,62,Yes,No,Fiber optic,No,No,No,Yes,No,Yes,Two year,No,Bank transfer (automatic),101.6,6309.34,No
CUST-1272,Male,1,Yes,Yes,28,Yes,No,DSL,No,Yes,Yes,No,No,Yes,Two year,Yes,Bank transfer (automatic),87.56,2451.95,No
CUST-1273,Female,0,No,Yes,17,Yes,Yes,Fiber optic,Yes,No,No,Yes,No,No,One year,No,Mailed check,109.9,1872.42,No
CUST-1274,Female,0,Yes,Yes,5,Yes,No,Fiber optic,Yes,No,No,Yes,Yes,No,Month-to-month,No,Bank transfer (automatic),108.36,540.89,Yes
CUST-1275,Female,0,Yes,Yes,52,No,No phone service,DSL,Yes,Yes,No,No,Yes,No,One year,No,Electronic check,77.21,4002.58,No
CUST-1276,Male,1,Yes,Yes,31,Yes,No,No,No internet service,No internet service,No internet service,No internet service,No internet service,No internet service,Two year,Yes,Credit card (automatic),27.73,867.82,No
CUST-1277,Female,0,No,Yes,41,Yes,Yes,No,No internet service,No internet service,No internet service,No internet service,No internet service,No internet service,Two year,Yes,Electronic check,42.87,1760.27,No
CUST-1278,Female,0,Yes,Yes,46,Yes,No,No,No internet service,No internet service,No internet service,No internet service,No internet service,No internet service,One year,Yes,Credit card (automatic),27.49,1277.52,No
CUST-1279,Female,0,No,No,30,Yes,No,No,No internet service,No internet service,No internet service,No internet service,No internet service,No internet service,One year,Yes,Mailed check,29.93,898.54,No
CUST-1280,Male,1,No,No,61,Yes,No,No,No internet service,No internet service,No internet service,No internet service,No internet service,No internet service,Two year,No,Electronic check,30.04,1831.55,No
CUST-1281,Male,0,No,Yes,55,Yes,No,No,No internet service,No internet service,No internet service,No internet service,No internet service,No internet service,Month-to-month,Yes,Bank transfer (automatic),26.74,1470.62,Yes
CUST-1282,Female,0,Yes,Yes,10,Yes,No,Fiber optic,No,Yes,Yes,Yes,Yes,No,Month-to-month,No,Credit card (automatic),118.11,1184.64,Yes
CUST-1283,Female,0,No,No,25,Yes,No,Fiber optic,No,No,No,No,Yes,No,Month-to-month,Yes,Mailed check,94.23,2354.87,Yes
CUST-1284,Female,0,Yes,Yes,26,Yes,No,No,No internet service,No internet service,No internet service,No internet service,No internet service,No internet service,Two year,No,Electronic check,29.59,767.15,No
CUST-1285,Female,0,Yes,No,56,Yes,Yes,Fiber optic,No,Yes,No,No,No,Yes,Month-to-month,No,Mailed check,116.75,6534.29,Yes
CUST-1286,Male,0,No,Yes,26,Yes,No,DSL,Yes,No,Yes,No,Yes,Yes,Month-to-month,Yes,Electronic check,99.11,2577.05,Yes
CUST-1287,Male,0,No,No,58,Yes,Yes,Fiber optic,No,No,Yes,No,No,Yes,Month-to-month,No,Electronic check,111.87,6493.08,Yes
CUST-1288,Male,0,No,Yes,61,Yes,No,DSL,No,Yes,No,No,Yes,Yes,Month-to-month,Yes,Electronic check,91.74,5597.82,Yes
CUST-1289,Male,0,Yes,Yes,19,Yes,No,Fiber optic,Yes,No,Yes,No,No,Yes,Two year,No,Mailed check,107.24,2038.45,No
CUST-1290,Female,1,Yes,No,2,Yes,No,DSL,No,No,Yes,No,Yes,No,Month-to-month,No,Electronic check,80.52,160.52,Yes
CUST-1291,Female,0,No,Yes,15,Yes,No,No,No internet service,No internet service,No internet service,No internet service,No internet service,No internet service,Month-to-month,Yes,Credit card (automatic),31.41,466.06,No
CUST-1292,Female,0,No,Yes,43,Yes,No,No,No internet service,No internet service,No internet service,No internet service,No internet service,No internet service,One year,Yes,Bank transfer (automatic),32.21,1387.23,No
CUST-1293,Male,0,Yes,Yes,29,No,No phone service,DSL,Yes,No,No,No,Yes,Yes,One year,Yes,Mailed check,80.02,2317.54,Yes
CUST-1294,Female,0,Yes,No,39,Yes,No,DSL,No,No,Yes,No,Yes,No,Month-to-month,No,Bank transfer (automatic),83.96,3275.47,No
CUST-1295,Male,0,No,Yes,64,Yes,Yes,DSL,Yes,No,Yes,Yes,Yes,Yes,Two year,Yes,Mailed check,121.11,7757.22,No
CUST-1296,Male,0,Yes,Yes,28,Yes,No,Fiber optic,Yes,No,No,Yes,Yes,No,Month-to-month,Yes,Bank transfer (automatic),108.01,3023.19,Yes
CUST-1297,Female,0,Yes,Yes,29,Yes,Yes,Fiber optic,No,No,No,Yes,Yes,No,One year,Yes,Credit card (automatic),115.82,3353.99,No
CUST-1298,Female,0,Yes,Yes,31,Yes,Yes,Fiber optic,No,No,No,No,Yes,No,Month-to-month,No,Bank transfer (automatic),106.54,3305.88,Yes
CUST-1299,Female,0,Yes,Yes,9,Yes,No,DSL,No,No,Yes,Yes,No,No,Month-to-month,No,Electronic check,71.81,649.16,No
CUST-1300,Male,0,Yes,Yes,50,Yes,Yes,Fiber optic,Yes,No,Yes,No,Yes,No,Month-to-month,Yes,Electronic check,120.5,6020.54,Yes
CUST-1301,Female,0,Yes,Yes,7,Yes,Yes,Fiber optic,Yes,Yes,No,No,No,Yes,Month-to-month,Yes,Mailed check,122.32,851.82,Yes
CUST-1302,Male,1,No,Yes,50,No,No phone service,Fiber optic,No,No,No,No,No,Yes,Month-to-month,No,Electronic check,82.42,4123.05,Yes
CUST-1303,Female,0,Yes,Yes,35,Yes,Yes,DSL,Yes,Yes,No,No,No,No,Month-to-month,No,Credit card (automatic),89.03,3121.56,No
CUST-1304,Male,1,No,Yes,54,Yes,No,Fiber optic,No,No,No,No,Yes,No,Two year,Yes,Electronic check,92.88,5018.9,No
CUST-1305,Male,0,No,Yes,34,Yes,Yes,Fiber optic,Yes,No,No,No,Yes,No,Month-to-month,No,Bank transfer (automatic),115.78,3934.0,Yes
CUST-1306,Female,1,Yes,Yes,35,Yes,Yes,Fiber optic,No,No,No,Yes,No,Yes,Two year,Yes,Electronic check,116.26,4076.22,No
CUST-1307,Male,0,No,No,55,No,No phone service,Fiber optic,Yes,No,Yes,No,No,No,One year,Yes,Bank transfer (automatic),85.87,4720.74,No
CUST-1308,Male,0,No,Yes,35,Yes,Yes,Fiber optic,No,Yes,No,Yes,Yes,No,Month-to-month,No,Mailed check,122.24,4284.42,No
CUST-1309,Female,0,No,No,60,Yes,No,Fiber optic,No,No,Yes,No,Yes,Yes,One year,No,Bank transfer (automatic),112.9,6780.27,No
CUST-1310,Male,0,Yes,Yes,61,Yes,Yes,No,No internet service,No internet service,No internet service,No internet service,No internet service,No internet service,Month-to-month,Yes,Bank transfer (automatic),44.72,2731.43,Yes
CUST-1311,Female,0,No,Yes,24,Yes,Yes,DSL,Yes,Yes,Yes,Yes,Yes,Yes,Two year,No,Electronic check,133.54,3201.26,No
CUST-1312,Male,0,Yes,Yes,63,Yes,Yes,DSL,No,No,No,No,Yes,No,Two year,No,Mailed check,84.81,5349.21,No
CUST-1313,Female,0,No,Yes,59,Yes,No,DSL,Yes,Yes,Yes,No,No,Yes,One year,No,Credit card (automatic),99.09,5856.05,Yes
CUST-1314,Female,0,No,No,56,Yes,Yes,Fiber optic,No,Yes,Yes,No,No,No,Two year,Yes,Electronic check,112.17,6287.57,Yes
CUST-1315,Male,0,No,No,69,Yes,No,DSL,Yes,No,No,No,Yes,Yes,Month-to-month,No,Electronic check,92.04,6345.57,Yes
CUST-1316,Male,0,No,No,51,No,No phone service,DSL,No,No,No,Yes,No,No,Month-to-month,No,Bank transfer (automatic),58.36,2970.35,Yes
CUST-1317,Male,0,Yes,Yes,55,Yes,No,Fiber optic,No,Yes,No,No,No,No,Month-to-month,No,Bank transfer (automatic),88.12,4848.84,No
CUST-1318,Male,0,No,Yes,62,Yes,Yes,Fiber optic,Yes,No,Yes,No,No,Yes,Month-to-month,Yes,Mailed check,122.89,7613.31,Yes
CUST-1319,Male,0,No,Yes,67,Yes,Yes,No,No internet service,No internet service,No internet service,No internet service,No internet service,No internet service,Two year,Yes,Credit card (automatic),47.52,3184.92,No
CUST-1320,Female,0,Yes,No,19,Yes,Yes,Fiber optic,No,No,Yes,Yes,Yes,Yes,Month-to-month,No,Mailed check,137.99,2621.74,No
CUST-1321,Male,0,Yes,Yes,53,Yes,Yes,Fiber optic,No,Yes,No,Yes,Yes,Yes,Month-to-month,Yes,Mailed check,135.68,7187.08,No
CUST-1322,Female,0,Yes,Yes,0,Yes,No,No,No internet service,No internet service,No internet service,No internet service,No internet service,No internet service,One year,No,Credit card (automatic),31.12, ,No
CUST-1323,Female,0,No,Yes,9,No,No phone service,Fiber optic,No,Yes,Yes,Yes,Yes,No,Month-to-month,Yes,Electronic check,103.79,938.63,Yes
CUST-1324,Male,0,Yes,Yes,22,Yes,Yes,No,No internet service,No internet service,No internet service,No internet service,No internet service,No internet service,Two year,Yes,Electronic check,43.86,960.3,No
CUST-1325,Female,0,Yes,No,50,Yes,No,No,No internet service,No internet service,No internet service,No internet service,No internet service,No internet service,Month-to-month,Yes,Mailed check,30.76,1541.77,Yes
CUST-1326,Female,0,Yes,Yes,23,Yes,Yes,No,No internet service,No internet service,No internet service,No internet service,No internet service,No internet service,Month-to-month,Yes,Electronic check,44.81,1030.01,No
CUST-1327,Female,0,Yes,Yes,12,Yes,Yes,Fiber optic,No,No,No,Yes,No,Yes,Month-to-month,Yes,Credit card (automatic),115.75,1389.24,Yes
CUST-1328,Female,0,Yes,Yes,28,Yes,No,Fiber optic,No,No,Yes,Yes,No,Yes,Month-to-month,No,Electronic check,105.45,2952.11,Yes
CUST-1329,Male,0,Yes,No,57,Yes,No,Fiber optic,No,Yes,No,No,No,No,Month-to-month,Yes,Credit card (automatic),88.54,5046.41,Yes
CUST-1330,Female,0,No,Yes,42,No,No phone service,Fiber optic,Yes,Yes,Yes,No,No,Yes,Month-to-month,Yes,Mailed check,110.12,4632.94,No
CUST-1331,Male,0,Yes,No,9,Yes,No,No,No internet service,No internet service,No internet service,No internet service,No internet service,No internet service,Two year,No,Credit card (automatic),28.26,243.83,No
CUST-1332,Male,0,No,Yes,30,Yes,No,Fiber optic,No,Yes,No,No,Yes,Yes,Month-to-month,Yes,Mailed check,112.59,3384.72,Yes
CUST-1333,Female,0,Yes,No,13,Yes,No,No,No internet service,No internet service,No internet service,No internet service,No internet service,No internet service,One year,No,Credit card (automatic),29.22,369.7,No
CUST-1334,Male,0,Yes,No,33,Yes,No,DSL,Yes,No,Yes,No,No,Yes,Month-to-month,No,Bank transfer (automatic),89.77,2967.99,No
CUST-1335,Male,0,Yes,Yes,16,Yes,Yes,DSL,Yes,No,No,No,Yes,No,Month-to-month,Yes,Credit card (automatic),95.35,1525.04,Yes
CUST-1336,Male,0,No,Yes,20,Yes,Yes,Fiber optic,No,Yes,No,Yes,No,No,Month-to-month,Yes,Bank transfer (automatic),110.1,2204.71,Yes
CUST-1337,Female,1,Yes,Yes,66,Yes,No,Fiber optic,No,No,No,No,Yes,Yes,Two year,Yes,Electronic check,102.52,6765.53,No
CUST-1338,Male,0,Yes,Yes,57,Yes,Yes,DSL,Yes,Yes,Yes,No,No,No,One year,No,Mailed check,99.92,5695.07,No
CUST-1339,Male,1,Yes,No,7,Yes,No,Fiber optic,Yes,No,No,No,Yes,Yes,Month-to-month,Yes,Electronic check,111.21,778.92,Yes
CUST-1340,Male,0,Yes,Yes,37,Yes,No,DSL,No,No,No,No,No,No,Two year,No,Electronic check,64.9,2402.38,No
CUST-1341,Female,0,No,Yes,25,Yes,No,Fiber optic,No,No,Yes,No,Yes,Yes,Month-to-month,Yes,Bank transfer (automatic),112.37,2805.59,Yes
CUST-1342,Male,0,No,Yes,63,No,No phone service,Fiber optic,Yes,Yes,No,No,No,No,Month-to-month,Yes,Electronic check,86.97,5472.77,No
CUST-1343,Female,0,No,Yes,29,Yes,Yes,DSL,No,No,No,No,Yes,Yes,Two year,Yes,Bank transfer (automatic),95.36,2752.22,No
CUST-1344,Female,0,No,No,8,Yes,No,Fiber optic,No,No,No,No,Yes,Yes,Month-to-month,Yes,Bank transfer (automatic),104.34,834.55,Yes
CUST-1345,Female,0,No,Yes,31,Yes,No,DSL,No,No,Yes,No,Yes,No,Two year,Yes,Credit card (automatic),76.76,2391.62,No
CUST-1346,Female,0,Yes,No,10,Yes,No,Fiber optic,Yes,No,No,No,No,No,Two year,Yes,Bank transfer (automatic),87.51,866.72,Yes
CUST-1347,Female,1,Yes,No,33,Yes,Yes,DSL,Yes,Yes,Yes,No,No,No,Month-to-month,Yes,Mailed check,100.78,3334.18,No
CUST-1348,Female,0,Yes,Yes,17,Yes,Yes,No,No internet service,No internet service,No internet service,No internet service,No internet service,No internet service,Two year,Yes,Bank transfer (automatic),48.37,823.52,No
CUST-1349,Male,0,No,Yes,18,Yes,No,DSL,No,No,No,No,No,Yes,Month-to-month,No,Bank transfer (automatic),74.32,1337.63,No
CUST-1350,Female,0,Yes,No,53,Yes,No,Fiber optic,No,No,Yes,Yes,Yes,Yes,Month-to-month,Yes,Mailed check,120.31,6379.94,No
CUST-1351,Male,0,No,Yes,36,Yes,Yes,Fiber optic,No,Yes,Yes,Yes,Yes,No,Month-to-month,Yes,Electronic check,133.57,4807.16,No
CUST-1352,Male,0,Yes,Yes,11,Yes,No,DSL,Yes,Yes,No,Yes,Yes,No,Month-to-month,Yes,Mailed check,99.57,1091.94,Yes
CUST-1353,Female,0,No,Yes,3,Yes,No,DSL,No,Yes,No,No,Yes,No,Month-to-month,No,Credit card (automatic),78.02,226.39,Yes
CUST-1354,Male,1,Yes,Yes,42,No,No phone service,Fiber optic,No,No,No,Yes,Yes,No,One year,No,Mailed check,92.22,3873.22,No
CUST-1355,Male,0,Yes,No,26,Yes,No,DSL,No,No,No,No,No,No,Month-to-month,Yes,Bank transfer (automatic),58.5,1520.05,No
CUST-1356,Male,0,Yes,Yes,50,Yes,Yes,Fiber optic,No,No,Yes,No,No,No,Month-to-month,Yes,Credit card (automatic),102.6,5128.26,Yes
CUST-1357,Male,0,Yes,Yes,4,Yes,Yes,Fiber optic,No,No,No,Yes,Yes,Yes,Month-to-month,No,Mailed check,127.85,516.08,Yes
CUST-1358,Female,0,No,No,5,Yes,No,DSL,No,Yes,No,No,Yes,No,Month-to-month,Yes,Electronic check,82.4,410.34,Yes
CUST-1359,Male,0,Yes,No,55,Yes,No,Fiber optic,Yes,No,No,Yes,No,No,Two year,Yes,Electronic check,95.56,5259.92,No
CUST-1360,Female,0,Yes,Yes,67,Yes,Yes,No,No internet service,No internet service,No internet service,No internet service,No internet service,No internet service,One year,Yes,Bank transfer (automatic),42.83,2863.19,Yes
CUST-1361,Male,0,Yes,No,43,Yes,No,No,No internet service,No internet service,No internet service,No internet service,No internet service,No internet service,One year,No,Electronic check,26.49,1143.99,No
CUST-1362,Male,0,No,Yes,14,No,No phone service,DSL,No,Yes,No,No,Yes,No,Month-to-month,Yes,Credit card (automatic),69.39,977.93,No
CUST-1363,Female,0,Yes,No,41,Yes,Yes,DSL,No,Yes,Yes,No,Yes,Yes,One year,Yes,Electronic check,117.84,4831.73,No
CUST-1364,Male,0,Yes,Yes,10,Yes,No,Fiber optic,Yes,No,No,No,No,No,Month-to-month,No,Bank transfer (automatic),86.96,869.8,Yes
CUST-1365,Male,0,Yes,Yes,72,Yes,Yes,DSL,Yes,No,Yes,No,No,No,Month-to-month,Yes,Credit card (automatic),93.24,6717.16,Yes
CUST-1366,Male,0,Yes,No,10,Yes,No,DSL,No,No,No,No,No,Yes,One year,No,Electronic check,70.45,707.36,Yes
CUST-1367,Female,0,Yes,Yes,65,Yes,Yes,DSL,No,No,No,Yes,Yes,No,One year,No,Mailed check,95.19,6184.92,No
CUST-1368,Male,0,No,No,26,Yes,No,DSL,No,No,No,Yes,Yes,No,Month-to-month,No,Credit card (automatic),80.57,2095.5,No
CUST-1369,Female,0,No,Yes,57,Yes,No,Fiber optic,Yes,Yes,No,No,No,No,One year,No,Credit card (automatic),97.56,5572.33,No
CUST-1370,Male,0,No,No,71,Yes,No,Fiber optic,No,No,Yes,Yes,No,No,Two year,No,Credit card (automatic),93.86,6661.38,No
CUST-1371,Female,0,Yes,No,20,Yes,Yes,DSL,No,Yes,Yes,No,No,Yes,Month-to-month,Yes,Electronic check,102.38,2050.42,No
CUST-1372,Female,0,No,Yes,20,Yes,No,Fiber optic,No,No,Yes,No,No,No,Month-to-month,No,Electronic check,90.23,1807.1,Yes
CUST-1373,Male,0,Yes,No,71,Yes,No,Fiber optic,Yes,No,No,Yes,Yes,No,Month-to-month,Yes,Electronic check,105.23,7471.77,No
CUST-1374,Male,0,Yes,Yes,0,Yes,Yes,Fiber optic,No,No,No,No,No,No,Month-to-month,No,Electronic check,96.36, ,Yes
CUST-1375,Female,0,Yes,No,57,No,No phone service,No,No internet service,No internet service,No internet service,No internet service,No internet service,No internet service,Month-to-month,No,Bank transfer (automatic),18.0,1032.09,Yes
CUST-1376,Female,0,Yes,Yes,12,Yes,Yes,No,No internet service,No internet service,No internet service,No internet service,No internet service,No internet service,Two year,Yes,Credit card (automatic),44.66,544.37,No
CUST-1377,Male,0,No,No,72,Yes,Yes,Fiber optic,Yes,Yes,No,No,No,No,Month-to-month,No,Electronic check,111.1,8006.88,Yes
CUST-1378,Female,1,No,Yes,5,Yes,No,No,No internet service,No internet service,No internet service,No internet service,No internet service,No internet service,Month-to-month,No,Credit card (automatic),28.65,147.5,Yes
CUST-1379,Male,0,No,Yes,57,Yes,No,DSL,Yes,Yes,Yes,Yes,Yes,No,Two year,No,Bank transfer (automatic),105.57,6024.46,No
CUST-1380,Male,0,Yes,Yes,16,Yes,Yes,Fiber optic,Yes,No,Yes,No,No,No,One year,No,Mailed check,111.31,1775.81,Yes
CUST-1381,Male,0,No,Yes,72,Yes,No,Fiber optic,No,Yes,Yes,No,No,No,One year,Yes,Credit card (automatic),97.24,6992.86,Yes
CUST-1382,Male,0,No,No,11,Yes,Yes,Fiber optic,No,No,No,No,Yes,Yes,Two year,No,Electronic check,117.67,1281.14,Yes
CUST-1383,Female,1,Yes,Yes,51,No,No phone service,DSL,No,Yes,No,Yes,Yes,No,Month-to-month,Yes,Electronic check,80.61,4108.47,Yes
CUST-1384,Male,0,No,Yes,69,Yes,No,DSL,No,Yes,No,No,Yes,No,Month-to-month,No,Electronic check,81.55,5635.18,No
CUST-1385,Female,1,Yes,Yes,72,Yes,No,Fiber optic,No,Yes,Yes,Yes,No,No,Month-to-month,No,Mailed check,103.63,7462.72,Yes
CUST-1386,Male,1,No,Yes,51,Yes,No,Fiber optic,Yes,Yes,No,Yes,Yes,Yes,One year,Yes,Mailed check,125.61,6402.0,Yes
CUST-1387,Female,1,No,Yes,36,Yes,No,No,No internet service,No internet service,No internet service,No internet service,No internet service,No internet service,Two year,Yes,Credit card (automatic),32.73,1190.41,No
CUST-1388,Male,0,No,No,2,Yes,No,DSL,No,No,No,No,No,Yes,Month-to-month,Yes,Credit card (automatic),70.03,135.82,No
CUST-1389,Female,0,Yes,No,7,Yes,No,No,No internet service,No internet service,No internet service,No internet service,No internet service,No internet service,Month-to-month,Yes,Credit card (automatic),30.85,211.57,Yes
CUST-1390,Female,0,No,Yes,9,No,No phone service,DSL,Yes,Yes,No,No,No,Yes,Two year,Yes,Credit card (automatic),78.17,700.39,No
CUST-1391,Male,0,No,Yes,46,Yes,Yes,No,No internet service,No internet service,No internet service,No internet service,No internet service,No internet service,Month-to-month,Yes,Bank transfer (automatic),44.83,2066.39,No
CUST-1392,Male,0,No,Yes,40,Yes,No,No,No internet service,No internet service,No internet service,No internet service,No internet service,No internet service,Month-to-month,No,Bank transfer (automatic),27.74,1103.33,Yes
CUST-1393,Male,0,No,Yes,63,Yes,No,DSL,No,No,No,No,Yes,No,Month-to-month,Yes,Electronic check,70.05,4415.7,No
CUST-1394,Male,0,Yes,Yes,41,Yes,No,DSL,Yes,No,No,No,Yes,No,Two year,Yes,Electronic check,82.89,3392.68,No
CUST-1395,Female,0,Yes,No,42,Yes,Yes,DSL,Yes,Yes,Yes,No,Yes,Yes,Two year,Yes,Credit card (automatic),123.56,5192.08,No
CUST-1396,Male,0,No,Yes,8,Yes,No,No,No internet service,No internet service,No internet service,No internet service,No internet service,No internet service,Two year,Yes,Electronic check,31.93,258.66,No
CUST-1397,Female,0,No,No,13,Yes,No,Fiber optic,No,No,No,No,Yes,Yes,Two year,Yes,Mailed check,99.53,1291.16,Yes
CUST-1398,Female,0,No,Yes,3,Yes,Yes,Fiber optic,No,No,Yes,No,No,Yes,Two year,Yes,Mailed check,114.04,340.82,No
CUST-1399,Male,0,Yes,Yes,1,No,No phone service,DSL,No,No,Yes,Yes,No,Yes,Two year,Yes,Bank transfer (automatic),79.62,79.62,No
CUST-1400,Female,0,No,Yes,0,Yes,No,No,No internet service,No internet service,No internet service,No internet service,No internet service,No internet service,Month-to-month,Yes,Electronic check,28.73, ,Yes
CUST-1401,Female,0,No,Yes,64,Yes,Yes,DSL,Yes,Yes,No,No,No,Yes,One year,Yes,Bank transfer (automatic),99.41,6363.82,No
CUST-1402,Female,0,Yes,Yes,45,Yes,Yes,DSL,Yes,No,Yes,Yes,No,Yes,One year,No,Credit card (automatic),112.37,5056.05,No
CUST-1403,Female,1,Yes,No,58,Yes,Yes,Fiber optic,Yes,Yes,Yes,No,Yes,Yes,Month-to-month,Yes,Electronic check,139.09,8061.87,Yes
CUST-1404,Male,0,Yes,Yes,6,Yes,No,Fiber optic,No,No,No,No,No,Yes,Two year,Yes,Mailed check,92.89,565.03,Yes
CUST-1405,Male,0,No,No,65,Yes,No,DSL,Yes,Yes,Yes,No,No,No,Two year,Yes,Electronic check,84.47,5491.27,Yes
CUST-1406,Male,0,Yes,Yes,14,Yes,No,Fiber optic,No,Yes,Yes,No,No,No,Month-to-month,Yes,Electronic check,95.38,1334.62,No
CUST-1407,Male,0,Yes,Yes,71,No,No phone service,DSL,No,No,Yes,Yes,Yes,Yes,Month-to-month,No,Electronic check,90.08,6402.56,Yes
CUST-1408,Female,0,No,Yes,46,Yes,No,Fiber optic,No,Yes,Yes,No,Yes,No,Month-to-month,Yes,Bank transfer (automatic),107.97,4957.0,Yes
CUST-1409,Female,0,Yes,Yes,39,Yes,No,Fiber optic,No,Yes,No,Yes,No,No,Month-to-month,Yes,Mailed check,97.64,3803.62,Yes
CUST-1410,Male,0,No,Yes,41,Yes,Yes,DSL,No,No,No,No,Yes,Yes,Month-to-month,No,Mailed check,99.99,4097.65,No
CUST-1411,Male,0,No,Yes,50,Yes,No,Fiber optic,Yes,No,Yes,No,Yes,No,Two year,Yes,Credit card (automatic),110.06,5493.24,No
CUST-1412,Male,0,Yes,Yes,34,Yes,No,Fiber optic,No,Yes,No,No,No,No,Month-to-month,No,Electronic check,92.07,3128.52,Yes
CUST-1413,Female,0,No,Yes,40,Yes,No,DSL,Yes,Yes,Yes,Yes,Yes,No,Month-to-month,No,Electronic check,102.39,4085.45,Yes
CUST-1414,Male,1,Yes,Yes,56,Yes,Yes,Fiber optic,No,No,No,Yes,No,No,Month-to-month,Yes,Mailed check,102.72,5746.33,Yes
CUST-1415,Male,1,Yes,Yes,37,Yes,No,Fiber optic,No,No,Yes,Yes,No,Yes,Month-to-month,Yes,Mailed check,106.33,3935.59,No
CUST-1416,Male,0,Yes,Yes,71,Yes,No,DSL,No,No,No,No,Yes,No,Month-to-month,Yes,Electronic check,74.48,5286.88,Yes
CUST-1417,Female,0,No,No,7,Yes,Yes,Fiber optic,No,No,Yes,No,Yes,Yes,Two year,Yes,Bank transfer (automatic),126.57,886.91,Yes
CUST-1418,Female,0,Yes,Yes,62,Yes,Yes,DSL,No,No,No,Yes,Yes,Yes,One year,No,Mailed check,106.66,6607.14,No
CUST-1419,Female,0,No,No,3,Yes,No,DSL,Yes,Yes,Yes,No,No,No,Two year,Yes,Electronic check,83.9,250.05,Yes
CUST-1420,Female,0,No,Yes,47,Yes,No,No,No internet service,No internet service,No internet service,No internet service,No internet service,No internet service,Month-to-month,No,Electronic check,28.36,1330.93,No
CUST-1421,Female,1,No,No,51,Yes,No,DSL,Yes,No,No,No,No,Yes,Two year,No,Bank transfer (automatic),75.28,3829.93,No
CUST-1422,Female,0,Yes,Yes,37,Yes,Yes,Fiber optic,No,Yes,No,No,No,Yes,One year,No,Electronic check,115.58,4279.93,No
CUST-1423,Female,0,No,No,4,Yes,Yes,Fiber optic,No,No,No,No,No,No,Two year,Yes,Electronic check,93.62,381.27,Yes
CUST-1424,Female,0,No,Yes,69,Yes,No,DSL,No,No,Yes,No,No,Yes,One year,Yes,Credit card (automatic),80.12,5534.02,No
CUST-1425,Male,1,Yes,No,23,Yes,Yes,Fiber optic,No,No,Yes,Yes,Yes,Yes,One year,No,Electronic check,139.74,3205.24,No
CUST-1426,Male,0,Yes,Yes,16,Yes,No,No,No internet service,No internet service,No internet service,No internet service,No internet service,No internet service,Month-to-month,Yes,Electronic check,33.34,537.6,Yes
CUST-1427,Female,0,No,Yes,25,Yes,Yes,Fiber optic,Yes,No,Yes,No,No,Yes,Month-to-month,Yes,Bank transfer (automatic),122.45,3058.75,Yes
CUST-1428,Female,0,No,Yes,2,Yes,No,DSL,No,No,No,Yes,No,No,Month-to-month,Yes,Mailed check,68.68,146.46,Yes
CUST-1429,Male,0,Yes,Yes,1,Yes,No,Fiber optic,No,No,No,No,Yes,No,Month-to-month,Yes,Bank transfer (automatic),93.16,93.16,Yes
CUST-1430,Female,0,No,Yes,1,Yes,Yes,DSL,Yes,No,No,Yes,Yes,No,One year,Yes,Mailed check,104.45,110.02,No
CUST-1431,Female,1,No,Yes,21,Yes,No,DSL,Yes,No,No,Yes,No,Yes,Month-to-month,Yes,Electronic check,86.63,1813.32,No
CUST-1432,Female,0,No,Yes,70,Yes,Yes,No,No internet service,No internet service,No internet service,No internet service,No internet service,No internet service,Two year,Yes,Bank transfer (automatic),44.04,3082.93,No
CUST-1433,Male,0,No,No,3,Yes,No,DSL,No,Yes,Yes,No,No,No,Month-to-month,No,Credit card (automatic),77.55,245.72,Yes
CUST-1434,Male,0,Yes,Yes,37,Yes,No,DSL,Yes,Yes,No,No,Yes,No,Month-to-month,Yes,Mailed check,87.0,3212.1,Yes
CUST-1435,Male,0,No,No,69,No,No phone service,Fiber optic,No,Yes,No,Yes,No,Yes,Two year,Yes,Electronic check,99.9,6894.03,Yes
CUST-1436,Male,0,Yes,Yes,72,Yes,Yes,No,No internet service,No internet service,No internet service,No internet service,No internet service,No internet service,Month-to-month,Yes,Electronic check,43.89,3163.77,No
CUST-1437,Male,0,No,Yes,51,Yes,No,DSL,No,No,No,Yes,No,Yes,Month-to-month,No,Credit card (automatic),82.41,4200.66,Yes
CUST-1438,Female,0,Yes,No,30,Yes,No,DSL,No,No,No,Yes,No,Yes,Two year,Yes,Bank transfer (automatic),78.97,2365.13,No
CUST-1439,Male,0,No,No,25,Yes,No,Fiber optic,Yes,Yes,Yes,No,Yes,No,One year,No,Electronic check,116.91,2929.17,No
CUST-1440,Female,0,Yes,No,35,Yes,Yes,Fiber optic,No,No,Yes,Yes,Yes,No,Month-to-month,No,Credit card (automatic),124.77,4368.65,No
CUST-1441,Female,0,No,Yes,25,Yes,Yes,Fiber optic,No,Yes,Yes,No,Yes,Yes,Month-to-month,Yes,Electronic check,133.72,3352.36,Yes
CUST-1442,Male,1,Yes,Yes,27,Yes,No,No,No internet service,No internet service,No internet service,No internet service,No internet service,No internet service,Month-to-month,Yes,Bank transfer (automatic),33.67,907.6,No
CUST-1443,Male,0,No,Yes,4,Yes,No,DSL,Yes,No,Yes,Yes,No,No,One year,No,Bank transfer (automatic),87.17,350.45,Yes
CUST-1444,Female,0,No,Yes,17,Yes,No,DSL,Yes,No,No,No,Yes,No,Month-to-month,Yes,Credit card (automatic),79.9,1353.27,No
CUST-1445,Female,0,Yes,Yes,14,Yes,No,DSL,No,No,No,Yes,No,Yes,Month-to-month,Yes,Electronic check,81.3,1143.05,No
CUST-1446,Female,0,Yes,No,56,Yes,Yes,Fiber optic,No,No,Yes,No,Yes,Yes,Month-to-month,Yes,Mailed check,127.96,7161.53,No
CUST-1447,Male,0,Yes,No,4,Yes,Yes,Fiber optic,No,No,Yes,Yes,Yes,Yes,Two year,Yes,Mailed check,134.72,541.8,Yes
CUST-1448,Male,0,Yes,Yes,36,Yes,No,No,No internet service,No internet service,No internet service,No internet service,No internet service,No internet service,One year,No,Electronic check,26.58,955.51,Yes
CUST-1449,Male,0,Yes,Yes,21,Yes,No,No,No internet service,No internet service,No internet service,No internet service,No internet service,No internet service,Two year,Yes,Bank transfer (automatic),29.36,616.38,No
CUST-1450,Male,0,No,No,51,Yes,Yes,DSL,No,No,No,No,Yes,No,Month-to-month,Yes,Electronic check,84.18,4293.7,No
CUST-1451,Male,0,Yes,Yes,14,No,No phone service,No,No internet service,No internet service,No internet service,No internet service,No internet service,No internet service,Two year,No,Electronic check,19.76,277.01,Yes
CUST-1452,Female,0,Yes,Yes,16,Yes,No,DSL,No,Yes,No,No,No,No,Month-to-month,Yes,Electronic check,72.38,1158.57,Yes
CUST-1453,Male,1,No,Yes,50,Yes,Yes,Fiber optic,No,Yes,Yes,No,Yes,Yes,Month-to-month,Yes,Electronic check,133.74,6680.49,Yes
CUST-1454,Female,0,Yes,Yes,44,No,No phone service,No,No internet service,No internet service,No internet service,No internet service,No internet service,No internet service,Month-to-month,No,Electronic check,18.0,794.08,Yes
CUST-1455,Female,0,Yes,No,62,No,No phone service,Fiber optic,No,No,Yes,Yes,No,Yes,Month-to-month,Yes,Electronic check,99.75,6181.9,No
CUST-1456,Female,1,Yes,Yes,27,Yes,No,No,No internet service,No internet service,No internet service,No internet service,No internet service,No internet service,Two year,Yes,Mailed check,30.41,823.67,No
CUST-1457,Male,1,No,Yes,58,Yes,Yes,Fiber optic,No,No,No,No,No,Yes,Two year,Yes,Electronic check,110.48,6410.76,Yes
CUST-1458,Male,0,Yes,Yes,20,Yes,Yes,No,No internet service,No internet service,No internet service,No internet service,No internet service,No internet service,Month-to-month,Yes,Credit card (automatic),41.45,825.05,Yes
CUST-1459,Male,0,No,No,41,No,No phone service,No,No internet service,No internet service,No internet service,No internet service,No internet service,No internet service,Month-to-month,No,Electronic check,19.01,773.37,Yes
CUST-1460,Female,0,No,No,68,Yes,Yes,Fiber optic,No,Yes,Yes,No,No,Yes,Two year,No,Bank transfer (automatic),120.76,8213.88,No
CUST-1461,Female,0,Yes,Yes,16,Yes,Yes,No,No internet service,No internet service,No internet service,No internet service,No internet service,No internet service,Two year,Yes,Electronic check,46.37,741.74,No
CUST-1462,Female,0,No,Yes,67,Yes,No,No,No internet service,No internet service,No internet service,No internet service,No internet service,No internet service,Month-to-month,Yes,Bank transfer (automatic),31.72,2126.02,Yes
CUST-1463,Female,0,Yes,Yes,6,Yes,No,Fiber optic,Yes,Yes,Yes,No,Yes,Yes,Month-to-month,Yes,Electronic check,126.81,758.8,Yes
CUST-1464,Female,0,Yes,Yes,39,No,No phone service,Fiber optic,No,No,No,No,Yes,Yes,Month-to-month,No,Bank transfer (automatic),94.94,3701.17,Yes
CUST-1465,Female,0,Yes,Yes,39,Yes,Yes,No,No internet service,No internet service,No internet service,No internet service,No internet service,No internet service,One year,No,Mailed check,48.76,1897.79,No
CUST-1466,Male,0,Yes,Yes,42,No,No phone service,No,No internet service,No internet service,No internet service,No internet service,No internet service,No internet service,Month-to-month,Yes,Mailed check,19.23,808.24,Yes
CUST-1467,Male,0,Yes,Yes,72,Yes,No,DSL,No,Yes,No,Yes,Yes,Yes,Month-to-month,Yes,Mailed check,102.75,7395.31,No
CUST-1468,Male,0,No,Yes,50,No,No phone service,Fiber optic,No,No,No,No,Yes,No,Month-to-month,No,Mailed check,77.99,3889.96,No
CUST-1469,Male,0,No,Yes,72,Yes,Yes,No,No internet service,No internet service,No internet service,No internet service,No internet service,No internet service,Two year,Yes,Electronic check,45.05,3243.8,No
CUST-1470,Female,0,No,No,22,Yes,Yes,DSL,No,Yes,No,No,Yes,No,One year,Yes,Electronic check,98.24,2161.74,No
CUST-1471,Female,1,No,Yes,31,No,No phone service,No,No internet service,No internet service,No internet service,No internet service,No internet service,No internet service,Two year,Yes,Bank transfer (automatic),18.0,567.32,No
CUST-1472,Male,0,Yes,Yes,30,Yes,No,Fiber optic,No,Yes,Yes,Yes,Yes,Yes,Two year,Yes,Electronic check,130.25,3902.88,No
CUST-1473,Female,0,Yes,No,16,Yes,Yes,DSL,No,No,Yes,Yes,Yes,Yes,Two year,No,Bank transfer (automatic),112.72,1803.38,No
CUST-1474,Male,0,No,Yes,57,Yes,Yes,DSL,Yes,No,Yes,No,Yes,Yes,Month-to-month,Yes,Bank transfer (automatic),114.02,6504.46,Yes
CUST-1475,Male,0,Yes,No,34,Yes,No,No,No internet service,No internet service,No internet service,No internet service,No internet service,No internet service,Month-to-month,No,Bank transfer (automatic),29.08,989.77,Yes
CUST-1476,Male,1,No,Yes,29,Yes,No,Fiber optic,No,No,No,Yes,No,No,Month-to-month,Yes,Mailed check,87.16,2531.18,Yes
CUST-1477,Female,0,No,Yes,63,Yes,Yes,Fiber optic,No,No,No,No,Yes,Yes,One year,Yes,Bank transfer (automatic),120.51,7593.21,No
CUST-1478,Male,0,No,No,52,Yes,Yes,Fiber optic,Yes,No,No,No,Yes,No,One year,No,Mailed check,113.12,5882.44,Yes
CUST-1479,Male,0,No,Yes,50,Yes,Yes,Fiber optic,No,No,No,No,Yes,No,Month-to-month,No,Credit card (automatic),113.5,5674.98,Yes
CUST-1480,Male,0,Yes,No,36,Yes,Yes,DSL,Yes,Yes,No,Yes,No,No,Month-to-month,Yes,Bank transfer (automatic),98.78,3557.86,No
CUST-1481,Female,0,Yes,Yes,5,Yes,No,Fiber optic,No,No,No,No,No,Yes,Month-to-month,No,Mailed check,94.16,475.72,Yes
CUST-1482,Female,0,No,Yes,33,Yes,Yes,Fiber optic,No,No,Yes,Yes,Yes,Yes,Month-to-month,Yes,Mailed check,136.85,4523.89,Yes
CUST-1483,Male,0,No,Yes,55,Yes,No,DSL,No,Yes,No,No,Yes,Yes,Two year,Yes,Electronic check,91.45,5022.43,No
CUST-1484,Female,0,No,Yes,24,No,No phone service,Fiber optic,Yes,Yes,Yes,No,No,Yes,Two year,No,Credit card (automatic),106.33,2547.58,No
CUST-1485,Female,0,No,Yes,12,Yes,No,Fiber optic,No,No,Yes,Yes,Yes,No,Month-to-month,Yes,Credit card (automatic),107.25,1293.32,Yes
CUST-1486,Female,1,No,Yes,62,Yes,No,DSL,No,No,No,No,No,Yes,One year,No,Electronic check,72.77,4516.64,No
CUST-1487,Female,0,Yes,Yes,65,Yes,No,No,No internet service,No internet service,No internet service,No internet service,No internet service,No internet service,Month-to-month,Yes,Credit card (automatic),27.48,1786.71,Yes
CUST-1488,Female,0,No,Yes,4,Yes,No,Fiber optic,Yes,No,Yes,Yes,No,Yes,One year,Yes,Electronic check,117.24,469.61,Yes
CUST-1489,Female,0,No,No,10,Yes,No,DSL,No,No,No,No,Yes,Yes,Two year,No,Electronic check,85.05,853.01,No
CUST-1490,Female,1,Yes,Yes,43,Yes,No,Fiber optic,No,No,No,No,No,Yes,Month-to-month,Yes,Bank transfer (automatic),93.29,4013.63,Yes
CUST-1491,Female,0,Yes,No,68,Yes,No,Fiber optic,No,No,Yes,Yes,Yes,Yes,One year,No,Bank transfer (automatic),120.4,8184.37,No
CUST-1492,Female,0,Yes,Yes,1,Yes,Yes,DSL,No,No,Yes,No,Yes,No,Two year,Yes,Mailed check,92.44,92.44,No
CUST-1493,Female,0,Yes,Yes,39,Yes,No,DSL,Yes,No,Yes,No,No,Yes,Month-to-month,Yes,Credit card (automatic),86.41,3366.1,No
CUST-1494,Male,0,Yes,No,36,Yes,No,DSL,No,Yes,No,Yes,No,Yes,Month-to-month,Yes,Mailed check,89.06,3205.51,Yes
CUST-1495,Male,0,Yes,Yes,48,No,No phone service,Fiber optic,Yes,No,Yes,Yes,No,Yes,One year,No,Electronic check,105.29,5053.94,No
CUST-1496,Female,0,Yes,Yes,35,Yes,Yes,Fiber optic,Yes,Yes,No,No,No,No,Month-to-month,No,Electronic check,108.97,3810.9,Yes
CUST-1497,Male,0,Yes,Yes,72,Yes,No,No,No internet service,No internet service,No internet service,No internet service,No internet service,No internet service,Two year,No,Credit card (automatic),32.28,2333.54,No
CUST-1498,Male,0,Yes,Yes,69,Yes,No,Fiber optic,No,No,Yes,No,Yes,No,Month-to-month,Yes,Mailed check,98.95,6823.14,Yes
CUST-1499,Female,0,No,Yes,33,Yes,Yes,No,No internet service,No internet service,No internet service,No internet service,No internet service,No internet service,Month-to-month,Yes,Bank transfer (automatic),44.08,1450.0,Yes
CUST-1500,Female,0,Yes,No,57,Yes,No,Fiber optic,Yes,No,No,No,No,No,One year,No,Bank transfer (automatic),87.68,4996.93,Yes
CUST-1501,Female,0,No,Yes,36,Yes,No,Fiber optic,Yes,No,Yes,No,Yes,No,Month-to-month,Yes,Electronic check,108.84,3913.24,Yes
CUST-1502,Male,0,No,No,59,Yes,Yes,Fiber optic,Yes,No,Yes,No,Yes,Yes,Month-to-month,Yes,Credit card (automatic),135.24,7985.76,Yes
CUST-1503,Male,0,No,Yes,11,Yes,Yes,Fiber optic,No,Yes,No,No,No,No,Month-to-month,Yes,Electronic check,105.55,1160.93,Yes
CUST-1504,Female,0,No,Yes,31,Yes,Yes,Fiber optic,No,No,No,No,No,No,Month-to-month,No,Credit card (automatic),95.65,2975.0,Yes
CUST-1505,Female,0,No,Yes,3,Yes,No,Fiber optic,Yes,Yes,Yes,No,No,No,Two year,Yes,Mailed check,104.93,322.21,Yes
CUST-1506,Female,0,No,No,32,Yes,Yes,No,No internet service,No internet service,No internet service,No internet service,No internet service,No internet service,One year,No,Mailed check,43.37,1386.48,Yes
CUST-1507,Male,0,No,No,42,Yes,Yes,Fiber optic,No,Yes,Yes,No,No,Yes,Two year,Yes,Electronic check,120.11,5040.97,No
CUST-1508,Male,0,No,Yes,8,Yes,No,Fiber optic,Yes,No,No,No,No,Yes,Month-to-month,No,Mailed check,100.73,807.74,Yes
CUST-1509,Male,0,Yes,Yes,50,Yes,No,DSL,No,No,No,No,Yes,No,Month-to-month,No,Credit card (automatic),75.49,3781.19,No
CUST-1510,Male,0,No,Yes,19,No,No phone service,Fiber optic,No,Yes,No,No,No,No,Month-to-month,No,Credit card (automatic),79.68,1508.5,Yes
CUST-1511,Female,0,No,Yes,38,Yes,Yes,DSL,No,No,Yes,No,Yes,Yes,Month-to-month,Yes,Credit card (automatic),109.36,4145.88,No
CUST-1512,Female,0,No,Yes,22,Yes,No,No,No internet service,No internet service,No internet service,No internet service,No internet service,No internet service,One year,No,Mailed check,30.28,663.95,No
CUST-1513,Female,0,No,No,40,Yes,No,Fiber optic,No,Yes,Yes,Yes,Yes,No,Month-to-month,Yes,Credit card (automatic),117.91,4712.53,Yes
CUST-1514,Female,0,Yes,Yes,43,Yes,No,DSL,No,No,Yes,No,Yes,Yes,Two year,Yes,Mailed check,93.79,4037.9,No
CUST-1515,Male,0,No,No,34,Yes,No,DSL,No,No,Yes,Yes,Yes,No,Two year,No,Credit card (automatic),87.34,2964.3,No
CUST-1516,Male,0,Yes,Yes,22,Yes,No,DSL,No,No,No,No,No,No,Month-to-month,No,Credit card (automatic),59.29,1306.79,Yes
CUST-1517,Female,1,Yes,Yes,57,Yes,No,DSL,No,Yes,Yes,No,No,Yes,Two year,No,Credit card (automatic),86.97,4954.14,No
CUST-1518,Female,1,No,Yes,47,Yes,No,No,No internet service,No internet service,No internet service,No internet service,No internet service,No internet service,Month-to-month,No,Bank transfer (automatic),28.87,1352.99,No
CUST-1519,Male,0,No,No,57,Yes,Yes,No,No internet service,No internet service,No internet service,No internet service,No internet service,No internet service,One year,Yes,Credit card (automatic),41.52,2368.98,No
CUST-1520,Female,0,Yes,No,56,Yes,No,No,No internet service,No internet service,No internet service,No internet service,No internet service,No internet service,Month-to-month,No,Credit card (automatic),28.45,1586.86,No
CUST-1521,Male,0,No,Yes,38,Yes,No,Fiber optic,Yes,No,Yes,No,Yes,Yes,Two year,No,Mailed check,118.52,4509.68,Yes
CUST-1522,Female,0,No,Yes,27,Yes,Yes,Fiber optic,Yes,Yes,No,No,No,No,Two year,Yes,Electronic check,110.66,2989.13,No
CUST-1523,Female,0,Yes,Yes,63,Yes,Yes,No,No internet service,No internet service,No internet service,No internet service,No internet service,No internet service,One year,Yes,Electronic check,48.11,3026.74,No
CUST-1524,Female,0,Yes,Yes,61,Yes,No,No,No internet service,No internet service,No internet service,No internet service,No internet service,No internet service,Month-to-month,No,Bank transfer (automatic),30.72,1884.6,Yes
CUST-1525,Female,0,No,Yes,61,Yes,No,No,No internet service,No internet service,No internet service,No internet service,No internet service,No internet service,Two year,Yes,Electronic check,32.22,1973.49,No
CUST-1526,Female,0,No,No,25,Yes,Yes,No,No internet service,No internet service,No internet service,No internet service,No internet service,No internet service,Month-to-month,Yes,Bank transfer (automatic),41.18,1019.97,Yes
CUST-1527,Female,0,No,Yes,50,Yes,Yes,Fiber optic,Yes,Yes,Yes,No,Yes,No,One year,Yes,Electronic check,133.22,6659.17,Yes
CUST-1528,Female,0,Yes,No,49,No,No phone service,DSL,No,No,No,Yes,No,No,One year,No,Electronic check,59.25,2901.06,No
CUST-1529,Male,0,No,Yes,35,Yes,No,Fiber optic,Yes,No,No,No,No,No,Month-to-month,Yes,Mailed check,89.42,3125.79,No
CUST-1530,Male,0,Yes,Yes,25,Yes,No,Fiber optic,Yes,Yes,No,No,Yes,Yes,Month-to-month,Yes,Electronic check,119.65,2997.31,No
CUST-1531,Male,0,Yes,No,32,Yes,Yes,Fiber optic,Yes,Yes,Yes,Yes,Yes,No,Month-to-month,Yes,Electronic check,143.24,4579.42,No
CUST-1532,Male,0,No,Yes,67,Yes,No,No,No internet service,No internet service,No internet service,No internet service,No internet service,No internet service,Month-to-month,No,Mailed check,31.17,2087.29,Yes
CUST-1533,Male,0,Yes,No,72,Yes,Yes,No,No internet service,No internet service,No internet service,No internet service,No internet service,No internet service,Month-to-month,Yes,Credit card (automatic),42.75,3076.7,Yes
CUST-1534,Female,1,No,Yes,7,Yes,Yes,Fiber optic,No,Yes,No,No,Yes,No,Two year,No,Mailed check,114.28,788.36,No
CUST-1535,Female,0,No,Yes,65,Yes,No,DSL,No,No,No,Yes,Yes,Yes,Month-to-month,No,Electronic check,94.01,6114.74,Yes
CUST-1536,Male,1,Yes,No,22,Yes,No,Fiber optic,No,No,No,No,Yes,No,Month-to-month,Yes,Mailed check,92.58,2044.77,Yes
CUST-1537,Female,1,No,No,69,Yes,Yes,DSL,No,No,No,Yes,No,No,Month-to-month,Yes,Bank transfer (automatic),83.44,5753.4,No
CUST-1538,Male,0,Yes,Yes,54,Yes,Yes,Fiber optic,No,No,No,Yes,Yes,No,One year,No,Electronic check,117.04,6322.52,No
CUST-1539,Male,0,Yes,Yes,42,No,No phone service,Fiber optic,No,Yes,Yes,No,No,No,Month-to-month,No,Electronic check,86.37,3628.37,Yes
CUST-1540,Female,0,No,No,20,No,No phone service,DSL,Yes,Yes,Yes,No,Yes,Yes,Month-to-month,Yes,Mailed check,101.07,2025.14,No
CUST-1541,Female,1,No,No,21,Yes,Yes,DSL,No,Yes,Yes,No,No,No,One year,Yes,Bank transfer (automatic),94.58,1993.8,Yes
CUST-1542,Female,0,No,Yes,8,Yes,Yes,Fiber optic,Yes,No,No,No,Yes,No,Two year,Yes,Bank transfer (automatic),114.07,912.09,No
CUST-1543,Male,0,No,No,33,Yes,No,No,No internet service,No internet service,No internet service,No internet service,No internet service,No internet service,Month-to-month,Yes,Bank transfer (automatic),32.8,1075.85,No
CUST-1544,Female,0,Yes,Yes,58,Yes,Yes,DSL,No,No,No,Yes,No,No,Month-to-month,No,Electronic check,80.5,4680.32,No
CUST-1545,Male,0,Yes,Yes,25,Yes,No,No,No internet service,No internet service,No internet service,No internet service,No internet service,No internet service,Month-to-month,No,Mailed check,29.93,748.02,Yes
CUST-1546,Male,0,Yes,Yes,0,Yes,Yes,Fiber optic,No,No,No,No,No,Yes,Two year,Yes,Mailed check,106.93, ,No
CUST-1547,Male,0,No,Yes,4,Yes,No,DSL,Yes,Yes,No,No,Yes,No,Month-to-month,Yes,Electronic check,89.4,352.68,Yes
CUST-1548,Female,0,Yes,No,40,No,No phone service,Fiber optic,Yes,No,No,No,No,Yes,Two year,Yes,Electronic check,89.31,3570.54,No
CUST-1549,Female,1,Yes,Yes,62,No,No phone service,No,No internet service,No internet service,No internet service,No internet service,No internet service,No internet service,Month-to-month,Yes,Bank transfer (automatic),19.95,1236.24,No
CUST-1550,Male,0,No,No,21,Yes,Yes,Fiber optic,Yes,No,No,Yes,No,No,Month-to-month,Yes,Credit card (automatic),113.38,2375.48,No
CUST-1551,Female,1,No,Yes,67,No,No phone service,Fiber optic,No,Yes,Yes,Yes,Yes,Yes,Month-to-month,No,Electronic check,121.61,8143.4,Yes
CUST-1552,Female,0,No,No,47,Yes,Yes,No,No internet service,No internet service,No internet service,No internet service,No internet service,No internet service,Two year,No,Mailed check,47.42,2233.72,No
CUST-1553,Female,0,Yes,No,65,Yes,Yes,No,No internet service,No internet service,No internet service,No internet service,No internet service,No internet service,Month-to-month,Yes,Electronic check,47.92,3116.23,No
CUST-1554,Male,0,No,Yes,15,Yes,Yes,DSL,No,No,No,No,Yes,Yes,Month-to-month,No,Electronic check,97.16,1461.23,Yes
CUST-1555,Male,0,Yes,Yes,52,Yes,No,Fiber optic,Yes,No,No,No,Yes,No,Month-to-month,No,Electronic check,96.77,5035.08,No
CUST-1556,Female,0,Yes,Yes,64,Yes,No,No,No internet service,No internet service,No internet service,No internet service,No internet service,No internet service,One year,No,Mailed check,32.4,2068.3,No
CUST-1557,Male,0,Yes,No,63,No,No phone service,Fiber optic,Yes,Yes,No,Yes,No,No,Month-to-month,Yes,Electronic check,92.34,5817.28,Yes
CUST-1558,Female,0,Yes,No,67,Yes,No,No,No internet service,No internet service,No internet service,No internet service,No internet service,No internet service,Month-to-month,No,Bank transfer (automatic),28.9,1943.18,No
CUST-1559,Female,1,Yes,Yes,62,Yes,Yes,Fiber optic,No,Yes,No,No,Yes,No,Month-to-month,No,Bank transfer (automatic),115.82,7181.15,Yes
CUST-1560,Female,1,No,No,61,Yes,No,Fiber optic,No,Yes,No,No,No,Yes,Month-to-month,No,Mailed check,100.88,6158.12,No
CUST-1561,Female,0,Yes,Yes,70,Yes,No,Fiber optic,No,No,Yes,No,Yes,Yes,Month-to-month,Yes,Electronic check,113.19,7926.23,No
CUST-1562,Male,0,No,Yes,44,Yes,Yes,Fiber optic,No,No,No,No,No,Yes,Month-to-month,Yes,Mailed check,106.11,4664.43,Yes
CUST-1563,Male,0,Yes,No,51,Yes,Yes,No,No internet service,No internet service,No internet service,No internet service,No internet service,No internet service,Month-to-month,No,Credit card (automatic),44.48,2274.02,No
CUST-1564,Male,0,Yes,Yes,64,Yes,Yes,No,No internet service,No internet service,No internet service,No internet service,No internet service,No internet service,Month-to-month,No,Bank transfer (automatic),46.27,2968.26,No
CUST-1565,Female,1,No,No,1,Yes,No,No,No internet service,No internet service,No internet service,No internet service,No internet service,No internet service,Two year,No,Electronic check,28.35,28.73,Yes
CUST-1566,Female,0,Yes,Yes,48,Yes,Yes,No,No internet service,No internet service,No internet service,No internet service,No internet service,No internet service,Month-to-month,Yes,Bank transfer (automatic),44.24,2128.72,Yes
CUST-1567,Female,0,Yes,Yes,21,Yes,No,Fiber optic,No,No,No,No,No,No,Month-to-month,No,Mailed check,83.12,1746.03,Yes
CUST-1568,Male,1,No,Yes,28,Yes,Yes,No,No internet service,No internet service,No internet service,No internet service,No internet service,No internet service,Two year,No,Electronic check,46.78,1310.07,No
CUST-1569,Female,0,No,Yes,34,Yes,No,Fiber optic,Yes,No,Yes,No,No,Yes,Two year,Yes,Bank transfer (automatic),107.21,3643.57,No
CUST-1570,Male,0,Yes,No,23,Yes,Yes,DSL,No,No,No,No,Yes,No,Month-to-month,Yes,Electronic check,83.62,1918.25,No
CUST-1571,Male,0,Yes,Yes,29,No,No phone service,Fiber optic,No,Yes,No,Yes,No,No,Two year,Yes,Mailed check,84.96,2460.44,Yes
CUST-1572,Male,0,Yes,Yes,41,Yes,No,Fiber optic,Yes,No,Yes,Yes,Yes,Yes,Two year,Yes,Mailed check,129.23,5293.0,No
CUST-1573,Male,0,No,Yes,70,No,No phone service,No,No internet service,No internet service,No internet service,No internet service,No internet service,No internet service,Month-to-month,Yes,Bank transfer (automatic),20.26,1424.28,No
CUST-1574,Male,0,Yes,Yes,49,No,No phone service,Fiber optic,No,Yes,Yes,No,No,No,Month-to-month,Yes,Mailed check,86.21,4224.48,Yes
CUST-1575,Male,0,No,No,70,No,No phone service,No,No internet service,No internet service,No internet service,No internet service,No internet service,No internet service,Two year,No,Electronic check,25.67,1802.94,No
CUST-1576,Female,0,No,Yes,59,Yes,No,DSL,No,Yes,Yes,No,Yes,No,Month-to-month,Yes,Bank transfer (automatic),89.83,5289.5,No
CUST-1577,Female,0,Yes,Yes,29,Yes,Yes,No,No internet service,No internet service,No internet service,No internet service,No internet service,No internet service,One year,Yes,Electronic check,47.46,1371.05,No
CUST-1578,Male,0,No,No,11,Yes,No,No,No internet service,No internet service,No internet service,No internet service,No internet service,No internet service,Month-to-month,No,Credit card (automatic),30.94,337.87,Yes
CUST-1579,Male,0,Yes,Yes,48,Yes,No,Fiber optic,No,Yes,No,No,No,Yes,One year,Yes,Electronic check,102.55,4926.92,Yes
CUST-1580,Female,0,Yes,No,45,Yes,No,Fiber optic,No,Yes,Yes,No,No,Yes,Two year,Yes,Mailed check,109.66,4935.64,Yes
CUST-1581,Male,0,No,Yes,42,Yes,Yes,No,No internet service,No internet service,No internet service,No internet service,No internet service,No internet service,Two year,Yes,Electronic check,49.11,2062.6,No
CUST-1582,Male,0,No,Yes,1,No,No phone service,Fiber optic,Yes,Yes,No,No,No,No,Two year,No,Electronic check,83.25,83.25,No
CUST-1583,Female,0,No,No,53,Yes,No,Fiber optic,No,Yes,Yes,No,No,No,One year,Yes,Mailed check,94.58,5016.7,No
CUST-1584,Male,0,No,No,34,Yes,Yes,Fiber optic,No,No,No,No,Yes,No,Month-to-month,Yes,Mailed check,104.38,3548.79,Yes
CUST-1585,Male,0,No,Yes,51,Yes,Yes,DSL,No,Yes,Yes,No,Yes,No,Month-to-month,Yes,Credit card (automatic),102.17,5220.15,No
CUST-1586,Male,0,No,Yes,32,Yes,Yes,DSL,No,Yes,Yes,No,Yes,No,Month-to-month,Yes,Electronic check,103.24,3292.36,Yes
CUST-1587,Female,0,Yes,Yes,71,Yes,No,Fiber optic,Yes,No,No,No,Yes,Yes,Two year,No,Electronic check,114.81,8150.86,No
CUST-1588,Female,0,Yes,Yes,50,Yes,Yes,No,No internet service,No internet service,No internet service,No internet service,No internet service,No internet service,Month-to-month,Yes,Mailed check,49.35,2461.91,Yes
CUST-1589,Female,0,Yes,No,25,Yes,No,Fiber optic,Yes,No,No,No,No,No,One year,No,Credit card (automatic),88.24,2200.2,No
CUST-1590,Male,0,No,Yes,61,Yes,No,No,No internet service,No internet service,No internet service,No internet service,No internet service,No internet service,Month-to-month,No,Mailed check,30.25,1841.95,No
CUST-1591,Male,0,No,Yes,60,Yes,Yes,Fiber optic,Yes,Yes,No,Yes,Yes,No,Month-to-month,No,Credit card (automatic),131.64,7906.22,No
CUST-1592,Female,0,No,No,25,Yes,Yes,No,No internet service,No internet service,No internet service,No internet service,No internet service,No internet service,Month-to-month,Yes,Electronic check,44.86,1121.75,No
CUST-1593,Male,0,Yes,Yes,36,Yes,No,Fiber optic,Yes,No,Yes,No,No,No,Two year,Yes,Electronic check,94.66,3406.37,Yes
CUST-1594,Male,1,Yes,Yes,29,Yes,No,DSL,Yes,No,No,Yes,No,No,Two year,Yes,Electronic check,75.94,2201.0,No
CUST-1595,Male,0,No,No,10,Yes,Yes,No,No internet service,No internet service,No internet service,No internet service,No internet service,No internet service,Month-to-month,No,Bank transfer (automatic),43.79,439.58,No
CUST-1596,Male,0,No,No,52,Yes,Yes,Fiber optic,No,No,Yes,No,Yes,No,Month-to-month,Yes,Mailed check,114.6,5956.79,Yes
CUST-1597,Male,0,No,Yes,40,Yes,No,Fiber optic,No,No,No,Yes,Yes,No,Month-to-month,Yes,Electronic check,100.24,4011.06,Yes
CUST-1598,Female,0,No,Yes,4,Yes,No,Fiber optic,Yes,No,Yes,No,Yes,Yes,One year,No,Bank transfer (automatic),120.23,482.0,Yes
CUST-1599,Male,0,Yes,Yes,65,Yes,No,DSL,No,No,Yes,No,No,Yes,Month-to-month,Yes,Credit card (automatic),80.14,5208.58,Yes
CUST-1600,Female,0,Yes,Yes,12,Yes,Yes,Fiber optic,No,No,No,No,Yes,No,Two year,No,Bank transfer (automatic),106.06,1274.67,Yes
CUST-1601,Male,0,Yes,Yes,62,Yes,No,Fiber optic,Yes,Yes,Yes,No,No,No,Month-to-month,No,Bank transfer (automatic),105.45,6534.09,No
CUST-1602,Female,0,No,No,24,Yes,Yes,Fiber optic,No,Yes,Yes,No,No,No,One year,No,Electronic check,113.08,2712.86,Yes
CUST-1603,Male,0,Yes,No,43,Yes,Yes,Fiber optic,No,Yes,No,Yes,Yes,Yes,One year,No,Mailed check,132.89,5707.58,No
CUST-1604,Female,0,No,No,13,Yes,Yes,Fiber optic,No,Yes,Yes,No,No,Yes,Month-to-month,Yes,Electronic check,123.0,1590.17,Yes
CUST-1605,Male,0,No,Yes,68,Yes,Yes,DSL,No,No,No,No,No,Yes,Month-to-month,Yes,Mailed check,87.72,5971.56,No
CUST-1606,Female,0,No,No,58,Yes,No,Fiber optic,No,Yes,No,No,No,Yes,Month-to-month,Yes,Credit card (automatic),100.5,5832.75,No
CUST-1607,Male,1,Yes,Yes,55,Yes,No,Fiber optic,No,Yes,No,Yes,Yes,No,Month-to-month,No,Bank transfer (automatic),108.59,5979.14,Yes
CUST-1608,Female,0,Yes,Yes,51,Yes,Yes,DSL,Yes,No,Yes,Yes,No,Yes,Two year,Yes,Credit card (automatic),107.57,5490.84,No
CUST-1609,Male,1,No,Yes,65,Yes,No,DSL,No,No,No,No,No,Yes,Month-to-month,Yes,Credit card (automatic),75.49,4903.28,No
CUST-1610,Female,0,Yes,Yes,67,Yes,No,DSL,No,Yes,Yes,Yes,No,No,Month-to-month,Yes,Credit card (automatic),83.86,5607.85,No
CUST-1611,Female,0,No,No,11,Yes,No,No,No internet service,No internet service,No internet service,No internet service,No internet service,No internet service,Month-to-month,Yes,Electronic check,29.83,324.39,No
CUST-1612,Male,0,No,Yes,67,Yes,Yes,Fiber optic,Yes,No,No,No,No,Yes,Month-to-month,No,Electronic check,116.56,7811.8,Yes
CUST-1613,Male,0,No,Yes,42,No,No phone service,Fiber optic,Yes,No,Yes,No,Yes,No,Month-to-month,Yes,Credit card (automatic),94.95,3988.33,Yes
CUST-1614,Female,0,Yes,No,72,Yes,Yes,Fiber optic,No,No,Yes,No,Yes,No,Month-to-month,Yes,Mailed check,114.58,8249.96,No
CUST-1615,Male,0,Yes,Yes,5,No,No phone service,No,No internet service,No internet service,No internet service,No internet service,No internet service,No internet service,Month-to-month,Yes,Mailed check,19.25,94.34,Yes
CUST-1616,Female,0,No,No,14,Yes,No,Fiber optic,No,Yes,No,No,Yes,No,Month-to-month,Yes,Mailed check,102.44,1428.28,Yes
CUST-1617,Female,1,Yes,Yes,41,Yes,No,DSL,No,No,No,No,Yes,No,Month-to-month,Yes,Mailed check,72.19,2967.98,Yes
CUST-1618,Female,0,Yes,Yes,30,Yes,Yes,Fiber optic,No,No,No,No,Yes,No,One year,No,Electronic check,105.46,3166.86,Yes
CUST-1619,Male,0,Yes,No,52,No,No phone service,No,No internet service,No internet service,No internet service,No internet service,No internet service,No internet service,One year,No,Credit card (automatic),20.13,1049.35,No
CUST-1620,Female,0,Yes,Yes,5,Yes,Yes,Fiber optic,No,Yes,No,No,No,No,Month-to-month,No,Credit card (automatic),102.95,507.14,Yes
CUST-1621,Female,0,No,Yes,32,Yes,No,Fiber optic,No,No,No,No,No,Yes,Month-to-month,No,Bank transfer (automatic),90.13,2883.24,Yes
CUST-1622,Male,0,Yes,Yes,28,Yes,Yes,No,No internet service,No internet service,No internet service,No internet service,No internet service,No internet service,Two year,Yes,Electronic check,44.75,1255.82,No
CUST-1623,Male,0,No,Yes,20,Yes,Yes,No,No internet service,No internet service,No internet service,No internet service,No internet service,No internet service,Month-to-month,No,Electronic check,47.38,957.4,Yes
CUST-1624,Male,1,No,Yes,53,Yes,Yes,No,No internet service,No internet service,No internet service,No internet service,No internet service,No internet service,Month-to-month,No,Electronic check,46.12,2449.82,Yes
CUST-1625,Male,0,Yes,Yes,55,Yes,Yes,DSL,Yes,Yes,No,No,Yes,Yes,Month-to-month,Yes,Mailed check,117.86,6480.61,No
CUST-1626,Female,0,No,Yes,20,Yes,Yes,DSL,Yes,No,No,Yes,Yes,No,Month-to-month,Yes,Bank transfer (automatic),103.85,2080.46,Yes
CUST-1627,Female,0,No,No,54,Yes,Yes,Fiber optic,Yes,No,Yes,No,Yes,Yes,Month-to-month,Yes,Electronic check,135.59,7323.72,No
CUST-1628,Female,1,Yes,Yes,57,No,No phone service,No,No internet service,No internet service,No internet service,No internet service,No internet service,No internet service,One year,Yes,Credit card (automatic),18.0,1030.01,No
CUST-1629,Female,0,No,Yes,63,Yes,No,Fiber optic,No,No,No,No,Yes,No,Month-to-month,Yes,Mailed check,93.46,5886.42,Yes
CUST-1630,Male,0,No,Yes,45,No,No phone service,No,No internet service,No internet service,No internet service,No internet service,No internet service,No internet service,Month-to-month,No,Mailed check,18.0,810.78,Yes
CUST-1631,Female,0,Yes,No,21,Yes,No,No,No internet service,No internet service,No internet service,No internet service,No internet service,No internet service,One year,Yes,Electronic check,33.14,691.72,No
CUST-1632,Female,0,Yes,No,59,Yes,Yes,No,No internet service,No internet service,No internet service,No internet service,No internet service,No internet service,Month-to-month,No,Credit card (automatic),45.07,2657.55,No
CUST-1633,Male,0,Yes,No,10,Yes,No,DSL,No,Yes,No,No,Yes,Yes,Month-to-month,Yes,Mailed check,92.68,932.83,Yes
CUST-1634,Female,0,Yes,No,46,Yes,No,DSL,No,No,Yes,No,Yes,Yes,Month-to-month,No,Electronic check,91.37,4204.12,Yes
CUST-1635,Female,0,Yes,Yes,30,Yes,Yes,Fiber optic,No,Yes,No,No,No,No,Two year,No,Bank transfer (automatic),100.51,3008.26,No
CUST-1636,Female,0,No,Yes,17,Yes,Yes,Fiber optic,Yes,Yes,No,No,Yes,No,Month-to-month,Yes,Mailed check,123.99,2105.52,Yes
CUST-1637,Female,0,No,Yes,21,Yes,No,DSL,No,No,Yes,No,No,Yes,Month-to-month,Yes,Credit card (automatic),76.66,1613.14,Yes
CUST-1638,Female,0,Yes,Yes,55,Yes,No,No,No internet service,No internet service,No internet service,No internet service,No internet service,No internet service,Month-to-month,No,Mailed check,29.19,1596.7,No
CUST-1639,Female,0,Yes,Yes,16,Yes,No,DSL,Yes,No,Yes,No,Yes,Yes,One year,Yes,Electronic check,98.88,1585.84,No
CUST-1640,Male,0,No,Yes,37,Yes,No,Fiber optic,Yes,Yes,No,Yes,Yes,No,Month-to-month,Yes,Bank transfer (automatic),114.6,4245.49,Yes
CUST-1641,Male,0,Yes,No,24,No,No phone service,No,No internet service,No internet service,No internet service,No internet service,No internet service,No internet service,One year,Yes,Electronic check,22.36,538.21,No
CUST-1642,Female,0,Yes,No,31,Yes,Yes,DSL,No,Yes,No,No,Yes,No,Month-to-month,Yes,Mailed check,94.93,2939.78,No
CUST-1643,Female,0,No,Yes,14,Yes,Yes,DSL,No,Yes,Yes,No,Yes,No,Month-to-month,Yes,Bank transfer (automatic),101.9,1418.47,Yes
CUST-1644,Male,0,No,No,12,Yes,Yes,DSL,No,Yes,Yes,Yes,Yes,Yes,Month-to-month,No,Electronic check,120.56,1441.44,No
CUST-1645,Female,1,No,Yes,57,Yes,No,DSL,No,No,Yes,No,Yes,Yes,One year,No,Credit card (automatic),93.2,5320.28,No
CUST-1646,Female,0,Yes,Yes,49,Yes,No,Fiber optic,Yes,Yes,Yes,No,No,Yes,Two year,Yes,Bank transfer (automatic),118.18,5790.11,No
CUST-1647,Female,0,No,Yes,10,No,No phone service,Fiber optic,No,Yes,No,No,Yes,Yes,One year,Yes,Electronic check,102.29,1029.1,No
CUST-1648,Male,0,Yes,Yes,12,Yes,Yes,Fiber optic,Yes,Yes,Yes,Yes,Yes,Yes,One year,No,Electronic check,152.07,1823.23,Yes
CUST-1649,Female,0,No,Yes,49,Yes,No,Fiber optic,Yes,No,Yes,Yes,Yes,No,Month-to-month,Yes,Mailed check,118.25,5790.7,Yes
CUST-1650,Male,0,Yes,No,37,Yes,No,Fiber optic,No,No,No,No,Yes,Yes,Two year,No,Mailed check,104.26,3857.39,No
CUST-1651,Female,0,Yes,Yes,0,Yes,Yes,Fiber optic,No,Yes,Yes,No,Yes,No,Month-to-month,No,Electronic check,126.09, ,Yes
CUST-1652,Male,0,Yes,Yes,38,No,No phone service,DSL,Yes,Yes,Yes,Yes,No,Yes,Month-to-month,Yes,Bank transfer (automatic),97.64,3716.6,Yes
CUST-1653,Male,0,No,Yes,26,Yes,Yes,DSL,No,Yes,Yes,No,Yes,Yes,Month-to-month,Yes,Electronic check,116.0,3018.92,No
CUST-1654,Female,0,No,Yes,35,Yes,No,No,No internet service,No internet service,No internet service,No internet service,No internet service,No internet service,Two year,No,Electronic check,27.54,958.59,Yes
CUST-1655,Male,0,No,No,31,Yes,Yes,Fiber optic,Yes,Yes,Yes,Yes,No,No,Month-to-month,Yes,Electronic check,128.56,3981.84,No
CUST-1656,Female,0,Yes,Yes,40,Yes,No,No,No internet service,No internet service,No internet service,No internet service,No internet service,No internet service,Two year,No,Electronic check,30.69,1220.73,No
CUST-1657,Male,0,No,No,14,Yes,Yes,DSL,Yes,Yes,No,Yes,Yes,No,Month-to-month,No,Electronic check,108.28,1522.46,No
CUST-1658,Female,1,No,No,30,Yes,Yes,DSL,No,No,No,Yes,No,No,Two year,Yes,Credit card (automatic),82.31,2470.24,No
CUST-1659,Female,1,Yes,Yes,5,Yes,No,Fiber optic,No,Yes,Yes,No,Yes,No,Month-to-month,Yes,Mailed check,108.85,545.68,Yes
CUST-1660,Male,0,Yes,Yes,51,No,No phone service,No,No internet service,No internet service,No internet service,No internet service,No internet service,No internet service,One year,No,Mailed check,20.12,1028.28,No
CUST-1661,Female,0,No,No,21,Yes,No,No,No internet service,No internet service,No internet service,No internet service,No internet service,No internet service,Month-to-month,No,Bank transfer (automatic),28.64,601.26,Yes
CUST-1662,Female,0,No,No,30,Yes,Yes,DSL,No,No,Yes,No,Yes,No,Month-to-month,Yes,Electronic check,93.62,2805.07,Yes
CUST-1663,Male,0,No,Yes,72,Yes,No,No,No internet service,No internet service,No internet service,No internet service,No internet service,No internet service,Month-to-month,No,Credit card (automatic),28.41,2035.6,No
CUST-1664,Female,0,Yes,No,45,Yes,Yes,Fiber optic,No,No,No,Yes,No,No,Month-to-month,Yes,Electronic check,102.84,4628.68,No
CUST-1665,Female,0,No,No,66,Yes,Yes,DSL,Yes,No,No,No,Yes,No,Month-to-month,Yes,Credit card (automatic),94.9,6274.35,Yes
CUST-1666,Male,0,Yes,Yes,42,Yes,Yes,DSL,Yes,Yes,No,No,Yes,Yes,Month-to-month,Yes,Electronic check,119.35,5007.93,Yes
CUST-1667,Male,0,Yes,Yes,0,No,No phone service,Fiber optic,No,No,No,No,Yes,Yes,Month-to-month,No,Electronic check,93.36, ,Yes
CUST-1668,Female,0,No,No,43,Yes,Yes,Fiber optic,Yes,No,No,Yes,Yes,Yes,Month-to-month,Yes,Credit card (automatic),129.65,5565.91,No
CUST-1669,Female,0,No,Yes,56,Yes,No,DSL,Yes,No,No,No,Yes,Yes,Two year,Yes,Electronic check,90.25,5052.48,No
CUST-1670,Male,0,Yes,Yes,8,Yes,No,No,No internet service,No internet service,No internet service,No internet service,No internet service,No internet service,Two year,No,Electronic check,28.61,230.71,No
CUST-1671,Male,0,Yes,Yes,4,No,No phone service,Fiber optic,No,No,Yes,No,No,No,Month-to-month,Yes,Electronic check,78.37,308.42,Yes
CUST-1672,Female,1,No,Yes,8,Yes,Yes,No,No internet service,No internet service,No internet service,No internet service,No internet service,No internet service,Month-to-month,Yes,Mailed check,43.74,346.86,Yes
CUST-1673,Male,0,No,Yes,44,Yes,No,Fiber optic,Yes,Yes,No,Yes,No,No,Two year,No,Electronic check,107.71,4733.02,No
CUST-1674,Female,0,No,No,23,Yes,Yes,Fiber optic,Yes,No,No,No,No,Yes,Month-to-month,Yes,Bank transfer (automatic),114.9,2642.92,Yes
CUST-1675,Female,1,Yes,Yes,41,Yes,No,Fiber optic,Yes,Yes,No,Yes,Yes,Yes,Month-to-month,No,Electronic check,126.8,5200.61,No
CUST-1676,Female,1,Yes,Yes,21,No,No phone service,Fiber optic,Yes,No,No,No,No,No,One year,Yes,Mailed check,77.01,1615.43,No
CUST-1677,Female,0,No,Yes,59,Yes,No,No,No internet service,No internet service,No internet service,No internet service,No internet service,No internet service,Month-to-month,No,Mailed check,29.62,1743.02,Yes
CUST-1678,Female,0,Yes,Yes,36,Yes,No,Fiber optic,No,No,No,Yes,No,Yes,Two year,No,Mailed check,101.58,3659.85,Yes
CUST-1679,Male,0,Yes,Yes,38,Yes,Yes,Fiber optic,No,Yes,Yes,No,Yes,No,One year,No,Electronic check,122.3,4651.09,Yes
CUST-1680,Male,0,No,Yes,52,Yes,No,DSL,Yes,No,No,No,No,Yes,One year,No,Credit card (automatic),80.59,4189.68,No
CUST-1681,Male,0,Yes,Yes,27,Yes,No,No,No internet service,No internet service,No internet service,No internet service,No internet service,No internet service,One year,Yes,Electronic check,30.44,823.69,No
CUST-1682,Male,0,No,Yes,14,Yes,No,DSL,Yes,Yes,Yes,Yes,No,Yes,Month-to-month,Yes,Bank transfer (automatic),101.49,1425.19,No
CUST-1683,Female,0,No,Yes,59,Yes,No,No,No internet service,No internet service,No internet service,No internet service,No internet service,No internet service,Two year,Yes,Mailed check,30.77,1811.22,No
CUST-1684,Female,0,Yes,Yes,59,Yes,Yes,Fiber optic,Yes,Yes,Yes,Yes,No,No,One year,Yes,Mailed check,127.91,7539.52,No
CUST-1685,Female,0,Yes,No,5,Yes,Yes,Fiber optic,No,Yes,No,Yes,Yes,Yes,Month-to-month,No,Electronic check,136.05,684.12,Yes
CUST-1686,Female,0,No,Yes,51,Yes,No,Fiber optic,No,No,No,Yes,Yes,Yes,Two year,Yes,Electronic check,111.32,5687.12,Yes
CUST-1687,Male,0,Yes,Yes,11,No,No phone service,DSL,Yes,No,Yes,No,Yes,No,One year,No,Credit card (automatic),77.59,843.47,No
CUST-1688,Female,0,No,No,18,Yes,No,Fiber optic,No,Yes,Yes,Yes,Yes,No,Month-to-month,No,Mailed check,114.95,2077.03,Yes
CUST-1689,Female,0,Yes,Yes,1,Yes,Yes,DSL,No,Yes,Yes,Yes,No,No,Month-to-month,No,Mailed check,100.65,100.65,No
CUST-1690,Male,0,Yes,Yes,54,Yes,Yes,Fiber optic,Yes,No,No,No,Yes,No,Month-to-month,Yes,Bank transfer (automatic),112.48,6078.78,Yes
CUST-1691,Male,0,Yes,Yes,14,No,No phone service,DSL,Yes,Yes,No,No,No,No,Month-to-month,No,Electronic check,66.26,921.05,No
CUST-1692,Male,1,No,Yes,63,Yes,No,DSL,No,No,No,No,Yes,Yes,Two year,No,Credit card (automatic),88.68,5584.08,No
CUST-1693,Male,0,Yes,No,68,Yes,No,No,No internet service,No internet service,No internet service,No internet service,No internet service,No internet service,Two year,Yes,Electronic check,30.2,2058.27,No
CUST-1694,Female,0,No,No,14,Yes,No,Fiber optic,No,Yes,No,No,Yes,Yes,Month-to-month,Yes,Mailed check,115.08,1615.86,Yes
CUST-1695,Female,0,No,Yes,42,Yes,No,DSL,No,No,Yes,No,No,Yes,Month-to-month,No,Electronic check,79.22,3325.75,No
CUST-1696,Male,0,No,Yes,16,Yes,Yes,Fiber optic,No,No,No,Yes,No,Yes,Two year,No,Mailed check,115.47,1847.05,No
CUST-1697,Female,0,Yes,Yes,23,No,No phone service,Fiber optic,Yes,Yes,No,No,No,Yes,Month-to-month,Yes,Mailed check,96.48,2216.75,No
CUST-1698,Female,0,No,No,29,Yes,No,Fiber optic,Yes,No,Yes,Yes,Yes,Yes,Month-to-month,No,Electronic check,124.92,3616.07,No
CUST-1699,Female,0,No,No,66,Yes,Yes,No,No internet service,No internet service,No internet service,No internet service,No internet service,No internet service,Month-to-month,Yes,Electronic check,43.72,2886.11,Yes
CUST-1700,Male,0,Yes,Yes,50,Yes,No,Fiber optic,Yes,Yes,No,Yes,Yes,No,One year,No,Electronic check,114.6,5729.31,No
CUST-1701,Female,0,No,Yes,59,Yes,No,DSL,No,No,No,Yes,Yes,Yes,Two year,Yes,Electronic check,90.68,5348.14,No
CUST-1702,Male,0,No,Yes,2,Yes,Yes,Fiber optic,No,No,Yes,Yes,Yes,No,Month-to-month,Yes,Bank transfer (automatic),124.06,241.5,Yes
CUST-1703,Female,0,Yes,Yes,4,Yes,No,DSL,Yes,Yes,No,No,Yes,No,Two year,No,Bank transfer (automatic),87.33,348.08,Yes
CUST-1704,Female,1,No,Yes,27,Yes,Yes,DSL,No,No,No,No,No,No,Month-to-month,Yes,Mailed check,73.82,1994.11,No
CUST-1705,Female,0,Yes,Yes,10,Yes,Yes,No,No internet service,No internet service,No internet service,No internet service,No internet service,No internet service,Two year,Yes,Electronic check,44.16,444.51,No
CUST-1706,Male,0,No,Yes,71,Yes,Yes,Fiber optic,Yes,No,No,No,Yes,No,Two year,Yes,Credit card (automatic),114.04,8097.63,Yes
CUST-1707,Female,0,No,No,71,Yes,No,No,No internet service,No internet service,No internet service,No internet service,No internet service,No internet service,Two year,Yes,Bank transfer (automatic),29.4,2079.53,No
CUST-1708,Male,0,Yes,No,14,Yes,No,DSL,No,No,Yes,Yes,No,Yes,Two year,Yes,Electronic check,90.9,1271.21,No
CUST-1709,Male,0,No,Yes,47,Yes,No,DSL,No,No,No,No,Yes,No,Month-to-month,Yes,Bank transfer (automatic),73.98,3481.8,Yes
CUST-1710,Male,0,No,Yes,45,Yes,No,Fiber optic,Yes,No,No,Yes,Yes,No,Month-to-month,Yes,Electronic check,102.76,4621.39,Yes
CUST-1711,Female,0,No,No,27,Yes,No,Fiber optic,No,Yes,Yes,No,Yes,Yes,Month-to-month,No,Bank transfer (automatic),119.05,3204.37,Yes
CUST-1712,Female,0,Yes,Yes,6,Yes,No,Fiber optic,No,No,No,Yes,Yes,No,Month-to-month,Yes,Mailed check,101.58,606.99,Yes
CUST-1713,Female,0,Yes,Yes,70,Yes,No,Fiber optic,No,Yes,Yes,No,No,Yes,One year,No,Mailed check,108.3,7578.0,No
CUST-1714,Female,0,Yes,Yes,5,No,No phone service,Fiber optic,No,No,Yes,Yes,Yes,No,Two year,No,Electronic check,96.86,489.77,Yes
CUST-1715,Male,0,Yes,Yes,57,Yes,No,Fiber optic,Yes,No,No,No,No,Yes,Month-to-month,No,Bank transfer (automatic),96.66,5513.0,Yes
CUST-1716,Male,0,Yes,Yes,67,Yes,Yes,Fiber optic,No,No,No,Yes,Yes,No,One year,No,Credit card (automatic),116.62,7823.06,Yes
CUST-1717,Male,0,No,Yes,54,Yes,Yes,No,No internet service,No internet service,No internet service,No internet service,No internet service,No internet service,Month-to-month,No,Electronic check,45.68,2468.18,No
CUST-1718,Female,0,Yes,Yes,66,Yes,No,Fiber optic,Yes,Yes,No,Yes,Yes,Yes,Two year,Yes,Electronic check,123.8,8183.5,Yes
CUST-1719,Male,0,Yes,Yes,48,Yes,Yes,No,No internet service,No internet service,No internet service,No internet service,No internet service,No internet service,One year,No,Bank transfer (automatic),39.33,1898.2,No
CUST-1720,Female,0,Yes,Yes,50,Yes,No,Fiber optic,Yes,Yes,No,No,No,No,Two year,Yes,Bank transfer (automatic),96.88,4847.04,No
CUST-1721,Male,0,No,Yes,58,Yes,No,Fiber optic,No,No,Yes,Yes,Yes,No,Two year,Yes,Bank transfer (automatic),109.76,6370.83,Yes
CUST-1722,Female,0,No,No,5,Yes,No,No,No internet service,No internet service,No internet service,No internet service,No internet service,No internet service,Two year,Yes,Mailed check,29.86,154.12,No
CUST-1723,Female,1,Yes,Yes,50,No,No phone service,DSL,Yes,Yes,No,No,No,Yes,Month-to-month,No,Mailed check,81.73,4090.17,Yes
CUST-1724,Male,0,No,Yes,37,Yes,Yes,Fiber optic,Yes,Yes,No,No,Yes,No,Two year,Yes,Electronic check,123.85,4578.03,Yes
CUST-1725,Male,0,No,Yes,10,Yes,No,No,No internet service,No internet service,No internet service,No internet service,No internet service,No internet service,One year,No,Electronic check,29.49,293.98,Yes
CUST-1726,Male,0,No,Yes,51,Yes,No,Fiber optic,No,No,Yes,No,No,Yes,One year,Yes,Mailed check,101.07,5153.47,Yes
CUST-1727,Male,0,No,Yes,19,Yes,Yes,No,No internet service,No internet service,No internet service,No internet service,No internet service,No internet service,One year,No,Credit card (automatic),42.52,813.25,No
CUST-1728,Female,0,Yes,No,9,Yes,No,DSL,No,Yes,No,Yes,Yes,Yes,Month-to-month,No,Electronic check,98.72,891.26,No
CUST-1729,Male,0,Yes,Yes,25,Yes,Yes,Fiber optic,Yes,No,No,No,No,Yes,Month-to-month,No,Credit card (automatic),112.48,2812.92,Yes
CUST-1730,Male,0,No,Yes,47,Yes,No,No,No internet service,No internet service,No internet service,No internet service,No internet service,No internet service,One year,No,Credit card (automatic),31.55,1476.74,No
CUST-1731,Male,0,No,No,13,Yes,Yes,Fiber optic,No,No,No,Yes,No,Yes,Two year,Yes,Bank transfer (automatic),116.85,1516.47,No
CUST-1732,Female,0,No,Yes,58,Yes,Yes,Fiber optic,No,Yes,Yes,No,Yes,Yes,Month-to-month,Yes,Credit card (automatic),136.16,7894.45,Yes
CUST-1733,Female,0,No,Yes,11,Yes,Yes,DSL,Yes,No,No,Yes,Yes,No,Month-to-month,Yes,Mailed check,103.47,1148.37,Yes
CUST-1734,Male,1,Yes,Yes,22,Yes,Yes,DSL,Yes,Yes,No,No,Yes,Yes,Month-to-month,No,Mailed check,110.85,2437.64,Yes
CUST-1735,Female,0,No,Yes,71,Yes,Yes,Fiber optic,No,No,Yes,No,Yes,No,Month-to-month,Yes,Mailed check,118.03,8375.86,Yes
CUST-1736,Male,0,Yes,No,38,Yes,No,No,No internet service,No internet service,No internet service,No internet service,No internet service,No internet service,One year,Yes,Credit card (automatic),24.27,923.04,Yes
CUST-1737,Female,0,No,Yes,8,Yes,Yes,No,No internet service,No internet service,No internet service,No internet service,No internet service,No internet service,One year,Yes,Credit card (automatic),45.15,362.61,No
CUST-1738,Female,0,Yes,Yes,24,Yes,Yes,Fiber optic,No,No,No,Yes,No,Yes,Two year,Yes,Credit card (automatic),113.79,2730.27,No
CUST-1739,Female,0,No,No,16,Yes,No,No,No internet service,No internet service,No internet service,No internet service,No internet service,No internet service,Month-to-month,Yes,Electronic check,29.27,475.7,Yes
CUST-1740,Female,0,Yes,Yes,41,No,No phone service,Fiber optic,Yes,No,No,No,No,Yes,Month-to-month,Yes,Mailed check,88.84,3648.4,Yes
CUST-1741,Male,0,Yes,Yes,28,Yes,Yes,Fiber optic,Yes,Yes,Yes,No,No,No,Month-to-month,Yes,Mailed check,119.04,3329.81,Yes
CUST-1742,Male,0,Yes,Yes,59,Yes,No,No,No internet service,No internet service,No internet service,No internet service,No internet service,No internet service,Month-to-month,No,Mailed check,32.82,1932.48,No
CUST-1743,Male,0,No,Yes,66,Yes,No,Fiber optic,No,No,No,No,No,Yes,One year,Yes,Mailed check,92.05,6068.05,Yes
CUST-1744,Female,0,Yes,No,56,Yes,No,Fiber optic,No,No,No,No,No,No,Two year,Yes,Electronic check,80.03,4499.85,No
CUST-1745,Male,0,No,No,71,Yes,Yes,DSL,No,No,Yes,No,Yes,No,Two year,Yes,Credit card (automatic),93.93,6665.85,No
CUST-1746,Male,1,Yes,Yes,13,Yes,Yes,No,No internet service,No internet service,No internet service,No internet service,No internet service,No internet service,Month-to-month,No,Credit card (automatic),43.54,566.07,No
CUST-1747,Male,0,Yes,Yes,38,Yes,Yes,DSL,No,Yes,Yes,No,No,Yes,One year,Yes,Electronic check,104.16,3955.78,Yes
CUST-1748,Female,0,No,Yes,15,Yes,No,DSL,No,No,Yes,No,No,No,Month-to-month,No,Bank transfer (automatic),68.23,1017.14,Yes
CUST-1749,Female,0,Yes,Yes,17,Yes,Yes,Fiber optic,No,Yes,No,No,No,No,Month-to-month,No,Mailed check,104.23,1778.6,Yes
CUST-1750,Female,1,No,Yes,19,Yes,Yes,No,No internet service,No internet service,No internet service,No internet service,No internet service,No internet service,Two year,Yes,Credit card (automatic),47.46,904.18,No
CUST-1751,Male,0,No,Yes,45,Yes,No,No,No internet service,No internet service,No internet service,No internet service,No internet service,No internet service,Two year,No,Bank transfer (automatic),28.62,1286.64,No
CUST-1752,Male,0,No,No,44,Yes,Yes,Fiber optic,Yes,No,No,No,No,Yes,Month-to-month,Yes,Bank transfer (automatic),118.67,5212.31,Yes
CUST-1753,Male,0,No,No,3,Yes,No,Fiber optic,No,Yes,No,No,Yes,No,Month-to-month,Yes,Credit card (automatic),100.34,300.41,Yes
CUST-1754,Female,0,Yes,Yes,19,Yes,No,No,No internet service,No internet service,No internet service,No internet service,No internet service,No internet service,One year,Yes,Bank transfer (automatic),29.93,571.2,No
CUST-1755,Female,0,Yes,Yes,10,Yes,Yes,Fiber optic,No,No,No,No,Yes,No,Month-to-month,Yes,Mailed check,107.83,1073.21,Yes
CUST-1756,Male,0,No,Yes,64,Yes,No,Fiber optic,Yes,No,No,Yes,Yes,No,Two year,Yes,Electronic check,109.14,6989.63,Yes
CUST-1757,Female,1,Yes,No,17,Yes,Yes,Fiber optic,No,Yes,Yes,Yes,No,Yes,Month-to-month,Yes,Credit card (automatic),132.03,2250.51,Yes
CUST-1758,Female,0,Yes,No,38,Yes,Yes,Fiber optic,No,No,No,No,Yes,Yes,Two year,Yes,Mailed check,122.37,4652.49,No
CUST-1759,Female,0,No,No,43,Yes,No,No,No internet service,No internet service,No internet service,No internet service,No internet service,No internet service,Two year,Yes,Bank transfer (automatic),28.54,1222.41,No
CUST-1760,Female,0,Yes,Yes,17,Yes,No,No,No internet service,No internet service,No internet service,No internet service,No internet service,No internet service,One year,No,Mailed check,26.27,443.41,No
CUST-1761,Male,0,No,Yes,46,Yes,Yes,Fiber optic,No,Yes,Yes,No,No,No,Two year,Yes,Mailed check,109.2,5025.57,No
CUST-1762,Female,1,Yes,Yes,30,Yes,No,Fiber optic,No,Yes,No,Yes,Yes,Yes,Month-to-month,No,Mailed check,119.46,3589.55,Yes
CUST-1763,Female,0,Yes,Yes,38,Yes,Yes,No,No internet service,No internet service,No internet service,No internet service,No internet service,No internet service,Month-to-month,No,Electronic check,42.34,1606.54,Yes
CUST-1764,Female,0,No,Yes,37,Yes,Yes,DSL,No,No,Yes,No,Yes,No,Month-to-month,No,Bank transfer (automatic),94.06,3479.78,Yes
CUST-1765,Female,0,Yes,Yes,46,Yes,Yes,DSL,Yes,Yes,Yes,No,Yes,Yes,Two year,No,Electronic check,120.55,5541.92,No
CUST-1766,Male,0,Yes,Yes,69,Yes,Yes,DSL,Yes,No,Yes,No,Yes,Yes,One year,Yes,Electronic check,111.96,7723.57,No
CUST-1767,Male,0,No,Yes,7,Yes,No,Fiber optic,Yes,Yes,No,Yes,Yes,No,One year,Yes,Electronic check,117.28,827.46,No
CUST-1768,Female,0,Yes,Yes,64,Yes,No,No,No internet service,No internet service,No internet service,No internet service,No internet service,No internet service,Month-to-month,Yes,Credit card (automatic),32.04,2050.4,No
CUST-1769,Female,0,No,Yes,12,Yes,No,Fiber optic,Yes,No,Yes,No,No,Yes,Two year,Yes,Electronic check,107.03,1279.11,No
CUST-1770,Female,1,Yes,Yes,54,Yes,Yes,Fiber optic,No,No,No,No,Yes,No,Two year,Yes,Mailed check,109.26,5893.13,No
CUST-1771,Female,0,No,Yes,42,Yes,No,Fiber optic,Yes,No,Yes,Yes,No,No,Two year,No,Mailed check,105.93,4447.92,Yes
CUST-1772,Female,1,No,Yes,3,Yes,Yes,DSL,Yes,Yes,Yes,No,No,No,Two year,Yes,Electronic check,97.04,298.49,No
CUST-1773,Female,0,No,Yes,70,Yes,Yes,DSL,No,No,No,No,Yes,No,Month-to-month,Yes,Credit card (automatic),87.07,6089.73,Yes
CUST-1774,Male,0,No,Yes,59,Yes,No,Fiber optic,No,No,Yes,Yes,No,No,Month-to-month,Yes,Bank transfer (automatic),94.61,5584.78,No
CUST-1775,Female,0,No,No,11,Yes,No,No,No internet service,No internet service,No internet service,No internet service,No internet service,No internet service,Two year,Yes,Bank transfer (automatic),30.58,339.97,No
CUST-1776,Male,0,Yes,Yes,58,Yes,Yes,No,No internet service,No internet service,No internet service,No internet service,No internet service,No internet service,Two year,Yes,Electronic check,44.4,2568.57,No
CUST-1777,Male,0,Yes,Yes,53,Yes,No,DSL,No,No,No,No,No,Yes,Month-to-month,Yes,Electronic check,75.54,3998.81,No
CUST-1778,Female,0,No,Yes,43,Yes,Yes,DSL,No,No,Yes,Yes,No,No,Month-to-month,No,Electronic check,88.09,3785.12,Yes
CUST-1779,Male,0,Yes,No,15,Yes,Yes,No,No internet service,No internet service,No internet service,No internet service,No internet service,No internet service,One year,No,Mailed check,43.19,650.72,No
CUST-1780,Male,0,No,Yes,5,Yes,Yes,DSL,Yes,No,No,No,Yes,No,Month-to-month,Yes,Mailed check,95.38,467.05,Yes
CUST-1781,Male,0,Yes,Yes,13,Yes,Yes,Fiber optic,No,No,No,No,Yes,No,Month-to-month,No,Electronic check,107.32,1401.48,Yes
CUST-1782,Male,0,Yes,Yes,57,Yes,Yes,DSL,No,No,No,No,Yes,Yes,Month-to-month,No,Mailed check,97.21,5535.92,No
CUST-1783,Male,0,No,No,30,Yes,Yes,Fiber optic,No,No,No,Yes,Yes,No,Month-to-month,Yes,Electronic check,113.6,3405.34,No
CUST-1784,Male,0,No,No,40,No,No phone service,Fiber optic,Yes,Yes,Yes,Yes,Yes,No,One year,No,Electronic check,113.33,4522.3,No
CUST-1785,Female,0,Yes,Yes,34,Yes,No,DSL,No,Yes,No,No,No,Yes,Month-to-month,No,Electronic check,78.07,2651.27,No
CUST-1786,Male,0,Yes,No,9,Yes,Yes,Fiber optic,No,No,Yes,Yes,No,Yes,Two year,Yes,Bank transfer (automatic),121.82,1104.51,No
CUST-1787,Male,1,No,No,29,Yes,No,Fiber optic,No,No,No,Yes,Yes,Yes,Two year,Yes,Mailed check,111.77,3236.34,Yes
CUST-1788,Male,0,Yes,Yes,43,Yes,No,DSL,No,Yes,No,No,Yes,Yes,Month-to-month,Yes,Bank transfer (automatic),91.14,3926.3,Yes
CUST-1789,Female,0,Yes,Yes,54,Yes,Yes,Fiber optic,Yes,No,Yes,No,No,Yes,Month-to-month,Yes,Bank transfer (automatic),121.56,6556.01,No
CUST-1790,Male,0,No,Yes,70,Yes,Yes,No,No internet service,No internet service,No internet service,No internet service,No internet service,No internet service,One year,No,Electronic check,45.67,3192.27,No
CUST-1791,Female,0,Yes,No,17,Yes,Yes,DSL,No,No,Yes,Yes,No,No,One year,No,Bank transfer (automatic),88.76,1508.93,No
CUST-1792,Male,0,No,Yes,38,Yes,No,DSL,Yes,Yes,Yes,No,No,Yes,Month-to-month,No,Electronic check,96.55,3670.36,Yes
CUST-1793,Female,0,No,No,41,Yes,No,DSL,No,No,No,No,No,No,One year,Yes,Mailed check,59.66,2447.81,Yes
CUST-1794,Female,1,No,Yes,53,No,No phone service,Fiber optic,No,No,No,No,No,Yes,Month-to-month,No,Electronic check,79.09,4184.5,No
CUST-1795,Male,0,Yes,Yes,29,Yes,No,No,No internet service,No internet service,No internet service,No internet service,No internet service,No internet service,Two year,Yes,Bank transfer (automatic),27.73,811.72,No
CUST-1796,Male,0,Yes,No,19,Yes,No,DSL,Yes,Yes,No,Yes,Yes,Yes,One year,Yes,Electronic check,102.64,1949.32,No
CUST-1797,Female,0,No,Yes,41,No,No phone service,Fiber optic,Yes,Yes,No,Yes,Yes,Yes,Month-to-month,Yes,Credit card (automatic),119.8,4916.29,No
CUST-1798,Male,0,No,Yes,4,Yes,Yes,DSL,Yes,No,No,No,No,No,Two year,Yes,Mailed check,82.41,325.95,No
CUST-1799,Female,0,Yes,Yes,49,Yes,No,Fiber optic,Yes,Yes,Yes,No,No,Yes,Month-to-month,Yes,Bank transfer (automatic),116.65,5717.58,No
CUST-1800,Female,0,Yes,Yes,40,Yes,No,DSL,No,Yes,No,No,No,No,Two year,Yes,Bank transfer (automatic),69.59,2781.72,Yes
CUST-1801,Female,0,Yes,Yes,38,No,No phone service,No,No internet service,No internet service,No internet service,No internet service,No internet service,No internet service,Month-to-month,Yes,Bank transfer (automatic),18.01,689.55,No
CUST-1802,Female,1,No,Yes,56,Yes,Yes,Fiber optic,Yes,No,Yes,No,Yes,No,Month-to-month,No,Mailed check,121.89,6828.78,No
CUST-1803,Female,0,No,Yes,56,Yes,No,Fiber optic,No,No,Yes,No,Yes,No,Month-to-month,Yes,Mailed check,98.92,5541.05,No
CUST-1804,Male,0,Yes,No,36,No,No phone service,No,No internet service,No internet service,No internet service,No internet service,No internet service,No internet service,Month-to-month,Yes,Electronic check,21.99,791.84,No
CUST-1805,Female,0,Yes,No,6,Yes,Yes,DSL,Yes,Yes,No,No,Yes,Yes,Two year,Yes,Mailed check,116.0,687.57,No
CUST-1806,Female,0,Yes,Yes,4,Yes,Yes,DSL,No,No,Yes,No,No,No,Two year,Yes,Electronic check,82.03,335.62,No
CUST-1807,Male,0,No,No,50,Yes,Yes,No,No internet service,No internet service,No internet service,No internet service,No internet service,No internet service,Two year,Yes,Electronic check,48.05,2413.94,Yes
CUST-1808,Female,0,No,Yes,7,Yes,No,Fiber optic,Yes,Yes,No,No,Yes,Yes,One year,Yes,Bank transfer (automatic),116.49,816.7,No
CUST-1809,Male,0,Yes,Yes,55,Yes,No,No,No internet service,No internet service,No internet service,No internet service,No internet service,No internet service,Month-to-month,Yes,Mailed check,31.27,1716.4,Yes
CUST-1810,Male,0,Yes,Yes,72,Yes,No,Fiber optic,No,Yes,No,Yes,No,No,Month-to-month,Yes,Mailed check,94.57,6807.73,No
CUST-1811,Male,0,No,No,10,Yes,Yes,No,No internet service,No internet service,No internet service,No internet service,No internet service,No internet service,Month-to-month,Yes,Electronic check,43.08,437.14,No
CUST-1812,Female,1,No,No,21,Yes,No,No,No internet service,No internet service,No internet service,No internet service,No internet service,No internet service,One year,Yes,Bank transfer (automatic),33.52,702.08,No
CUST-1813,Female,0,Yes,Yes,10,Yes,No,DSL,No,No,No,No,No,Yes,Month-to-month,No,Electronic check,76.53,772.92,No
CUST-1814,Female,1,Yes,Yes,59,Yes,Yes,No,No internet service,No internet service,No internet service,No internet service,No internet service,No internet service,Month-to-month,No,Mailed check,49.03,2894.87,Yes
CUST-1815,Male,1,Yes,Yes,14,Yes,No,DSL,Yes,No,Yes,Yes,No,No,Two year,No,Credit card (automatic),83.09,1158.34,No
CUST-1816,Female,0,No,Yes,37,Yes,Yes,Fiber optic,No,No,Yes,No,No,Yes,One year,Yes,Credit card (automatic),114.33,4235.23,Yes
CUST-1817,Male,0,Yes,Yes,0,Yes,Yes,Fiber optic,No,No,Yes,Yes,No,No,Month-to-month,Yes,Electronic check,112.18, ,Yes
CUST-1818,Female,0,No,Yes,45,Yes,Yes,Fiber optic,Yes,Yes,Yes,No,No,Yes,Month-to-month,Yes,Electronic check,132.92,5985.37,Yes
CUST-1819,Male,0,No,No,42,Yes,Yes,No,No internet service,No internet service,No internet service,No internet service,No internet service,No internet service,Two year,No,Bank transfer (automatic),42.1,1764.84,No
CUST-1820,Female,0,Yes,Yes,21,Yes,No,No,No internet service,No internet service,No internet service,No internet service,No internet service,No internet service,Two year,No,Bank transfer (automatic),31.59,664.61,No
CUST-1821,Female,0,Yes,No,2,Yes,Yes,No,No internet service,No internet service,No internet service,No internet service,No internet service,No internet service,Month-to-month,Yes,Mailed check,42.85,79.52,Yes
CUST-1822,Female,1,No,Yes,13,Yes,Yes,No,No internet service,No internet service,No internet service,No internet service,No internet service,No internet service,Two year,No,Electronic check,44.4,577.37,No
CUST-1823,Male,0,Yes,Yes,1,No,No phone service,Fiber optic,No,No,No,No,No,No,Month-to-month,Yes,Electronic check,70.01,73.0,Yes
CUST-1824,Male,0,No,No,60,Yes,No,No,No internet service,No internet service,No internet service,No internet service,No internet service,No internet service,Two year,No,Credit card (automatic),29.72,1780.13,Yes
CUST-1825,Female,0,Yes,No,31,Yes,No,Fiber optic,Yes,Yes,No,No,Yes,Yes,Two year,No,Electronic check,118.16,3666.82,No
CUST-1826,Female,1,Yes,Yes,37,Yes,No,No,No internet service,No internet service,No internet service,No internet service,No internet service,No internet service,Two year,No,Credit card (automatic),29.2,1079.56,No
CUST-1827,Male,0,Yes,Yes,45,No,No phone service,No,No internet service,No internet service,No internet service,No internet service,No internet service,No internet service,One year,Yes,Mailed check,20.59,924.09,No
CUST-1828,Male,1,Yes,No,41,Yes,No,DSL,No,No,No,No,Yes,No,Month-to-month,Yes,Electronic check,72.31,2974.15,Yes
CUST-1829,Male,0,No,Yes,5,Yes,Yes,Fiber optic,No,Yes,No,No,No,Yes,Month-to-month,Yes,Mailed check,116.44,587.26,Yes
CUST-1830,Female,0,No,Yes,40,Yes,Yes,No,No internet service,No internet service,No internet service,No internet service,No internet service,No internet service,One year,Yes,Electronic check,41.92,1664.73,No
CUST-1831,Male,0,No,Yes,24,Yes,Yes,DSL,No,Yes,No,No,Yes,No,Month-to-month,No,Mailed check,96.34,2318.67,Yes
CUST-1832,Female,0,Yes,No,10,Yes,No,Fiber optic,No,No,No,Yes,No,No,Month-to-month,Yes,Electronic check,90.83,908.7,Yes
CUST-1833,Male,0,No,No,40,Yes,No,No,No internet service,No internet service,No internet service,No internet service,No internet service,No internet service,Month-to-month,Yes,Credit card (automatic),32.0,1281.78,Yes
CUST-1834,Female,0,No,No,70,Yes,Yes,DSL,No,Yes,No,No,No,No,Month-to-month,Yes,Credit card (automatic),78.8,5513.87,No
CUST-1835,Male,0,No,Yes,56,Yes,No,No,No internet service,No internet service,No internet service,No internet service,No internet service,No internet service,One year,No,Bank transfer (automatic),30.28,1690.83,No
CUST-1836,Male,0,Yes,Yes,45,Yes,Yes,No,No internet service,No internet service,No internet service,No internet service,No internet service,No internet service,Two year,Yes,Credit card (automatic),45.14,2038.65,No
CUST-1837,Male,0,No,Yes,47,Yes,Yes,Fiber optic,Yes,Yes,Yes,No,No,No,Two year,No,Electronic check,117.55,5523.56,Yes
CUST-1838,Male,1,Yes,No,62,Yes,Yes,No,No internet service,No internet service,No internet service,No internet service,No internet service,No internet service,Two year,Yes,Electronic check,47.14,2920.58,No
CUST-1839,Male,0,Yes,Yes,38,Yes,No,DSL,No,Yes,Yes,No,No,No,Two year,Yes,Bank transfer (automatic),77.2,2926.4,No
CUST-1840,Female,0,No,Yes,9,Yes,No,No,No internet service,No internet service,No internet service,No internet service,No internet service,No internet service,Two year,No,Credit card (automatic),30.49,277.64,No
CUST-1841,Male,0,Yes,Yes,69,Yes,No,Fiber optic,Yes,No,Yes,No,Yes,No,Two year,Yes,Credit card (automatic),106.16,7320.09,Yes
CUST-1842,Male,0,No,Yes,64,Yes,No,No,No internet service,No internet service,No internet service,No internet service,No internet service,No internet service,Two year,Yes,Mailed check,30.09,1920.52,No
CUST-1843,Male,0,No,No,58,Yes,Yes,DSL,Yes,Yes,No,No,No,No,Month-to-month,No,Bank transfer (automatic),93.44,5424.44,No
CUST-1844,Female,0,No,Yes,35,Yes,No,Fiber optic,No,Yes,Yes,Yes,Yes,No,Two year,No,Mailed check,119.28,4161.26,No
CUST-1845,Male,0,No,No,26,Yes,No,No,No internet service,No internet service,No internet service,No internet service,No internet service,No internet service,Month-to-month,No,Credit card (automatic),29.24,753.88,No
CUST-1846,Female,0,No,Yes,72,Yes,Yes,DSL,No,No,Yes,No,Yes,Yes,One year,No,Bank transfer (automatic),105.93,7630.41,No
CUST-1847,Male,0,Yes,No,54,Yes,No,No,No internet service,No internet service,No internet service,No internet service,No internet service,No internet service,Month-to-month,Yes,Electronic check,30.8,1668.68,No
CUST-1848,Male,0,No,No,69,Yes,Yes,No,No internet service,No internet service,No internet service,No internet service,No internet service,No internet service,One year,No,Electronic check,42.71,2940.1,No
CUST-1849,Female,0,Yes,Yes,52,Yes,No,Fiber optic,No,Yes,No,Yes,Yes,Yes,One year,Yes,Electronic check,115.81,6029.07,Yes
CUST-1850,Male,0,No,No,59,Yes,Yes,No,No internet service,No internet service,No internet service,No internet service,No internet service,No internet service,Month-to-month,No,Mailed check,44.32,2618.48,Yes
CUST-1851,Female,0,No,Yes,60,Yes,Yes,Fiber optic,Yes,No,No,Yes,No,No,One year,Yes,Electronic check,112.02,6717.07,No
CUST-1852,Female,0,No,No,35,Yes,Yes,Fiber optic,No,No,Yes,Yes,Yes,Yes,Month-to-month,Yes,Electronic check,133.34,4670.53,Yes
CUST-1853,Male,0,Yes,No,26,Yes,No,DSL,Yes,No,No,No,Yes,No,Month-to-month,Yes,Electronic check,81.18,2111.91,Yes
CUST-1854,Female,1,Yes,No,40,No,No phone service,Fiber optic,No,No,Yes,Yes,Yes,No,One year,Yes,Electronic check,97.17,3885.35,No
CUST-1855,Male,0,Yes,Yes,27,Yes,No,Fiber optic,No,No,No,No,No,No,One year,Yes,Credit card (automatic),80.95,2188.67,No
CUST-1856,Male,0,Yes,Yes,15,Yes,Yes,Fiber optic,Yes,Yes,No,Yes,No,No,One year,No,Credit card (automatic),120.06,1797.76,No
CUST-1857,Female,0,No,Yes,34,Yes,Yes,DSL,No,Yes,No,Yes,No,Yes,Month-to-month,Yes,Credit card (automatic),105.01,3574.2,Yes
CUST-1858,Female,0,No,Yes,35,Yes,Yes,DSL,No,Yes,Yes,Yes,Yes,No,Month-to-month,Yes,Electronic check,109.41,3826.52,No
CUST-1859,Female,0,Yes,No,55,Yes,No,No,No internet service,No internet service,No internet service,No internet service,No internet service,No internet service,Two year,No,Mailed check,28.24,1555.61,No
CUST-1860,Female,0,Yes,No,18,Yes,No,DSL,No,Yes,No,Yes,No,No,Month-to-month,No,Electronic check,73.8,1325.08,Yes
CUST-1861,Male,0,Yes,No,56,Yes,Yes,Fiber optic,No,No,No,No,Yes,Yes,Month-to-month,Yes,Credit card (automatic),119.67,6700.3,Yes
CUST-1862,Male,0,No,Yes,32,Yes,No,DSL,No,Yes,No,Yes,No,No,Month-to-month,Yes,Credit card (automatic),78.51,2507.15,Yes
CUST-1863,Female,0,Yes,No,22,Yes,No,Fiber optic,No,No,Yes,Yes,No,Yes,Month-to-month,Yes,Credit card (automatic),110.15,2417.5,No
CUST-1864,Male,0,Yes,No,62,Yes,No,No,No internet service,No internet service,No internet service,No internet service,No internet service,No internet service,Month-to-month,Yes,Electronic check,27.86,1733.43,Yes
CUST-1865,Male,0,No,No,69,No,No phone service,No,No internet service,No internet service,No internet service,No internet service,No internet service,No internet service,Two year,Yes,Electronic check,20.36,1409.63,No
CUST-1866,Male,0,Yes,Yes,21,Yes,Yes,DSL,No,Yes,Yes,No,Yes,Yes,Month-to-month,Yes,Mailed check,117.24,2469.19,No
CUST-1867,Male,0,No,Yes,66,Yes,No,Fiber optic,No,No,Yes,No,Yes,No,Two year,No,Electronic check,100.8,6655.13,Yes
CUST-1868,Female,0,No,Yes,58,Yes,No,No,No internet service,No internet service,No internet service,No internet service,No internet service,No internet service,One year,Yes,Credit card (automatic),27.18,1587.09,No
CUST-1869,Female,0,No,Yes,24,Yes,No,No,No internet service,No internet service,No internet service,No internet service,No internet service,No internet service,Month-to-month,Yes,Bank transfer (automatic),33.61,802.61,No
CUST-1870,Male,0,No,Yes,16,No,No phone service,DSL,Yes,Yes,Yes,No,No,No,Two year,Yes,Electronic check,76.36,1223.44,No
CUST-1871,Female,0,No,No,38,Yes,No,No,No internet service,No internet service,No internet service,No internet service,No internet service,No internet service,Month-to-month,Yes,Credit card (automatic),29.82,1122.08,Yes
CUST-1872,Female,0,Yes,Yes,38,Yes,Yes,DSL,No,Yes,Yes,No,Yes,Yes,Month-to-month,No,Mailed check,114.77,4362.84,No
CUST-1873,Female,0,Yes,Yes,23,Yes,No,Fiber optic,Yes,Yes,No,No,Yes,Yes,Two year,No,Bank transfer (automatic),120.25,2760.64,No
CUST-1874,Male,0,No,Yes,37,Yes,No,DSL,No,No,Yes,Yes,Yes,No,Two year,Yes,Electronic check,90.7,3354.95,No
CUST-1875,Male,0,No,No,56,Yes,Yes,No,No internet service,No internet service,No internet service,No internet service,No internet service,No internet service,Two year,Yes,Mailed check,43.95,2454.06,No
CUST-1876,Male,0,Yes,No,43,Yes,No,No,No internet service,No internet service,No internet service,No internet service,No internet service,No internet service,Month-to-month,No,Bank transfer (automatic),33.06,1417.54,Yes
CUST-1877,Female,0,Yes,No,35,Yes,No,DSL,No,Yes,No,Yes,Yes,Yes,One year,Yes,Electronic check,99.45,3490.0,No
CUST-1878,Male,0,No,Yes,69,Yes,Yes,Fiber optic,No,Yes,Yes,No,No,No,Month-to-month,No,Electronic check,113.35,7824.55,Yes
CUST-1879,Male,0,Yes,Yes,44,Yes,Yes,DSL,No,No,Yes,No,Yes,Yes,Two year,No,Bank transfer (automatic),106.73,4690.45,Yes
CUST-1880,Female,0,Yes,No,25,Yes,No,DSL,No,No,Yes,Yes,No,Yes,Month-to-month,Yes,Bank transfer (automatic),89.13,2228.26,No
CUST-1881,Male,0,No,Yes,10,Yes,No,Fiber optic,Yes,Yes,No,No,Yes,No,Two year,No,Electronic check,106.91,1075.01,No
CUST-1882,Male,0,Yes,Yes,51,Yes,No,Fiber optic,Yes,No,No,No,No,No,Month-to-month,Yes,Electronic check,87.4,4446.94,No
CUST-1883,Female,0,Yes,Yes,24,Yes,Yes,DSL,Yes,No,No,No,No,Yes,Month-to-month,No,Electronic check,95.53,2298.24,No
CUST-1884,Female,0,Yes,Yes,30,Yes,Yes,Fiber optic,Yes,Yes,Yes,No,No,Yes,Month-to-month,No,Electronic check,131.8,3953.25,Yes
CUST-1885,Female,1,Yes,No,44,Yes,No,Fiber optic,No,Yes,No,No,Yes,No,Month-to-month,No,Electronic check,96.42,4255.84,Yes
CUST-1886,Male,0,No,Yes,66,No,No phone service,Fiber optic,No,No,No,No,No,No,Month-to-month,Yes,Credit card (automatic),68.74,4532.65,Yes
CUST-1887,Male,1,Yes,Yes,39,Yes,Yes,DSL,No,Yes,Yes,Yes,Yes,Yes,Month-to-month,No,Electronic check,124.93,4876.25,No
CUST-1888,Male,0,No,Yes,45,Yes,No,DSL,Yes,No,Yes,No,Yes,Yes,One year,Yes,Bank transfer (automatic),98.4,4418.04,No
CUST-1889,Female,0,Yes,Yes,53,Yes,No,Fiber optic,No,Yes,No,Yes,No,Yes,Two year,No,Mailed check,110.31,5845.68,No
CUST-1890,Female,0,No,Yes,40,Yes,No,Fiber optic,No,No,No,No,Yes,No,Two year,Yes,Mailed check,90.74,3628.48,No
CUST-1891,Male,0,No,Yes,37,Yes,No,Fiber optic,No,No,No,No,Yes,Yes,Month-to-month,Yes,Mailed check,104.32,3855.85,Yes
CUST-1892,Male,0,Yes,Yes,35,Yes,Yes,No,No internet service,No internet service,No internet service,No internet service,No internet service,No internet service,Month-to-month,Yes,Bank transfer (automatic),44.27,1549.18,Yes
CUST-1893,Female,0,No,Yes,43,Yes,Yes,DSL,Yes,Yes,Yes,No,No,No,Month-to-month,No,Bank transfer (automatic),101.78,4379.6,Yes
CUST-1894,Female,0,No,Yes,56,Yes,No,Fiber optic,No,No,Yes,Yes,Yes,No,Month-to-month,Yes,Electronic check,112.01,6280.82,Yes
CUST-1895,Female,1,No,Yes,65,Yes,No,DSL,No,Yes,No,No,Yes,No,Two year,Yes,Electronic check,78.57,5108.61,No
CUST-1896,Female,0,No,Yes,29,Yes,Yes,DSL,Yes,No,Yes,No,No,No,Month-to-month,Yes,Mailed check,91.27,2646.61,No
CUST-1897,Male,0,No,Yes,9,Yes,No,Fiber optic,No,No,Yes,Yes,No,Yes,Two year,No,Electronic check,105.96,954.83,No
CUST-1898,Female,0,Yes,No,60,Yes,No,Fiber optic,No,No,Yes,No,Yes,No,Two year,Yes,Electronic check,98.18,5893.33,Yes
CUST-1899,Male,0,No,Yes,62,Yes,Yes,No,No internet service,No internet service,No internet service,No internet service,No internet service,No internet service,Month-to-month,Yes,Mailed check,47.1,2920.3,No
CUST-1900,Male,0,No,Yes,35,Yes,No,Fiber optic,No,Yes,No,No,No,Yes,Month-to-month,Yes,Electronic check,99.88,3502.77,Yes
CUST-1901,Male,0,Yes,Yes,53,Yes,No,DSL,No,No,No,No,Yes,Yes,One year,Yes,Electronic check,84.16,4458.77,Yes
CUST-1902,Female,0,Yes,No,64,Yes,No,Fiber optic,No,No,No,No,No,Yes,One year,Yes,Electronic check,92.67,5923.38,No
CUST-1903,Female,0,No,Yes,3,Yes,No,No,No internet service,No internet service,No internet service,No internet service,No internet service,No internet service,Month-to-month,Yes,Electronic check,28.7,84.55,No
CUST-1904,Female,0,Yes,Yes,54,Yes,Yes,Fiber optic,No,No,No,No,No,No,Month-to-month,Yes,Electronic check,92.24,4981.72,Yes
CUST-1905,Female,1,Yes,No,53,Yes,No,No,No internet service,No internet service,No internet service,No internet service,No internet service,No internet service,Month-to-month,No,Mailed check,27.89,1479.73,No
CUST-1906,Male,0,Yes,No,63,Yes,Yes,DSL,Yes,No,No,Yes,Yes,Yes,Two year,No,Electronic check,113.76,7171.61,No
CUST-1907,Female,1,Yes,No,21,Yes,No,No,No internet service,No internet service,No internet service,No internet service,No internet service,No internet service,Month-to-month,Yes,Electronic check,32.74,694.44,No
CUST-1908,Female,0,Yes,Yes,24,Yes,Yes,Fiber optic,Yes,Yes,No,No,Yes,Yes,Month-to-month,No,Credit card (automatic),135.61,3248.87,No
CUST-1909,Male,0,Yes,Yes,58,Yes,No,Fiber optic,No,Yes,No,Yes,Yes,No,Two year,Yes,Electronic check,107.97,6262.0,No
CUST-1910,Female,0,No,Yes,56,Yes,Yes,Fiber optic,Yes,Yes,No,Yes,No,Yes,Month-to-month,No,Mailed check,128.21,7188.76,No
CUST-1911,Male,0,No,No,53,Yes,Yes,Fiber optic,No,Yes,Yes,No,No,No,Two year,Yes,Mailed check,108.2,5728.08,No
CUST-1912,Male,0,Yes,Yes,43,Yes,Yes,No,No internet service,No internet service,No internet service,No internet service,No internet service,No internet service,Two year,No,Bank transfer (automatic),43.71,1875.8,No
CUST-1913,Male,0,Yes,Yes,51,Yes,Yes,DSL,Yes,No,Yes,Yes,Yes,No,Month-to-month,No,Mailed check,110.5,5637.23,No
CUST-1914,Male,0,No,No,15,Yes,No,DSL,Yes,Yes,No,No,Yes,No,Month-to-month,Yes,Mailed check,86.5,1287.16,Yes
CUST-1915,Male,0,Yes,No,15,Yes,Yes,No,No internet service,No internet service,No internet service,No internet service,No internet service,No internet service,Month-to-month,Yes,Credit card (automatic),43.38,642.9,Yes
CUST-1916,Male,0,No,No,54,Yes,Yes,DSL,Yes,Yes,No,Yes,No,No,Month-to-month,Yes,Electronic check,97.92,5290.96,Yes
CUST-1917,Male,0,Yes,No,60,Yes,Yes,Fiber optic,No,No,No,No,No,No,Month-to-month,No,Electronic check,93.62,5620.51,Yes
CUST-1918,Male,0,No,No,39,Yes,Yes,Fiber optic,Yes,No,Yes,No,No,No,Two year,No,Bank transfer (automatic),110.57,4315.27,No
CUST-1919,Female,0,No,Yes,20,Yes,No,No,No internet service,No internet service,No internet service,No internet service,No internet service,No internet service,Two year,Yes,Bank transfer (automatic),30.36,608.7,No
CUST-1920,Female,0,Yes,No,65,Yes,No,No,No internet service,No internet service,No internet service,No internet service,No internet service,No internet service,One year,No,Credit card (automatic),31.53,2044.89,No
CUST-1921,Female,0,Yes,No,7,No,No phone service,No,No internet service,No internet service,No internet service,No internet service,No internet service,No internet service,One year,Yes,Credit card (automatic),18.0,125.61,No
CUST-1922,Female,1,Yes,Yes,70,Yes,Yes,No,No internet service,No internet service,No internet service,No internet service,No internet service,No internet service,One year,No,Mailed check,44.88,3146.85,No
CUST-1923,Male,0,Yes,Yes,9,Yes,Yes,No,No internet service,No internet service,No internet service,No internet service,No internet service,No internet service,Month-to-month,No,Mailed check,49.05,433.5,No
CUST-1924,Female,0,No,No,56,Yes,No,Fiber optic,No,Yes,No,No,No,No,Month-to-month,Yes,Credit card (automatic),87.32,4895.34,Yes
CUST-1925,Male,0,Yes,Yes,3,Yes,Yes,Fiber optic,Yes,No,Yes,No,Yes,No,One year,Yes,Credit card (automatic),122.95,361.63,Yes
CUST-1926,Female,0,No,No,42,Yes,Yes,No,No internet service,No internet service,No internet service,No internet service,No internet service,No internet service,Month-to-month,No,Mailed check,43.23,1819.74,No
CUST-1927,Female,0,Yes,Yes,62,Yes,Yes,DSL,No,Yes,No,Yes,Yes,Yes,Two year,No,Electronic check,116.35,7210.41,No
CUST-1928,Female,0,No,Yes,42,Yes,No,DSL,Yes,No,Yes,No,Yes,Yes,One year,No,Mailed check,98.62,4139.63,No
CUST-1929,Male,0,Yes,Yes,66,No,No phone service,No,No internet service,No internet service,No internet service,No internet service,No internet service,No internet service,Month-to-month,No,Electronic check,24.03,1579.82,No
CUST-1930,Female,0,Yes,Yes,50,Yes,No,No,No internet service,No internet service,No internet service,No internet service,No internet service,No internet service,One year,No,Credit card (automatic),28.98,1465.2,No
CUST-1931,Male,0,No,Yes,55,No,No phone service,Fiber optic,No,No,No,No,No,No,One year,Yes,Credit card (automatic),69.34,3815.59,No
CUST-1932,Male,0,Yes,Yes,42,Yes,No,DSL,No,No,No,Yes,No,No,Month-to-month,No,Credit card (automatic),68.59,2887.51,No
CUST-1933,Female,0,Yes,Yes,23,Yes,Yes,Fiber optic,No,No,Yes,No,No,Yes,Two year,Yes,Electronic check,120.01,2751.3,Yes
CUST-1934,Female,1,Yes,Yes,33,Yes,Yes,Fiber optic,No,No,No,No,Yes,Yes,Month-to-month,Yes,Credit card (automatic),116.48,3848.32,No
CUST-1935,Female,0,Yes,Yes,58,Yes,Yes,Fiber optic,Yes,Yes,Yes,Yes,No,No,Month-to-month,No,Mailed check,129.12,7494.24,No
CUST-1936,Male,0,Yes,Yes,1,Yes,Yes,Fiber optic,No,No,No,Yes,No,Yes,One year,No,Electronic check,115.7,116.1,Yes
CUST-1937,Female,0,No,No,1,Yes,Yes,DSL,No,No,No,No,Yes,Yes,Two year,No,Electronic check,95.04,95.04,No
CUST-1938,Male,0,Yes,Yes,9,Yes,Yes,Fiber optic,No,Yes,Yes,No,No,No,Month-to-month,Yes,Mailed check,110.49,989.88,Yes
CUST-1939,Male,1,No,Yes,22,No,No phone service,No,No internet service,No internet service,No internet service,No internet service,No internet service,No internet service,Month-to-month,Yes,Bank transfer (automatic),20.15,446.52,No
CUST-1940,Female,0,Yes,Yes,14,Yes,No,Fiber optic,No,Yes,No,No,Yes,Yes,Month-to-month,Yes,Electronic check,112.11,1565.05,Yes
CUST-1941,Female,1,Yes,Yes,16,Yes,No,DSL,No,No,No,Yes,Yes,Yes,Month-to-month,Yes,Electronic check,94.69,1516.24,No
CUST-1942,Male,0,No,Yes,13,Yes,No,Fiber optic,No,No,Yes,Yes,No,No,Two year,No,Credit card (automatic),94.32,1231.74,No
CUST-1943,Male,0,No,Yes,15,No,No phone service,DSL,No,No,Yes,No,Yes,No,Two year,No,Credit card (automatic),67.39,1018.49,No
CUST-1944,Male,0,No,No,31,Yes,No,No,No internet service,No internet service,No internet service,No internet service,No internet service,No internet service,One year,Yes,Bank transfer (automatic),26.54,825.24,No
CUST-1945,Female,0,No,No,22,Yes,No,DSL,No,No,No,Yes,Yes,Yes,One year,No,Bank transfer (automatic),94.08,2068.04,No
CUST-1946,Male,1,No,No,33,Yes,No,No,No internet service,No internet service,No internet service,No internet service,No internet service,No internet service,One year,No,Bank transfer (automatic),31.96,1057.76,No
CUST-1947,Female,0,Yes,Yes,15,Yes,No,No,No internet service,No internet service,No internet service,No internet service,No internet service,No internet service,Two year,Yes,Credit card (automatic),30.02,454.26,No
CUST-1948,Male,0,No,Yes,33,Yes,No,Fiber optic,No,No,No,No,Yes,No,Month-to-month,Yes,Credit card (automatic),90.42,2976.24,Yes
CUST-1949,Male,0,No,Yes,70,Yes,No,Fiber optic,No,No,No,Yes,No,No,Month-to-month,Yes,Mailed check,87.86,6149.07,No
CUST-1950,Female,0,Yes,No,32,Yes,Yes,No,No internet service,No internet service,No internet service,No internet service,No internet service,No internet service,One year,Yes,Mailed check,50.83,1623.23,No
CUST-1951,Male,0,Yes,No,67,Yes,Yes,DSL,No,No,Yes,Yes,No,No,Month-to-month,Yes,Bank transfer (automatic),90.93,6095.61,No
CUST-1952,Female,0,No,Yes,42,Yes,Yes,DSL,No,Yes,Yes,No,No,Yes,Two year,No,Mailed check,103.78,4346.95,Yes
CUST-1953,Female,0,No,Yes,63,Yes,Yes,DSL,Yes,Yes,Yes,No,Yes,No,Two year,No,Electronic check,107.23,6754.22,No
CUST-1954,Male,0,No,Yes,70,No,No phone service,Fiber optic,No,No,Yes,No,Yes,No,One year,No,Credit card (automatic),90.9,6365.4,No
CUST-1955,Female,1,Yes,No,17,Yes,Yes,Fiber optic,Yes,No,Yes,Yes,No,No,Month-to-month,No,Credit card (automatic),120.46,2041.57,No
CUST-1956,Female,0,No,No,67,Yes,Yes,No,No internet service,No internet service,No internet service,No internet service,No internet service,No internet service,One year,Yes,Mailed check,43.87,2939.2,No
CUST-1957,Male,0,Yes,Yes,60,Yes,No,DSL,No,No,No,No,Yes,No,One year,Yes,Electronic check,71.58,4296.68,No
CUST-1958,Female,0,Yes,No,19,Yes,No,No,No internet service,No internet service,No internet service,No internet service,No internet service,No internet service,Month-to-month,Yes,Electronic check,31.02,577.68,No
CUST-1959,Female,0,Yes,Yes,10,Yes,No,DSL,No,Yes,Yes,Yes,No,Yes,Month-to-month,No,Electronic check,95.49,954.86,No
CUST-1960,Female,0,Yes,No,45,Yes,Yes,Fiber optic,No,No,No,Yes,Yes,Yes,One year,No,Electronic check,129.27,5813.39,No
CUST-1961,Male,0,No,No,63,Yes,No,DSL,No,No,No,No,Yes,Yes,One year,Yes,Bank transfer (automatic),81.36,5120.98,No
CUST-1962,Female,0,Yes,No,27,Yes,No,No,No internet service,No internet service,No internet service,No internet service,No internet service,No internet service,Two year,No,Electronic check,30.2,820.39,Yes
CUST-1963,Male,1,Yes,Yes,47,Yes,No,DSL,No,Yes,No,Yes,No,Yes,Two year,Yes,Bank transfer (automatic),89.13,4200.02,No
CUST-1964,Male,0,No,Yes,34,Yes,Yes,Fiber optic,No,No,No,No,Yes,Yes,Month-to-month,Yes,Electronic check,119.21,4056.65,Yes
CUST-1965,Female,0,Yes,Yes,7,Yes,Yes,DSL,Yes,Yes,No,Yes,Yes,Yes,Month-to-month,No,Credit card (automatic),120.83,849.25,Yes
CUST-1966,Female,0,No,Yes,21,Yes,No,No,No internet service,No internet service,No internet service,No internet service,No internet service,No internet service,Month-to-month,Yes,Mailed check,31.83,659.76,No
CUST-1967,Female,0,Yes,No,23,Yes,No,Fiber optic,No,No,Yes,No,No,No,Two year,No,Bank transfer (automatic),85.16,1956.16,Yes
CUST-1968,Male,0,No,Yes,65,Yes,Yes,DSL,No,Yes,Yes,No,No,No,Month-to-month,No,Mailed check,89.22,5800.43,No
CUST-1969,Female,1,Yes,Yes,63,No,No phone service,Fiber optic,No,No,Yes,No,Yes,No,Month-to-month,No,Credit card (automatic),89.97,5664.03,Yes
CUST-1970,Female,1,Yes,No,64,Yes,Yes,DSL,No,No,No,No,Yes,No,Month-to-month,No,Bank transfer (automatic),88.03,5646.34,Yes
CUST-1971,Female,1,No,Yes,13,Yes,No,Fiber optic,No,Yes,Yes,No,No,Yes,Month-to-month,Yes,Bank transfer (automatic),106.29,1381.27,Yes
CUST-1972,Female,1,Yes,Yes,24,Yes,Yes,DSL,No,No,No,No,No,Yes,Month-to-month,No,Mailed check,83.73,2017.06,Yes
CUST-1973,Female,0,Yes,Yes,2,Yes,No,Fiber optic,No,No,No,No,No,Yes,Two year,No,Credit card (automatic),92.85,188.19,Yes
CUST-1974,Male,0,No,Yes,4,Yes,No,Fiber optic,Yes,Yes,No,No,No,Yes,Month-to-month,Yes,Bank transfer (automatic),104.45,420.15,Yes
CUST-1975,Male,0,Yes,Yes,64,Yes,No,DSL,Yes,No,No,Yes,No,Yes,Month-to-month,Yes,Bank transfer (automatic),88.61,5673.0,No
CUST-1976,Female,0,Yes,No,53,No,No phone service,Fiber optic,Yes,Yes,No,No,No,Yes,Two year,No,Electronic check,98.78,5244.93,No
CUST-1977,Female,0,No,Yes,18,Yes,Yes,DSL,No,No,No,No,Yes,Yes,Month-to-month,Yes,Credit card (automatic),102.25,1839.79,Yes
CUST-1978,Female,0,No,No,53,Yes,No,Fiber optic,Yes,Yes,No,No,No,No,Month-to-month,No,Mailed check,97.15,5143.55,No
CUST-1979,Female,0,No,Yes,9,Yes,No,Fiber optic,No,Yes,No,Yes,Yes,No,Month-to-month,Yes,Electronic check,106.97,962.11,Yes
CUST-1980,Male,0,No,Yes,15,Yes,Yes,No,No internet service,No internet service,No internet service,No internet service,No internet service,No internet service,Month-to-month,Yes,Mailed check,45.39,675.47,Yes
CUST-1981,Female,0,No,Yes,45,Yes,Yes,DSL,No,Yes,No,Yes,No,Yes,One year,No,Bank transfer (automatic),104.82,4712.09,Yes
CUST-1982,Male,0,Yes,Yes,28,Yes,Yes,Fiber optic,Yes,No,No,No,No,Yes,Month-to-month,No,Electronic check,115.66,3235.97,No
CUST-1983,Male,0,No,Yes,14,Yes,No,Fiber optic,No,Yes,Yes,Yes,No,No,Month-to-month,No,Mailed check,103.77,1449.53,No
CUST-1984,Female,0,Yes,Yes,47,No,No phone service,Fiber optic,Yes,Yes,No,No,No,Yes,Month-to-month,Yes,Bank transfer (automatic),100.55,4712.21,Yes
CUST-1985,Male,0,No,Yes,10,Yes,No,Fiber optic,Yes,No,Yes,No,Yes,Yes,Month-to-month,Yes,Electronic check,117.88,1178.54,No
CUST-1986,Male,0,Yes,Yes,33,Yes,Yes,DSL,Yes,Yes,No,Yes,Yes,Yes,One year,No,Credit card (automatic),119.97,3962.27,No
CUST-1987,Male,0,Yes,Yes,35,Yes,Yes,Fiber optic,No,No,No,No,No,No,Month-to-month,Yes,Electronic check,91.04,3185.03,Yes
CUST-1988,Male,0,No,Yes,29,Yes,Yes,Fiber optic,Yes,Yes,No,No,Yes,No,Month-to-month,Yes,Mailed check,125.88,3659.26,Yes
CUST-1989,Female,0,Yes,No,72,Yes,Yes,Fiber optic,Yes,Yes,No,Yes,Yes,No,Month-to-month,Yes,Mailed check,129.35,9316.28,Yes
CUST-1990,Female,0,Yes,No,18,Yes,Yes,DSL,Yes,Yes,Yes,Yes,Yes,Yes,One year,Yes,Electronic check,130.34,2349.94,No
CUST-1991,Male,0,No,Yes,67,Yes,No,DSL,Yes,Yes,No,No,No,No,Two year,Yes,Bank transfer (automatic),76.24,5100.65,No
CUST-1992,Female,0,No,Yes,69,Yes,No,Fiber optic,No,No,No,No,Yes,No,Month-to-month,Yes,Mailed check,90.5,6244.36,Yes
CUST-1993,Female,0,No,No,32,Yes,No,Fiber optic,No,Yes,Yes,No,Yes,Yes,Month-to-month,Yes,Bank transfer (automatic),122.38,3920.24,Yes
CUST-1994,Female,0,No,Yes,21,Yes,No,DSL,No,Yes,Yes,Yes,No,No,Month-to-month,Yes,Mailed check,86.31,1809.24,Yes
CUST-1995,Female,0,Yes,No,35,Yes,Yes,Fiber optic,No,No,No,No,Yes,No,One year,No,Credit card (automatic),108.23,3798.73,No
CUST-1996,Female,0,Yes,Yes,22,Yes,No,Fiber optic,No,No,No,Yes,Yes,No,Month-to-month,Yes,Electronic check,99.89,2202.79,No
CUST-1997,Male,0,Yes,No,62,Yes,Yes,DSL,No,No,No,No,No,No,One year,No,Electronic check,73.82,4580.09,No
CUST-1998,Female,0,Yes,Yes,25,Yes,Yes,No,No internet service,No internet service,No internet service,No internet service,No internet service,No internet service,Month-to-month,No,Bank transfer (automatic),42.8,1069.24,No
CUST-1999,Female,0,Yes,No,59,Yes,Yes,No,No internet service,No internet service,No internet service,No internet service,No internet service,No internet service,One year,No,Credit card (automatic),45.46,2669.81,Yes
CUST-2000,Female,0,Yes,Yes,4,Yes,Yes,DSL,No,No,Yes,No,Yes,Yes,Month-to-month,Yes,Credit card (automatic),105.88,427.86,Yes
CUST-2001,Female,0,No,Yes,53,Yes,Yes,DSL,No,No,No,No,No,No,Month-to-month,Yes,Electronic check,76.1,4030.2,No
CUST-2002,Male,0,Yes,Yes,37,No,No phone service,Fiber optic,No,No,No,Yes,Yes,Yes,Month-to-month,No,Electronic check,100.03,3697.43,No
CUST-2003,Male,0,Yes,Yes,61,Yes,Yes,DSL,No,No,No,Yes,Yes,No,Month-to-month,Yes,Bank transfer (automatic),92.14,5618.8,No
CUST-2004,Male,0,Yes,No,24,No,No phone service,No,No internet service,No internet service,No internet service,No internet service,No internet service,No internet service,Month-to-month,No,Credit card (automatic),21.87,518.03,No
CUST-2005,Male,0,No,Yes,11,Yes,Yes,Fiber optic,Yes,Yes,Yes,Yes,No,No,Two year,No,Electronic check,126.68,1388.41,Yes
CUST-2006,Female,0,No,No,21,Yes,Yes,DSL,No,Yes,Yes,Yes,No,No,Two year,No,Mailed check,100.24,2108.76,No
CUST-2007,Male,0,No,Yes,8,Yes,Yes,DSL,Yes,No,No,Yes,Yes,Yes,Month-to-month,No,Electronic check,116.93,938.12,Yes
CUST-2008,Female,0,No,No,28,Yes,Yes,DSL,No,No,No,Yes,Yes,No,Month-to-month,Yes,Mailed check,94.1,2636.06,No
CUST-2009,Female,0,Yes,Yes,43,Yes,No,DSL,No,No,Yes,No,No,No,Month-to-month,Yes,Electronic check,64.35,2758.8,Yes
CUST-2010,Female,1,Yes,No,26,No,No phone service,Fiber optic,Yes,No,No,No,No,Yes,Two year,Yes,Electronic check,93.88,2447.32,Yes
CUST-2011,Female,0,Yes,No,54,Yes,No,DSL,No,No,Yes,Yes,No,No,Two year,No,Bank transfer (automatic),79.53,4297.36,No
CUST-2012,Female,0,No,Yes,4,No,No phone service,Fiber optic,Yes,No,Yes,Yes,Yes,No,Month-to-month,No,Electronic check,106.73,418.61,No
CUST-2013,Male,0,Yes,No,51,Yes,No,DSL,No,Yes,Yes,No,Yes,Yes,Month-to-month,No,Credit card (automatic),99.51,5079.06,No
CUST-2014,Male,0,Yes,No,12,No,No phone service,No,No internet service,No internet service,No internet service,No internet service,No internet service,No internet service,Month-to-month,No,Bank transfer (automatic),18.78,222.75,No
CUST-2015,Male,0,Yes,Yes,41,Yes,No,DSL,No,No,No,No,Yes,No,Month-to-month,No,Electronic check,72.85,2989.6,Yes
CUST-2016,Male,0,No,Yes,14,No,No phone service,DSL,Yes,Yes,No,No,No,No,Month-to-month,No,Bank transfer (automatic),67.32,934.1,No
CUST-2017,Female,0,No,Yes,17,Yes,No,DSL,Yes,Yes,No,No,Yes,No,One year,Yes,Credit card (automatic),87.85,1490.8,No
CUST-2018,Male,1,No,No,49,Yes,Yes,Fiber optic,No,No,No,No,Yes,No,Two year,No,Mailed check,105.43,5153.87,No
CUST-2019,Female,0,Yes,Yes,1,Yes,Yes,Fiber optic,No,No,No,No,No,No,One year,Yes,Mailed check,97.0,97.0,Yes
CUST-2020,Male,0,Yes,Yes,12,Yes,No,DSL,Yes,Yes,Yes,Yes,Yes,Yes,Two year,Yes,Electronic check,114.69,1379.09,No
CUST-2021,Female,1,Yes,Yes,67,Yes,Yes,DSL,Yes,Yes,No,Yes,No,Yes,Two year,No,Mailed check,113.01,7567.94,No
CUST-2022,Female,0,Yes,Yes,46,Yes,Yes,No,No internet service,No internet service,No internet service,No internet service,No internet service,No internet service,Month-to-month,No,Mailed check,44.39,2042.85,No
CUST-2023,Male,1,No,No,49,Yes,Yes,No,No internet service,No internet service,No internet service,No internet service,No internet service,No internet service,Month-to-month,No,Bank transfer (automatic),48.33,2361.71,Yes
CUST-2024,Female,0,Yes,No,11,Yes,Yes,Fiber optic,Yes,Yes,Yes,No,Yes,Yes,Month-to-month,Yes,Bank transfer (automatic),140.84,1548.85,No
CUST-2025,Female,0,No,Yes,12,Yes,No,Fiber optic,Yes,No,No,No,No,No,Month-to-month,Yes,Credit card (automatic),91.39,1103.7,No
CUST-2026,Male,0,Yes,Yes,8,Yes,No,Fiber optic,No,Yes,Yes,Yes,No,No,One year,Yes,Credit card (automatic),103.82,829.67,Yes
CUST-2027,Female,0,No,No,58,Yes,Yes,DSL,No,No,Yes,No,No,Yes,Month-to-month,Yes,Credit card (automatic),95.15,5523.52,No
CUST-2028,Male,1,Yes,Yes,44,Yes,No,No,No internet service,No internet service,No internet service,No internet service,No internet service,No internet service,Two year,Yes,Mailed check,28.65,1263.96,No
CUST-2029,Male,0,Yes,Yes,69,Yes,No,Fiber optic,Yes,No,Yes,Yes,Yes,Yes,Two year,Yes,Electronic check,126.51,8733.9,No
CUST-2030,Male,0,No,Yes,42,Yes,Yes,Fiber optic,No,No,No,Yes,Yes,No,Month-to-month,No,Bank transfer (automatic),112.93,4735.37,Yes
CUST-2031,Female,0,No,Yes,22,Yes,Yes,No,No internet service,No internet service,No internet service,No internet service,No internet service,No internet service,Month-to-month,Yes,Mailed check,43.33,957.45,No
CUST-2032,Female,0,Yes,Yes,44,Yes,No,Fiber optic,No,Yes,Yes,Yes,No,Yes,Two year,No,Electronic check,116.9,5150.81,No
CUST-2033,Female,0,Yes,No,22,Yes,No,DSL,No,No,No,Yes,Yes,No,Month-to-month,Yes,Electronic check,83.32,1841.49,No
CUST-2034,Male,0,Yes,Yes,33,Yes,No,DSL,Yes,Yes,No,Yes,Yes,No,One year,Yes,Bank transfer (automatic),97.91,3226.66,No
CUST-2035,Female,0,No,No,15,No,No phone service,Fiber optic,Yes,No,Yes,No,Yes,Yes,One year,No,Bank transfer (automatic),109.88,1648.57,Yes
CUST-2036,Male,0,Yes,Yes,62,Yes,No,DSL,No,No,Yes,No,No,Yes,Month-to-month,No,Credit card (automatic),79.54,4924.88,No
CUST-2037,Male,0,No,Yes,50,Yes,Yes,Fiber optic,No,No,Yes,Yes,Yes,Yes,Month-to-month,No,Credit card (automatic),138.78,6936.48,Yes
CUST-2038,Female,0,Yes,No,31,Yes,No,DSL,No,Yes,Yes,No,Yes,No,One year,Yes,Mailed check,88.61,2740.92,Yes
CUST-2039,Male,0,Yes,Yes,37,Yes,Yes,DSL,Yes,Yes,No,No,No,No,One year,No,Electronic check,90.03,3336.39,No
CUST-2040,Female,0,Yes,Yes,55,Yes,Yes,No,No internet service,No internet service,No internet service,No internet service,No internet service,No internet service,One year,No,Electronic check,46.56,2565.91,No
CUST-2041,Female,0,Yes,Yes,68,Yes,Yes,No,No internet service,No internet service,No internet service,No internet service,No internet service,No internet service,Month-to-month,Yes,Electronic check,45.55,3100.41,Yes
CUST-2042,Female,0,No,Yes,16,Yes,Yes,Fiber optic,No,Yes,Yes,Yes,Yes,No,One year,Yes,Mailed check,132.29,2117.76,Yes
CUST-2043,Female,0,No,No,38,Yes,No,Fiber optic,No,No,No,No,Yes,Yes,Month-to-month,Yes,Credit card (automatic),107.32,4079.6,Yes
CUST-2044,Female,0,Yes,Yes,40,No,No phone service,No,No internet service,No internet service,No internet service,No internet service,No internet service,No internet service,Month-to-month,Yes,Credit card (automatic),18.0,719.27,No
CUST-2045,Male,0,Yes,No,47,Yes,Yes,Fiber optic,No,Yes,No,No,Yes,No,Two year,Yes,Electronic check,112.74,5301.99,No
CUST-2046,Male,0,Yes,Yes,27,Yes,Yes,DSL,No,No,No,No,Yes,Yes,Month-to-month,Yes,Mailed check,100.27,2712.84,No
CUST-2047,Male,0,No,Yes,49,Yes,Yes,Fiber optic,Yes,No,Yes,Yes,No,Yes,Month-to-month,Yes,Bank transfer (automatic),131.98,6470.9,No
CUST-2048,Female,0,Yes,No,0,No,No phone service,Fiber optic,No,Yes,Yes,Yes,Yes,No,Month-to-month,Yes,Mailed check,103.98, ,Yes
CUST-2049,Female,0,No,No,49,Yes,No,Fiber optic,No,No,No,Yes,No,Yes,Two year,Yes,Credit card (automatic),103.36,5070.91,No
CUST-2050,Female,0,No,Yes,18,Yes,No,DSL,No,Yes,Yes,Yes,No,No,Month-to-month,Yes,Mailed check,84.97,1542.95,No
CUST-2051,Male,1,No,Yes,58,Yes,No,Fiber optic,No,Yes,No,Yes,Yes,No,Month-to-month,Yes,Mailed check,106.62,6187.45,No
CUST-2052,Female,0,No,Yes,67,Yes,Yes,DSL,No,Yes,No,No,Yes,Yes,Month-to-month,Yes,Mailed check,106.66,7140.74,No
CUST-2053,Male,0,Yes,Yes,66,Yes,Yes,DSL,Yes,No,Yes,No,No,Yes,One year,Yes,Mailed check,99.05,6532.14,No
CUST-2054,Male,1,Yes,No,40,No,No phone service,DSL,Yes,No,No,Yes,No,Yes,Month-to-month,Yes,Credit card (automatic),78.62,3139.24,No
CUST-2055,Female,0,No,No,9,Yes,Yes,DSL,Yes,Yes,No,Yes,No,No,One year,No,Bank transfer (automatic),96.6,868.38,Yes
CUST-2056,Female,0,Yes,Yes,27,Yes,Yes,No,No internet service,No internet service,No internet service,No internet service,No internet service,No internet service,Month-to-month,Yes,Credit card (automatic),44.32,1196.09,No
CUST-2057,Male,0,Yes,No,33,Yes,No,Fiber optic,Yes,Yes,No,No,No,Yes,Month-to-month,No,Bank transfer (automatic),107.85,3559.15,Yes
CUST-2058,Female,0,Yes,Yes,38,Yes,Yes,No,No internet service,No internet service,No internet service,No internet service,No internet service,No internet service,Month-to-month,Yes,Mailed check,48.82,1855.25,Yes
CUST-2059,Male,1,No,Yes,55,Yes,No,Fiber optic,Yes,No,No,No,Yes,No,Two year,Yes,Electronic check,102.75,5652.91,Yes
CUST-2060,Female,1,Yes,Yes,51,Yes,No,Fiber optic,No,Yes,Yes,No,Yes,Yes,Month-to-month,No,Bank transfer (automatic),115.65,5899.02,No
CUST-2061,Female,0,Yes,No,2,Yes,Yes,Fiber optic,Yes,No,Yes,No,No,Yes,Month-to-month,No,Bank transfer (automatic),121.28,249.69,Yes
CUST-2062,Male,0,Yes,No,22,Yes,No,Fiber optic,Yes,No,No,No,No,Yes,Month-to-month,Yes,Electronic check,100.7,2222.11,No
CUST-2063,Female,1,Yes,Yes,16,Yes,No,Fiber optic,Yes,Yes,Yes,No,No,Yes,Month-to-month,No,Electronic check,116.02,1855.27,Yes
CUST-2064,Male,0,Yes,Yes,70,Yes,Yes,Fiber optic,No,Yes,No,No,No,No,Month-to-month,Yes,Mailed check,105.44,7382.19,Yes
CUST-2065,Female,0,Yes,No,25,Yes,Yes,No,No internet service,No internet service,No internet service,No internet service,No internet service,No internet service,One year,Yes,Credit card (automatic),42.98,1083.28,No
CUST-2066,Male,1,Yes,Yes,17,Yes,No,No,No internet service,No internet service,No internet service,No internet service,No internet service,No internet service,One year,Yes,Mailed check,29.65,501.27,No
CUST-2067,Male,0,Yes,Yes,45,Yes,No,DSL,No,Yes,Yes,No,No,Yes,Month-to-month,Yes,Credit card (automatic),86.36,3881.78,No
CUST-2068,Female,0,Yes,No,69,Yes,No,DSL,No,No,No,No,No,Yes,Month-to-month,No,Credit card (automatic),72.34,4987.69,No
CUST-2069,Male,0,Yes,No,30,No,No phone service,Fiber optic,Yes,Yes,No,No,No,No,Month-to-month,Yes,Bank transfer (automatic),85.18,2548.56,Yes
CUST-2070,Female,1,No,Yes,8,Yes,Yes,DSL,Yes,No,Yes,No,No,No,Two year,Yes,Electronic check,92.51,737.13,Yes
CUST-2071,Female,0,Yes,Yes,34,Yes,No,DSL,Yes,No,No,No,Yes,No,One year,Yes,Credit card (automatic),78.93,2675.43,No
CUST-2072,Female,0,No,Yes,59,Yes,No,DSL,No,No,No,No,No,No,Two year,Yes,Bank transfer (automatic),58.59,3452.82,No
CUST-2073,Male,0,Yes,Yes,62,Yes,No,Fiber optic,No,No,No,No,Yes,Yes,Two year,No,Mailed check,108.93,6761.11,No
CUST-2074,Male,0,No,No,51,Yes,No,Fiber optic,Yes,Yes,No,No,Yes,Yes,Two year,Yes,Mailed check,122.73,6251.07,No
CUST-2075,Female,0,No,Yes,47,Yes,No,Fiber optic,No,No,Yes,No,No,No,Two year,No,Electronic check,90.25,4241.38,No
CUST-2076,Female,0,Yes,No,60,Yes,No,No,No internet service,No internet service,No internet service,No internet service,No internet service,No internet service,Month-to-month,No,Electronic check,28.74,1720.32,No
CUST-2077,Male,0,No,Yes,23,Yes,No,Fiber optic,No,Yes,Yes,Yes,No,Yes,Month-to-month,Yes,Bank transfer (automatic),113.93,2620.89,Yes
CUST-2078,Female,0,No,Yes,57,Yes,No,DSL,No,Yes,No,Yes,Yes,Yes,Month-to-month,Yes,Credit card (automatic),95.95,5468.73,No
CUST-2079,Female,1,No,Yes,63,Yes,Yes,Fiber optic,Yes,No,No,No,No,Yes,Month-to-month,No,Electronic check,115.6,7285.99,No
CUST-2080,Male,0,Yes,No,29,Yes,Yes,DSL,No,No,No,No,Yes,Yes,Month-to-month,Yes,Credit card (automatic),100.29,2909.38,No
CUST-2081,Female,1,No,Yes,28,No,No phone service,No,No internet service,No internet service,No internet service,No internet service,No internet service,No internet service,Month-to-month,No,Electronic check,18.24,503.69,Yes
CUST-2082,Male,0,No,Yes,9,No,No phone service,DSL,No,No,Yes,No,Yes,Yes,Two year,No,Mailed check,82.85,745.95,No
CUST-2083,Female,0,Yes,Yes,38,Yes,No,No,No internet service,No internet service,No internet service,No internet service,No internet service,No internet service,Two year,Yes,Electronic check,26.45,994.82,No
CUST-2084,Male,0,No,Yes,54,Yes,Yes,Fiber optic,Yes,Yes,No,Yes,No,Yes,One year,No,Credit card (automatic),137.08,7392.67,No
CUST-2085,Female,0,No,Yes,27,No,No phone service,No,No internet service,No internet service,No internet service,No internet service,No internet service,No internet service,Month-to-month,Yes,Electronic check,18.0,491.72,No
CUST-2086,Female,1,No,Yes,17,Yes,Yes,Fiber optic,No,No,No,Yes,Yes,Yes,Month-to-month,Yes,Electronic check,125.14,2129.71,Yes
CUST-2087,Male,0,Yes,Yes,40,Yes,No,No,No internet service,No internet service,No internet service,No internet service,No internet service,No internet service,One year,Yes,Credit card (automatic),28.43,1133.65,No
CUST-2088,Female,0,No,Yes,64,Yes,No,Fiber optic,No,No,Yes,Yes,Yes,Yes,Month-to-month,No,Bank transfer (automatic),122.04,7809.76,Yes
CUST-2089,Male,0,Yes,Yes,45,Yes,Yes,Fiber optic,No,No,Yes,Yes,No,No,Month-to-month,Yes,Mailed check,112.52,5068.01,Yes
CUST-2090,Female,0,No,Yes,59,No,No phone service,Fiber optic,No,Yes,No,Yes,No,No,One year,No,Credit card (automatic),86.34,5094.23,No
CUST-2091,Male,0,No,Yes,8,Yes,No,No,No internet service,No internet service,No internet service,No internet service,No internet service,No internet service,Two year,No,Bank transfer (automatic),34.95,275.6,Yes
CUST-2092,Male,0,No,Yes,44,Yes,Yes,No,No internet service,No internet service,No internet service,No internet service,No internet service,No internet service,One year,Yes,Electronic check,45.66,2004.66,No
CUST-2093,Male,0,No,Yes,59,Yes,No,DSL,No,Yes,No,No,No,No,Month-to-month,Yes,Bank transfer (automatic),68.75,4047.87,No
CUST-2094,Male,0,Yes,No,27,No,No phone service,DSL,No,No,No,No,No,Yes,Month-to-month,Yes,Electronic check,63.28,1705.01,Yes
CUST-2095,Female,0,No,Yes,2,Yes,No,DSL,No,Yes,No,Yes,No,Yes,Month-to-month,Yes,Credit card (automatic),87.01,167.61,Yes
CUST-2096,Female,0,Yes,Yes,50,Yes,Yes,Fiber optic,No,No,Yes,Yes,Yes,Yes,Month-to-month,No,Bank transfer (automatic),131.73,6589.95,No
CUST-2097,Male,0,No,Yes,7,Yes,Yes,No,No internet service,No internet service,No internet service,No internet service,No internet service,No internet service,Two year,Yes,Electronic check,44.4,312.57,No
CUST-2098,Male,0,Yes,No,69,No,No phone service,DSL,No,Yes,Yes,No,Yes,Yes,Month-to-month,No,Electronic check,86.5,5962.75,Yes
CUST-2099,Male,0,No,No,58,Yes,Yes,Fiber optic,No,No,No,Yes,Yes,Yes,Month-to-month,Yes,Credit card (automatic),128.86,7469.34,No
CUST-2100,Female,0,No,Yes,60,Yes,Yes,Fiber optic,No,No,No,Yes,Yes,No,Two year,No,Mailed check,115.65,6937.26,No
CUST-2101,Female,0,Yes,Yes,57,Yes,No,No,No internet service,No internet service,No internet service,No internet service,No internet service,No internet service,One year,Yes,Electronic check,28.22,1605.67,No
CUST-2102,Female,0,Yes,Yes,69,Yes,Yes,Fiber optic,No,No,No,No,No,No,One year,Yes,Electronic check,94.23,6507.56,No
CUST-2103,Female,1,Yes,No,11,Yes,Yes,DSL,Yes,Yes,Yes,No,Yes,No,Month-to-month,Yes,Bank transfer (automatic),111.98,1242.37,No
CUST-2104,Male,0,Yes,No,8,Yes,Yes,No,No internet service,No internet service,No internet service,No internet service,No internet service,No internet service,Month-to-month,Yes,Electronic check,46.21,364.49,No
CUST-2105,Male,0,No,Yes,48,Yes,No,DSL,No,Yes,No,No,Yes,No,Two year,No,Mailed check,80.46,3867.16,Yes
CUST-2106,Male,1,Yes,No,16,Yes,No,No,No internet service,No internet service,No internet service,No internet service,No internet service,No internet service,Two year,No,Credit card (automatic),26.86,428.4,No
CUST-2107,Female,0,Yes,No,53,Yes,Yes,DSL,Yes,Yes,No,No,No,Yes,Two year,Yes,Electronic check,99.48,5272.23,No
CUST-2108,Female,0,Yes,Yes,43,Yes,Yes,DSL,No,No,No,No,Yes,No,Two year,Yes,Electronic check,86.22,3708.35,No
CUST-2109,Female,1,No,Yes,31,Yes,No,No,No internet service,No internet service,No internet service,No internet service,No internet service,No internet service,Month-to-month,No,Mailed check,31.36,969.34,Yes
CUST-2110,Male,0,No,Yes,34,Yes,No,No,No internet service,No internet service,No internet service,No internet service,No internet service,No internet service,Month-to-month,Yes,Bank transfer (automatic),29.26,990.75,No
CUST-2111,Male,0,No,Yes,48,Yes,Yes,Fiber optic,Yes,Yes,No,Yes,Yes,Yes,One year,Yes,Mailed check,144.96,6955.16,No
CUST-2112,Female,0,No,No,53,Yes,No,Fiber optic,Yes,Yes,No,Yes,No,No,Month-to-month,Yes,Electronic check,107.34,5690.23,No
CUST-2113,Male,0,Yes,Yes,15,Yes,No,Fiber optic,No,No,No,No,Yes,Yes,Month-to-month,No,Mailed check,102.76,1543.0,No
CUST-2114,Female,0,No,No,11,Yes,Yes,DSL,No,No,No,Yes,No,No,Two year,Yes,Electronic check,79.91,889.08,No
CUST-2115,Female,0,Yes,No,7,Yes,Yes,Fiber optic,Yes,Yes,No,Yes,Yes,No,Two year,Yes,Electronic check,132.99,930.4,Yes
CUST-2116,Male,0,No,Yes,20,Yes,No,No,No internet service,No internet service,No internet service,No internet service,No internet service,No internet service,Two year,No,Bank transfer (automatic),35.44,706.09,No
CUST-2117,Female,0,Yes,Yes,47,Yes,Yes,No,No internet service,No internet service,No internet service,No internet service,No internet service,No internet service,Month-to-month,No,Mailed check,44.96,2110.71,No
CUST-2118,Male,1,Yes,No,7,Yes,Yes,Fiber optic,No,No,Yes,No,No,Yes,Month-to-month,Yes,Credit card (automatic),113.67,793.94,Yes
CUST-2119,Female,0,Yes,No,27,Yes,Yes,Fiber optic,No,Yes,Yes,Yes,No,Yes,Month-to-month,Yes,Electronic check,133.6,3606.53,Yes
CUST-2120,Male,1,Yes,No,9,Yes,No,Fiber optic,No,No,Yes,Yes,Yes,No,One year,No,Mailed check,109.0,982.41,No
CUST-2121,Male,1,Yes,Yes,51,Yes,No,Fiber optic,No,No,Yes,No,No,Yes,Month-to-month,No,Bank transfer (automatic),100.31,5128.02,No
CUST-2122,Male,0,No,Yes,14,Yes,No,Fiber optic,No,No,Yes,No,No,Yes,Month-to-month,Yes,Electronic check,99.65,1394.45,Yes
CUST-2123,Female,0,Yes,Yes,3,Yes,No,No,No internet service,No internet service,No internet service,No internet service,No internet service,No internet service,Two year,Yes,Electronic check,30.0,83.07,No
CUST-2124,Female,0,Yes,No,61,Yes,No,DSL,No,Yes,Yes,Yes,Yes,No,Month-to-month,No,Electronic check,94.19,5753.13,No
CUST-2125,Male,1,Yes,Yes,3,Yes,No,DSL,No,No,No,No,No,Yes,Two year,Yes,Credit card (automatic),76.5,231.83,No
CUST-2126,Male,0,Yes,No,40,Yes,No,Fiber optic,No,Yes,No,Yes,Yes,No,Two year,Yes,Electronic check,106.65,4257.74,No
CUST-2127,Female,0,No,Yes,72,No,No phone service,DSL,No,Yes,No,No,Yes,No,Two year,No,Credit card (automatic),63.61,4580.89,Yes
CUST-2128,Female,0,No,No,54,Yes,No,No,No internet service,No internet service,No internet service,No internet service,No internet service,No internet service,Two year,No,Mailed check,29.82,1611.0,No
CUST-2129,Female,0,Yes,Yes,27,Yes,No,DSL,No,No,Yes,No,Yes,No,Month-to-month,No,Credit card (automatic),80.97,2190.05,No
CUST-2130,Male,0,Yes,Yes,46,No,No phone service,No,No internet service,No internet service,No internet service,No internet service,No internet service,No internet service,Month-to-month,No,Electronic check,23.31,1084.52,No
CUST-2131,Female,0,Yes,Yes,8,Yes,No,Fiber optic,No,No,Yes,No,Yes,No,Two year,Yes,Mailed check,99.11,792.85,No
CUST-2132,Female,0,Yes,Yes,1,Yes,Yes,DSL,No,No,Yes,No,Yes,Yes,Month-to-month,Yes,Bank transfer (automatic),104.39,104.39,Yes
CUST-2133,Male,0,No,Yes,66,Yes,No,No,No internet service,No internet service,No internet service,No internet service,No internet service,No internet service,Month-to-month,Yes,Mailed check,32.43,2140.85,Yes
CUST-2134,Female,1,No,Yes,47,Yes,No,Fiber optic,No,Yes,No,No,Yes,No,Month-to-month,No,Mailed check,98.5,4627.63,Yes
CUST-2135,Female,0,Yes,Yes,68,Yes,No,DSL,No,No,No,No,No,No,Month-to-month,No,Mailed check,61.14,4150.64,Yes
CUST-2136,Female,1,Yes,Yes,27,Yes,Yes,DSL,No,No,Yes,No,Yes,No,Two year,No,Electronic check,92.9,2511.84,No
CUST-2137,Male,0,Yes,No,13,Yes,No,Fiber optic,No,No,No,No,Yes,No,Month-to-month,Yes,Mailed check,90.13,1160.74,Yes
CUST-2138,Male,0,Yes,Yes,45,Yes,Yes,Fiber optic,No,No,Yes,No,No,No,Month-to-month,Yes,Mailed check,102.14,4589.53,Yes
CUST-2139,Male,0,Yes,Yes,12,Yes,Yes,Fiber optic,Yes,No,No,Yes,Yes,Yes,Month-to-month,Yes,Mailed check,132.49,1582.75,Yes
CUST-2140,Male,0,No,No,15,Yes,No,Fiber optic,No,No,No,Yes,No,Yes,Month-to-month,Yes,Bank transfer (automatic),96.73,1450.78,Yes
CUST-2141,Male,1,No,Yes,39,Yes,No,Fiber optic,Yes,No,Yes,No,No,Yes,One year,No,Mailed check,106.79,4161.84,No
CUST-2142,Male,0,Yes,No,71,Yes,Yes,Fiber optic,No,Yes,No,Yes,Yes,No,Two year,Yes,Bank transfer (automatic),123.1,8744.48,No
CUST-2143,Male,1,No,Yes,29,Yes,No,Fiber optic,No,No,No,No,Yes,No,One year,No,Electronic check,96.96,2817.63,No
CUST-2144,Female,0,No,Yes,64,Yes,No,DSL,No,No,No,Yes,No,No,Month-to-month,No,Electronic check,68.51,4377.98,Yes
CUST-2145,Female,0,No,Yes,57,Yes,No,Fiber optic,Yes,No,No,No,No,No,One year,Yes,Mailed check,88.17,5019.17,No
CUST-2146,Male,0,Yes,Yes,47,Yes,Yes,Fiber optic,Yes,No,No,No,No,Yes,Two year,No,Credit card (automatic),115.33,5413.14,Yes
CUST-2147,Female,0,No,Yes,48,Yes,No,DSL,Yes,No,Yes,No,Yes,Yes,One year,No,Mailed check,100.88,4848.51,No
CUST-2148,Female,0,No,Yes,1,No,No phone service,DSL,No,No,Yes,Yes,Yes,No,Month-to-month,No,Electronic check,77.95,78.5,Yes
CUST-2149,Male,1,Yes,Yes,13,Yes,No,DSL,No,No,No,No,Yes,No,Two year,Yes,Electronic check,74.21,960.39,No
CUST-2150,Female,0,No,Yes,16,Yes,No,Fiber optic,No,No,No,No,Yes,Yes,One year,No,Mailed check,104.65,1677.72,No
CUST-2151,Female,0,Yes,Yes,30,Yes,Yes,Fiber optic,No,Yes,No,No,No,No,Month-to-month,Yes,Credit card (automatic),102.71,3077.93,Yes
CUST-2152,Female,0,No,Yes,9,Yes,Yes,Fiber optic,Yes,Yes,No,Yes,No,Yes,Month-to-month,Yes,Electronic check,129.14,1164.18,Yes
CUST-2153,Female,0,Yes,Yes,69,Yes,No,No,No internet service,No internet service,No internet service,No internet service,No internet service,No internet service,Month-to-month,No,Credit card (automatic),30.93,2132.04,No
CUST-2154,Female,0,Yes,Yes,36,Yes,Yes,Fiber optic,Yes,No,No,Yes,No,No,Two year,Yes,Credit card (automatic),113.36,4074.78,No
CUST-2155,Male,0,No,Yes,63,Yes,No,Fiber optic,No,No,Yes,Yes,Yes,No,Month-to-month,Yes,Bank transfer (automatic),109.54,6905.35,No
CUST-2156,Male,0,No,Yes,29,Yes,Yes,DSL,Yes,No,No,No,No,No,Two year,Yes,Electronic check,82.02,2376.76,Yes
CUST-2157,Male,0,Yes,Yes,33,Yes,No,DSL,No,No,No,No,No,Yes,Month-to-month,Yes,Mailed check,72.03,2381.71,No
CUST-2158,Female,0,Yes,Yes,17,Yes,Yes,DSL,Yes,No,Yes,Yes,No,Yes,Month-to-month,No,Credit card (automatic),114.47,1955.0,Yes
CUST-2159,Male,0,No,Yes,62,Yes,Yes,Fiber optic,Yes,No,No,Yes,No,No,Month-to-month,No,Mailed check,113.05,7012.87,No
CUST-2160,Female,0,No,Yes,48,Yes,Yes,Fiber optic,No,No,Yes,No,No,Yes,Month-to-month,Yes,Credit card (automatic),116.11,5578.36,Yes
CUST-2161,Female,0,No,Yes,55,Yes,No,Fiber optic,Yes,Yes,No,Yes,Yes,Yes,Two year,No,Electronic check,126.73,6973.91,No
CUST-2162,Female,0,No,Yes,57,Yes,Yes,Fiber optic,No,Yes,Yes,No,No,Yes,Month-to-month,Yes,Electronic check,123.93,7061.53,Yes
CUST-2163,Female,0,Yes,Yes,26,No,No phone service,DSL,Yes,No,No,Yes,No,No,Month-to-month,Yes,Credit card (automatic),69.54,1811.81,No
CUST-2164,Male,0,Yes,Yes,54,No,No phone service,Fiber optic,Yes,No,No,No,Yes,No,Two year,No,Mailed check,90.24,4872.78,No
CUST-2165,Male,0,Yes,Yes,18,Yes,No,DSL,No,No,No,No,No,No,Month-to-month,Yes,Mailed check,54.74,976.56,No
CUST-2166,Female,0,No,Yes,22,No,No phone service,Fiber optic,No,No,No,Yes,Yes,Yes,One year,No,Electronic check,105.9,2332.33,No
CUST-2167,Male,0,No,No,46,Yes,Yes,Fiber optic,Yes,No,No,No,No,Yes,Two year,No,Credit card (automatic),116.9,5380.96,No
CUST-2168,Female,0,Yes,No,65,Yes,No,Fiber optic,No,Yes,Yes,No,No,No,One year,Yes,Mailed check,94.47,6137.67,No
CUST-2169,Male,0,Yes,Yes,50,Yes,Yes,DSL,No,No,No,Yes,No,No,One year,Yes,Bank transfer (automatic),82.7,4126.8,Yes
CUST-2170,Male,0,Yes,Yes,27,Yes,No,DSL,Yes,No,No,No,No,Yes,One year,No,Credit card (automatic),79.54,2155.57,No
CUST-2171,Female,0,Yes,Yes,56,No,No phone service,Fiber optic,No,No,No,Yes,No,Yes,Month-to-month,Yes,Electronic check,89.19,4996.2,Yes
CUST-2172,Male,1,Yes,No,57,Yes,No,DSL,Yes,No,No,Yes,Yes,No,Month-to-month,Yes,Mailed check,87.84,5012.17,Yes
CUST-2173,Female,0,Yes,Yes,14,Yes,No,No,No internet service,No internet service,No internet service,No internet service,No internet service,No internet service,One year,Yes,Mailed check,31.56,440.04,No
CUST-2174,Male,0,No,No,15,Yes,No,Fiber optic,No,Yes,No,Yes,Yes,No,Month-to-month,No,Electronic check,111.27,1668.28,No
CUST-2175,Female,0,Yes,Yes,46,Yes,No,No,No internet service,No internet service,No internet service,No internet service,No internet service,No internet service,Month-to-month,Yes,Electronic check,28.68,1314.13,Yes
CUST-2176,Female,1,Yes,Yes,62,Yes,No,No,No internet service,No internet service,No internet service,No internet service,No internet service,No internet service,Month-to-month,Yes,Electronic check,31.78,1978.87,No
CUST-2177,Male,0,Yes,Yes,11,Yes,No,Fiber optic,Yes,Yes,No,No,Yes,No,One year,No,Bank transfer (automatic),106.33,1183.93,No
CUST-2178,Male,1,Yes,Yes,42,Yes,Yes,DSL,Yes,No,Yes,No,No,No,One year,No,Bank transfer (automatic),93.37,3920.84,No
CUST-2179,Female,0,Yes,Yes,28,Yes,No,No,No internet service,No internet service,No internet service,No internet service,No internet service,No internet service,Two year,No,Mailed check,30.73,861.5,No
CUST-2180,Male,0,Yes,Yes,48,Yes,Yes,DSL,No,Yes,Yes,Yes,No,Yes,One year,Yes,Mailed check,110.91,5331.43,No
CUST-2181,Male,0,Yes,Yes,2,Yes,Yes,Fiber optic,No,No,No,No,Yes,No,Month-to-month,Yes,Electronic check,106.46,203.23,Yes
CUST-2182,Female,0,No,No,68,Yes,Yes,DSL,Yes,No,Yes,Yes,Yes,No,Month-to-month,No,Bank transfer (automatic),113.28,7716.49,No
CUST-2183,Female,1,Yes,Yes,59,No,No phone service,Fiber optic,Yes,No,No,Yes,Yes,No,Two year,Yes,Mailed check,95.29,5631.76,No
CUST-2184,Male,0,No,Yes,65,Yes,No,DSL,No,No,Yes,Yes,No,Yes,Month-to-month,Yes,Credit card (automatic),90.27,5861.87,No
CUST-2185,Female,0,No,Yes,25,Yes,No,DSL,No,Yes,Yes,No,Yes,No,Two year,Yes,Bank transfer (automatic),86.88,2166.94,No
CUST-2186,Female,0,No,No,70,Yes,Yes,Fiber optic,No,Yes,No,No,Yes,No,Two year,Yes,Electronic check,116.59,8153.93,No
CUST-2187,Female,0,Yes,No,68,Yes,Yes,No,No internet service,No internet service,No internet service,No internet service,No internet service,No internet service,Month-to-month,No,Credit card (automatic),45.32,3074.76,Yes
CUST-2188,Male,0,Yes,Yes,46,Yes,Yes,DSL,No,No,Yes,Yes,No,Yes,Month-to-month,Yes,Electronic check,100.74,4637.2,Yes
CUST-2189,Male,0,Yes,Yes,41,No,No phone service,Fiber optic,Yes,Yes,No,No,Yes,Yes,Two year,No,Credit card (automatic),109.31,4477.48,Yes
CUST-2190,Female,1,Yes,Yes,30,Yes,Yes,Fiber optic,No,No,No,Yes,Yes,Yes,Month-to-month,Yes,Credit card (automatic),125.21,3758.1,Yes
CUST-2191,Male,0,Yes,Yes,21,No,No phone service,DSL,No,No,No,No,No,Yes,One year,Yes,Mailed check,59.27,1251.26,No
CUST-2192,Female,0,Yes,Yes,16,No,No phone service,Fiber optic,No,No,No,No,No,Yes,Month-to-month,No,Electronic check,82.74,1328.37,No
CUST-2193,Male,0,Yes,No,19,Yes,Yes,Fiber optic,No,No,No,No,Yes,No,One year,Yes,Electronic check,103.61,1973.63,Yes
CUST-2194,Female,0,Yes,Yes,7,Yes,No,DSL,Yes,No,Yes,No,Yes,No,Month-to-month,Yes,Electronic check,86.47,608.96,Yes
CUST-2195,Female,0,Yes,Yes,48,Yes,Yes,No,No internet service,No internet service,No internet service,No internet service,No internet service,No internet service,Two year,Yes,Mailed check,45.79,2203.52,Yes
CUST-2196,Male,1,Yes,Yes,37,Yes,Yes,Fiber optic,No,No,No,No,No,Yes,Two year,Yes,Credit card (automatic),104.96,3883.78,No
CUST-2197,Female,0,No,No,52,Yes,No,DSL,Yes,No,No,No,No,No,Two year,No,Credit card (automatic),70.45,3660.45,No
CUST-2198,Male,0,Yes,Yes,27,Yes,No,Fiber optic,No,No,Yes,Yes,Yes,Yes,Month-to-month,Yes,Bank transfer (automatic),124.16,3345.58,No
CUST-2199,Male,0,Yes,Yes,28,Yes,Yes,Fiber optic,Yes,No,No,Yes,Yes,Yes,One year,No,Electronic check,138.19,3873.68,Yes
CUST-2200,Female,1,Yes,Yes,71,Yes,Yes,Fiber optic,No,No,No,No,No,No,One year,No,Credit card (automatic),95.97,6818.88,No
CUST-2201,Female,0,No,Yes,10,Yes,Yes,Fiber optic,Yes,No,Yes,Yes,No,Yes,Month-to-month,No,Bank transfer (automatic),130.69,1303.09,Yes
CUST-2202,Male,0,Yes,No,46,Yes,No,DSL,No,Yes,Yes,Yes,Yes,No,Month-to-month,No,Mailed check,96.24,4424.82,No
CUST-2203,Female,0,Yes,Yes,44,Yes,Yes,No,No internet service,No internet service,No internet service,No internet service,No internet service,No internet service,Two year,No,Credit card (automatic),48.34,2126.72,No
CUST-2204,Female,0,No,No,17,Yes,Yes,Fiber optic,Yes,No,No,Yes,Yes,No,Two year,No,Mailed check,120.43,2046.29,No
CUST-2205,Female,0,Yes,Yes,49,Yes,Yes,Fiber optic,Yes,Yes,No,No,Yes,Yes,Month-to-month,Yes,Bank transfer (automatic),131.42,6434.55,Yes
CUST-2206,Female,0,No,Yes,48,Yes,No,DSL,Yes,Yes,Yes,No,No,No,Month-to-month,Yes,Credit card (automatic),83.55,4018.43,Yes
CUST-2207,Female,0,No,No,21,Yes,No,Fiber optic,No,Yes,No,No,Yes,Yes,Two year,No,Credit card (automatic),112.49,2359.8,Yes
CUST-2208,Male,0,No,Yes,44,Yes,Yes,Fiber optic,No,No,Yes,No,Yes,Yes,Month-to-month,Yes,Electronic check,129.06,5681.05,No
CUST-2209,Male,0,No,Yes,60,Yes,No,No,No internet service,No internet service,No internet service,No internet service,No internet service,No internet service,Two year,Yes,Electronic check,31.89,1910.74,No
CUST-2210,Female,0,Yes,Yes,20,Yes,Yes,Fiber optic,Yes,No,No,Yes,Yes,Yes,Month-to-month,No,Electronic check,138.06,2757.44,Yes
CUST-2211,Female,0,No,Yes,70,Yes,No,Fiber optic,No,No,No,No,Yes,No,Two year,Yes,Mailed check,92.05,6441.9,No
CUST-2212,Female,0,No,Yes,60,Yes,Yes,DSL,No,Yes,Yes,Yes,Yes,Yes,One year,Yes,Mailed check,122.87,7367.32,No
CUST-2213,Male,0,Yes,No,35,Yes,No,No,No internet service,No internet service,No internet service,No internet service,No internet service,No internet service,Month-to-month,No,Mailed check,30.3,1052.67,No
CUST-2214,Female,0,Yes,No,23,Yes,No,Fiber optic,No,Yes,Yes,No,Yes,No,Month-to-month,Yes,Electronic check,105.74,2430.93,Yes
CUST-2215,Male,0,Yes,Yes,31,No,No phone service,No,No internet service,No internet service,No internet service,No internet service,No internet service,No internet service,Month-to-month,No,Electronic check,22.78,707.86,Yes
CUST-2216,Male,0,No,Yes,58,Yes,Yes,Fiber optic,No,Yes,No,No,Yes,Yes,Two year,Yes,Bank transfer (automatic),126.36,7331.62,No
CUST-2217,Male,0,Yes,Yes,4,Yes,No,Fiber optic,No,Yes,No,No,Yes,Yes,Month-to-month,No,Bank transfer (automatic),111.38,445.23,Yes
CUST-2218,Female,1,No,Yes,15,Yes,Yes,Fiber optic,No,Yes,Yes,Yes,Yes,No,Month-to-month,Yes,Mailed check,131.49,1970.14,Yes
CUST-2219,Male,0,No,Yes,10,Yes,No,Fiber optic,Yes,No,No,No,Yes,No,Month-to-month,Yes,Mailed check,98.41,985.9,Yes
CUST-2220,Female,1,Yes,Yes,34,Yes,Yes,Fiber optic,No,Yes,Yes,No,Yes,Yes,Month-to-month,Yes,Credit card (automatic),134.54,4569.66,Yes
CUST-2221,Male,0,Yes,Yes,41,Yes,No,DSL,Yes,No,Yes,No,Yes,Yes,One year,Yes,Electronic check,101.02,4148.77,No
CUST-2222,Female,0,Yes,Yes,9,Yes,No,Fiber optic,No,Yes,Yes,Yes,No,Yes,Two year,No,Mailed check,118.86,1069.59,No
CUST-2223,Male,0,Yes,Yes,7,Yes,No,Fiber optic,No,No,Yes,Yes,No,Yes,Month-to-month,Yes,Bank transfer (automatic),108.54,764.57,Yes
CUST-2224,Female,0,Yes,Yes,25,Yes,Yes,Fiber optic,Yes,Yes,No,Yes,Yes,No,Two year,No,Mailed check,134.62,3368.27,No
CUST-2225,Male,0,Yes,No,2,Yes,No,Fiber optic,Yes,No,No,No,No,Yes,Month-to-month,Yes,Electronic check,99.52,198.3,Yes
CUST-2226,Female,0,No,Yes,58,Yes,No,Fiber optic,Yes,Yes,No,No,No,No,Two year,Yes,Electronic check,92.54,5368.19,Yes
CUST-2227,Female,1,No,Yes,2,No,No phone service,Fiber optic,Yes,No,No,Yes,Yes,No,Month-to-month,Yes,Electronic check,95.07,184.36,Yes
CUST-2228,Female,0,Yes,Yes,37,Yes,Yes,DSL,Yes,No,Yes,No,Yes,Yes,Two year,Yes,Bank transfer (automatic),115.96,4291.94,No
CUST-2229,Female,0,No,Yes,1,Yes,No,Fiber optic,No,Yes,No,No,Yes,No,Month-to-month,No,Bank transfer (automatic),99.46,99.46,Yes
CUST-2230,Male,0,No,Yes,16,Yes,Yes,DSL,Yes,No,No,No,Yes,No,Two year,Yes,Electronic check,97.18,1551.19,No
CUST-2231,Male,0,No,Yes,72,Yes,Yes,Fiber optic,Yes,No,No,Yes,Yes,Yes,Month-to-month,Yes,Electronic check,135.41,9755.4,Yes
CUST-2232,Female,0,No,No,35,Yes,No,Fiber optic,Yes,No,No,No,No,Yes,Month-to-month,Yes,Bank transfer (automatic),100.2,3504.0,No
CUST-2233,Male,0,No,Yes,72,Yes,No,DSL,No,Yes,No,Yes,No,Yes,One year,No,Electronic check,85.84,6186.11,No
CUST-2234,Female,1,No,Yes,1,Yes,Yes,Fiber optic,No,Yes,No,No,Yes,Yes,Month-to-month,No,Credit card (automatic),122.28,122.28,Yes
CUST-2235,Female,0,Yes,Yes,33,Yes,No,Fiber optic,Yes,No,No,Yes,Yes,No,Two year,No,Electronic check,107.09,3538.82,No
CUST-2236,Male,0,Yes,No,26,Yes,No,No,No internet service,No internet service,No internet service,No internet service,No internet service,No internet service,One year,Yes,Electronic check,27.68,715.3,No
CUST-2237,Female,0,Yes,No,36,Yes,Yes,Fiber optic,Yes,No,Yes,No,No,No,Month-to-month,Yes,Mailed check,107.9,3884.48,No
CUST-2238,Female,0,No,No,70,Yes,No,DSL,Yes,Yes,Yes,No,Yes,Yes,Month-to-month,Yes,Credit card (automatic),108.33,7584.35,Yes
CUST-2239,Male,0,Yes,Yes,21,Yes,No,Fiber optic,Yes,No,No,No,No,Yes,Month-to-month,Yes,Mailed check,101.66,2137.09,Yes
CUST-2240,Female,0,Yes,No,67,Yes,No,DSL,No,No,Yes,No,Yes,No,One year,Yes,Credit card (automatic),80.85,5417.1,No
CUST-2241,Female,0,Yes,Yes,13,Yes,Yes,No,No internet service,No internet service,No internet service,No internet service,No internet service,No internet service,Two year,Yes,Mailed check,45.77,588.93,No
CUST-2242,Female,0,No,Yes,22,Yes,Yes,Fiber optic,No,No,Yes,Yes,Yes,No,Two year,Yes,Bank transfer (automatic),121.35,2661.45,No
CUST-2243,Female,0,Yes,No,43,Yes,Yes,No,No internet service,No internet service,No internet service,No internet service,No internet service,No internet service,One year,Yes,Electronic check,42.44,1824.59,No
CUST-2244,Male,1,No,No,64,Yes,Yes,Fiber optic,No,No,Yes,Yes,Yes,Yes,Month-to-month,Yes,Mailed check,132.94,8517.81,No
CUST-2245,Male,0,Yes,Yes,60,No,No phone service,No,No internet service,No internet service,No internet service,No internet service,No internet service,No internet service,Two year,Yes,Electronic check,22.09,1323.04,No
CUST-2246,Male,0,Yes,Yes,54,Yes,No,Fiber optic,No,No,No,No,No,No,Two year,Yes,Electronic check,79.62,4306.64,No
CUST-2247,Female,0,Yes,Yes,70,Yes,No,DSL,No,Yes,No,No,Yes,Yes,Month-to-month,No,Credit card (automatic),95.68,6702.89,No
CUST-2248,Female,0,No,Yes,49,Yes,No,DSL,No,Yes,No,No,No,No,Month-to-month,No,Bank transfer (automatic),70.11,3439.09,Yes
CUST-2249,Male,0,No,Yes,11,Yes,No,Fiber optic,Yes,Yes,No,No,No,No,Month-to-month,Yes,Credit card (automatic),99.64,1090.23,No
CUST-2250,Female,0,No,No,14,Yes,No,No,No internet service,No internet service,No internet service,No internet service,No internet service,No internet service,Two year,No,Electronic check,30.04,423.34,No
CUST-2251,Female,0,No,Yes,16,No,No phone service,DSL,No,No,No,Yes,No,Yes,Month-to-month,No,Mailed check,70.43,1129.5,Yes
CUST-2252,Female,0,No,No,33,Yes,No,No,No internet service,No internet service,No internet service,No internet service,No internet service,No internet service,Month-to-month,Yes,Credit card (automatic),27.25,899.34,Yes
CUST-2253,Female,0,Yes,No,34,No,No phone service,No,No internet service,No internet service,No internet service,No internet service,No internet service,No internet service,One year,Yes,Mailed check,20.05,683.26,No
CUST-2254,Male,0,Yes,Yes,38,Yes,Yes,Fiber optic,No,Yes,No,No,No,Yes,Month-to-month,Yes,Electronic check,116.71,4431.97,Yes
CUST-2255,Male,1,No,No,54,Yes,No,Fiber optic,Yes,No,No,No,Yes,Yes,Month-to-month,Yes,Mailed check,117.15,6329.36,Yes
CUST-2256,Male,1,No,Yes,58,Yes,Yes,DSL,No,No,Yes,No,No,No,Two year,Yes,Mailed check,81.83,4751.51,No
CUST-2257,Female,0,Yes,Yes,4,Yes,No,No,No internet service,No internet service,No internet service,No internet service,No internet service,No internet service,Month-to-month,Yes,Credit card (automatic),27.79,101.04,Yes
CUST-2258,Male,0,No,Yes,29,Yes,Yes,Fiber optic,No,No,Yes,Yes,Yes,Yes,One year,Yes,Mailed check,137.15,3977.73,Yes
CUST-2259,Male,0,Yes,Yes,3,Yes,Yes,Fiber optic,No,No,No,Yes,Yes,Yes,One year,Yes,Credit card (automatic),125.12,367.91,No
CUST-2260,Female,1,No,No,14,Yes,Yes,No,No internet service,No internet service,No internet service,No internet service,No internet service,No internet service,Month-to-month,Yes,Credit card (automatic),44.1,613.81,Yes
CUST-2261,Female,0,Yes,No,34,Yes,Yes,DSL,No,No,No,Yes,No,Yes,Month-to-month,Yes,Mailed check,98.87,3363.28,No
CUST-2262,Male,1,No,Yes,54,Yes,Yes,No,No internet service,No internet service,No internet service,No internet service,No internet service,No internet service,Month-to-month,No,Credit card (automatic),44.17,2386.74,Yes
CUST-2263,Male,0,No,No,65,Yes,No,DSL,No,No,No,Yes,No,No,Month-to-month,Yes,Bank transfer (automatic),69.73,4529.87,Yes
CUST-2264,Male,0,Yes,Yes,59,Yes,No,No,No internet service,No internet service,No internet service,No internet service,No internet service,No internet service,Month-to-month,Yes,Credit card (automatic),32.89,1950.3,No
CUST-2265,Male,0,Yes,No,23,Yes,Yes,Fiber optic,No,No,No,Yes,Yes,No,One year,No,Credit card (automatic),113.81,2618.85,No
CUST-2266,Female,1,No,Yes,21,Yes,No,Fiber optic,Yes,No,No,No,No,Yes,Month-to-month,No,Electronic check,99.55,2087.54,Yes
CUST-2267,Male,1,No,Yes,43,Yes,No,Fiber optic,No,No,No,No,No,No,One year,No,Credit card (automatic),79.72,3429.71,No
CUST-2268,Male,0,Yes,Yes,31,Yes,No,No,No internet service,No internet service,No internet service,No internet service,No internet service,No internet service,Month-to-month,Yes,Mailed check,30.41,934.37,Yes
CUST-2269,Female,0,No,Yes,50,Yes,No,Fiber optic,No,No,Yes,Yes,No,Yes,One year,Yes,Bank transfer (automatic),106.02,5303.03,Yes
CUST-2270,Male,0,Yes,Yes,2,Yes,No,DSL,Yes,No,Yes,No,Yes,Yes,Two year,Yes,Electronic check,99.19,196.89,No
CUST-2271,Female,0,Yes,No,69,Yes,No,Fiber optic,No,Yes,Yes,Yes,Yes,No,Two year,No,Bank transfer (automatic),110.31,7618.05,No
CUST-2272,Female,0,No,Yes,31,Yes,No,No,No internet service,No internet service,No internet service,No internet service,No internet service,No internet service,Month-to-month,Yes,Electronic check,27.84,857.66,Yes
CUST-2273,Female,0,Yes,No,1,Yes,No,Fiber optic,Yes,Yes,No,Yes,Yes,No,One year,No,Mailed check,117.01,121.34,No
CUST-2274,Male,0,Yes,No,58,No,No phone service,Fiber optic,No,Yes,No,No,Yes,Yes,One year,No,Bank transfer (automatic),103.73,6016.27,Yes
CUST-2275,Male,0,No,Yes,72,No,No phone service,No,No internet service,No internet service,No internet service,No internet service,No internet service,No internet service,One year,No,Electronic check,21.51,1552.84,Yes
CUST-2276,Female,0,Yes,Yes,13,No,No phone service,No,No internet service,No internet service,No internet service,No internet service,No internet service,No internet service,Month-to-month,Yes,Bank transfer (automatic),23.31,308.21,No
CUST-2277,Male,0,Yes,No,50,Yes,No,DSL,No,Yes,No,Yes,No,Yes,Month-to-month,No,Credit card (automatic),90.07,4505.7,Yes
CUST-2278,Male,0,Yes,Yes,10,Yes,Yes,Fiber optic,No,Yes,No,No,No,No,Month-to-month,No,Electronic check,102.13,1026.25,Yes
CUST-2279,Female,0,Yes,Yes,9,Yes,No,DSL,No,Yes,No,Yes,No,Yes,Month-to-month,Yes,Bank transfer (automatic),89.57,807.79,Yes
CUST-2280,Female,0,No,Yes,57,Yes,Yes,No,No internet service,No internet service,No internet service,No internet service,No internet service,No internet service,Two year,Yes,Mailed check,42.67,2428.93,No
CUST-2281,Male,0,Yes,Yes,33,Yes,No,No,No internet service,No internet service,No internet service,No internet service,No internet service,No internet service,Two year,Yes,Bank transfer (automatic),28.19,939.03,No
CUST-2282,Female,0,No,No,52,Yes,Yes,No,No internet service,No internet service,No internet service,No internet service,No internet service,No internet service,Month-to-month,No,Bank transfer (automatic),45.48,2354.76,Yes
CUST-2283,Male,0,Yes,Yes,27,No,No phone service,Fiber optic,No,Yes,Yes,No,Yes,Yes,Month-to-month,Yes,Mailed check,108.06,2911.67,Yes
CUST-2284,Male,0,No,Yes,17,Yes,No,Fiber optic,No,No,No,Yes,Yes,Yes,One year,No,Mailed check,108.56,1843.86,Yes
CUST-2285,Male,0,Yes,Yes,25,Yes,Yes,Fiber optic,No,Yes,Yes,No,No,Yes,Two year,No,Credit card (automatic),123.73,3089.6,Yes
CUST-2286,Male,0,No,No,6,Yes,No,Fiber optic,No,Yes,Yes,No,Yes,Yes,Two year,No,Mailed check,121.98,731.75,Yes
CUST-2287,Female,1,Yes,No,44,Yes,Yes,DSL,No,Yes,No,No,Yes,No,Month-to-month,No,Mailed check,97.16,4275.29,Yes
CUST-2288,Female,1,Yes,Yes,44,Yes,No,No,No internet service,No internet service,No internet service,No internet service,No internet service,No internet service,Month-to-month,Yes,Credit card (automatic),32.84,1441.64,Yes
CUST-2289,Female,0,Yes,Yes,70,Yes,Yes,Fiber optic,Yes,Yes,No,No,No,Yes,Two year,No,Electronic check,124.9,8745.22,No
CUST-2290,Female,0,Yes,Yes,34,Yes,No,No,No internet service,No internet service,No internet service,No internet service,No internet service,No internet service,Two year,No,Electronic check,28.98,979.59,No
CUST-2291,Male,0,No,Yes,51,Yes,Yes,No,No internet service,No internet service,No internet service,No internet service,No internet service,No internet service,Month-to-month,No,Credit card (automatic),44.81,2287.95,No
CUST-2292,Male,1,No,Yes,20,Yes,Yes,No,No internet service,No internet service,No internet service,No internet service,No internet service,No internet service,Month-to-month,No,Bank transfer (automatic),44.32,883.73,Yes
CUST-2293,Female,0,Yes,No,27,Yes,Yes,Fiber optic,Yes,Yes,Yes,No,No,No,One year,Yes,Mailed check,118.75,3205.35,No
CUST-2294,Male,0,No,Yes,43,Yes,Yes,DSL,No,Yes,No,No,Yes,No,Month-to-month,Yes,Electronic check,95.95,4120.14,Yes
CUST-2295,Male,0,Yes,Yes,55,Yes,No,Fiber optic,No,No,No,No,No,Yes,Month-to-month,Yes,Mailed check,91.15,5024.58,Yes
CUST-2296,Male,0,Yes,No,9,Yes,No,Fiber optic,No,No,Yes,No,No,No,Month-to-month,Yes,Mailed check,86.45,774.82,Yes
CUST-2297,Female,0,No,Yes,22,Yes,Yes,DSL,No,Yes,No,No,Yes,Yes,Month-to-month,Yes,Mailed check,107.1,2364.67,Yes
CUST-2298,Female,0,No,Yes,47,Yes,No,DSL,No,No,No,No,No,Yes,One year,No,Mailed check,75.81,3557.79,No
CUST-2299,Female,0,No,Yes,51,Yes,Yes,Fiber optic,No,Yes,No,Yes,No,Yes,One year,Yes,Mailed check,125.05,6375.25,No
CUST-2300,Male,0,Yes,Yes,14,No,No phone service,No,No internet service,No internet service,No internet service,No internet service,No internet service,No internet service,Month-to-month,Yes,Credit card (automatic),18.0,253.63,No
CUST-2301,Female,0,Yes,No,54,Yes,No,No,No internet service,No internet service,No internet service,No internet service,No internet service,No internet service,Month-to-month,Yes,Credit card (automatic),28.56,1543.32,No
CUST-2302,Female,0,No,Yes,42,Yes,No,DSL,No,No,Yes,No,Yes,Yes,Two year,Yes,Electronic check,93.88,3940.37,No
CUST-2303,Female,1,Yes,Yes,49,Yes,Yes,No,No internet service,No internet service,No internet service,No internet service,No internet service,No internet service,Month-to-month,Yes,Electronic check,45.29,2218.87,No
CUST-2304,Female,0,No,Yes,5,Yes,No,Fiber optic,No,Yes,No,No,Yes,Yes,Month-to-month,No,Credit card (automatic),110.37,557.72,No
CUST-2305,Female,0,No,No,32,Yes,Yes,Fiber optic,No,Yes,No,Yes,No,No,One year,Yes,Electronic check,112.91,3605.99,No
CUST-2306,Female,0,No,Yes,61,Yes,No,Fiber optic,No,No,Yes,No,Yes,Yes,Two year,Yes,Bank transfer (automatic),111.48,6804.96,No
CUST-2307,Male,0,No,Yes,54,Yes,No,Fiber optic,No,No,No,No,No,No,One year,No,Bank transfer (automatic),80.26,4335.68,Yes
CUST-2308,Male,1,No,No,38,Yes,Yes,Fiber optic,No,Yes,No,No,Yes,Yes,Month-to-month,No,Mailed check,126.14,4795.58,Yes
CUST-2309,Female,0,No,Yes,11,Yes,No,Fiber optic,No,No,Yes,No,No,Yes,Month-to-month,Yes,Electronic check,97.44,1063.4,Yes
CUST-2310,Female,1,Yes,No,30,Yes,Yes,Fiber optic,Yes,No,No,No,No,Yes,Month-to-month,No,Credit card (automatic),113.76,3416.61,No
CUST-2311,Male,0,Yes,Yes,52,Yes,No,No,No internet service,No internet service,No internet service,No internet service,No internet service,No internet service,One year,No,Bank transfer (automatic),30.87,1596.73,No
CUST-2312,Male,1,No,Yes,33,Yes,Yes,No,No internet service,No internet service,No internet service,No internet service,No internet service,No internet service,Month-to-month,Yes,Electronic check,43.99,1449.28,Yes
CUST-2313,Female,0,No,Yes,40,Yes,No,No,No internet service,No internet service,No internet service,No internet service,No internet service,No internet service,Month-to-month,Yes,Credit card (automatic),28.71,1145.38,No
CUST-2314,Female,0,No,Yes,9,Yes,No,DSL,Yes,No,No,Yes,No,No,Month-to-month,Yes,Credit card (automatic),73.45,660.59,No
CUST-2315,Female,0,Yes,Yes,51,Yes,No,Fiber optic,No,No,No,No,Yes,Yes,One year,No,Electronic check,104.15,5310.64,No
CUST-2316,Female,1,No,Yes,56,Yes,No,Fiber optic,No,Yes,Yes,No,Yes,Yes,Two year,No,Electronic check,120.21,6730.35,Yes
CUST-2317,Male,1,No,Yes,2,Yes,Yes,Fiber optic,Yes,No,No,No,Yes,No,Two year,No,Mailed check,113.19,225.99,Yes
CUST-2318,Female,0,No,Yes,56,Yes,No,No,No internet service,No internet service,No internet service,No internet service,No internet service,No internet service,One year,No,Credit card (automatic),30.11,1690.72,No
CUST-2319,Female,1,Yes,Yes,32,Yes,Yes,DSL,No,Yes,No,No,Yes,No,Month-to-month,Yes,Mailed check,95.21,3060.25,Yes
CUST-2320,Female,0,No,No,6,Yes,No,No,No internet service,No internet service,No internet service,No internet service,No internet service,No internet service,Month-to-month,Yes,Electronic check,30.46,173.61,Yes
CUST-2321,Female,0,Yes,Yes,3,Yes,No,Fiber optic,No,Yes,No,No,Yes,No,One year,No,Electronic check,100.33,296.64,Yes
CUST-2322,Male,0,Yes,No,38,Yes,No,DSL,No,No,No,Yes,Yes,No,One year,Yes,Mailed check,78.62,2987.56,No
CUST-2323,Male,0,No,Yes,47,Yes,No,Fiber optic,No,No,No,Yes,Yes,No,One year,Yes,Credit card (automatic),100.48,4720.15,No
CUST-2324,Male,0,Yes,Yes,15,No,No phone service,DSL,No,No,Yes,No,No,Yes,Two year,Yes,Credit card (automatic),69.89,1047.37,No
CUST-2325,Female,0,Yes,Yes,37,Yes,No,Fiber optic,Yes,No,No,No,No,Yes,Two year,No,Mailed check,100.34,3711.63,No
CUST-2326,Female,0,Yes,No,3,Yes,No,DSL,No,No,No,Yes,Yes,No,Two year,No,Credit card (automatic),81.46,245.72,Yes
CUST-2327,Male,0,No,No,3,Yes,Yes,Fiber optic,Yes,Yes,No,No,No,No,Two year,Yes,Electronic check,112.78,345.95,No
CUST-2328,Female,0,Yes,Yes,26,No,No phone service,Fiber optic,Yes,Yes,No,Yes,Yes,No,Month-to-month,Yes,Bank transfer (automatic),107.11,2792.23,No
CUST-2329,Female,0,No,No,16,Yes,No,Fiber optic,Yes,No,No,Yes,Yes,No,Month-to-month,Yes,Credit card (automatic),108.75,1735.47,Yes
CUST-2330,Male,0,No,Yes,69,Yes,No,DSL,No,Yes,Yes,No,No,No,Two year,No,Mailed check,78.42,5406.13,No
CUST-2331,Male,0,No,Yes,53,Yes,No,Fiber optic,No,No,No,No,Yes,Yes,Month-to-month,No,Credit card (automatic),102.34,5417.92,No
CUST-2332,Male,0,Yes,No,7,Yes,Yes,Fiber optic,Yes,Yes,No,No,Yes,No,One year,Yes,Bank transfer (automatic),120.8,838.83,No
CUST-2333,Male,0,No,No,52,Yes,No,No,No internet service,No internet service,No internet service,No internet service,No internet service,No internet service,Month-to-month,Yes,Bank transfer (automatic),32.49,1680.73,No
CUST-2334,Female,0,Yes,No,4,No,No phone service,Fiber optic,No,No,No,No,Yes,Yes,Month-to-month,No,Electronic check,96.2,391.95,Yes
CUST-2335,Female,0,Yes,Yes,68,Yes,Yes,DSL,No,No,No,No,No,No,One year,Yes,Credit card (automatic),76.71,5220.55,No
CUST-2336,Male,0,Yes,Yes,46,Yes,No,Fiber optic,Yes,No,Yes,No,No,No,One year,Yes,Bank transfer (automatic),95.43,4387.12,No
CUST-2337,Female,0,Yes,Yes,39,Yes,No,No,No internet service,No internet service,No internet service,No internet service,No internet service,No internet service,Month-to-month,No,Electronic check,33.22,1294.89,No
CUST-2338,Male,0,No,Yes,6,Yes,No,DSL,Yes,Yes,Yes,Yes,Yes,Yes,Month-to-month,Yes,Bank transfer (automatic),114.38,682.03,Yes
CUST-2339,Male,0,No,No,11,No,No phone service,Fiber optic,No,No,Yes,Yes,Yes,No,Month-to-month,Yes,Bank transfer (automatic),96.82,1059.05,Yes
CUST-2340,Female,0,Yes,Yes,24,Yes,No,Fiber optic,Yes,Yes,No,No,Yes,No,Month-to-month,Yes,Bank transfer (automatic),105.66,2539.8,Yes
CUST-2341,Male,1,No,Yes,27,Yes,Yes,DSL,No,No,No,Yes,No,No,Two year,Yes,Electronic check,81.92,2213.7,No
CUST-2342,Female,1,No,Yes,42,Yes,No,DSL,No,Yes,Yes,No,Yes,Yes,Month-to-month,Yes,Bank transfer (automatic),100.11,4200.15,Yes
CUST-2343,Female,0,No,Yes,46,Yes,No,Fiber optic,No,Yes,Yes,No,Yes,Yes,One year,Yes,Electronic check,119.01,5482.76,No
CUST-2344,Female,0,Yes,Yes,48,Yes,No,Fiber optic,Yes,No,Yes,No,Yes,Yes,Month-to-month,Yes,Mailed check,121.14,5821.65,No
CUST-2345,Female,0,No,Yes,53,Yes,No,No,No internet service,No internet service,No internet service,No internet service,No internet service,No internet service,One year,No,Mailed check,30.68,1620.5,No
CUST-2346,Male,0,Yes,No,17,Yes,Yes,Fiber optic,No,Yes,No,No,No,No,Two year,Yes,Electronic check,104.22,1764.83,Yes
CUST-2347,Female,1,No,Yes,26,Yes,Yes,Fiber optic,No,Yes,No,No,No,Yes,Month-to-month,Yes,Electronic check,117.21,3049.39,Yes
CUST-2348,Male,0,Yes,No,71,Yes,No,Fiber optic,Yes,No,No,No,No,No,One year,No,Bank transfer (automatic),90.4,6429.68,No
CUST-2349,Male,0,Yes,Yes,5,Yes,No,No,No internet service,No internet service,No internet service,No internet service,No internet service,No internet service,Month-to-month,No,Credit card (automatic),30.11,146.06,Yes
CUST-2350,Male,0,Yes,Yes,68,Yes,Yes,Fiber optic,No,No,No,No,Yes,Yes,Month-to-month,Yes,Electronic check,119.4,8122.95,No
CUST-2351,Male,1,No,Yes,70,Yes,Yes,Fiber optic,No,No,No,Yes,Yes,Yes,Month-to-month,Yes,Mailed check,125.71,8797.36,No
CUST-2352,Female,0,Yes,No,21,No,No phone service,Fiber optic,No,Yes,No,Yes,No,No,Month-to-month,No,Credit card (automatic),90.12,1895.94,Yes
CUST-2353,Female,0,No,Yes,58,Yes,Yes,No,No internet service,No internet service,No internet service,No internet service,No internet service,No internet service,Month-to-month,Yes,Electronic check,42.42,2449.92,No
CUST-2354,Male,0,Yes,Yes,46,Yes,No,Fiber optic,No,No,No,No,No,Yes,One year,Yes,Bank transfer (automatic),90.12,4141.39,Yes
CUST-2355,Male,0,No,Yes,67,Yes,No,DSL,No,Yes,Yes,No,No,No,One year,Yes,Mailed check,75.03,5028.41,No
CUST-2356,Female,0,Yes,Yes,31,Yes,Yes,DSL,No,Yes,No,Yes,No,Yes,Two year,Yes,Credit card (automatic),98.08,3042.03,No
CUST-2357,Male,0,No,No,0,Yes,No,No,No internet service,No internet service,No internet service,No internet service,No internet service,No internet service,Month-to-month,No,Bank transfer (automatic),29.53, ,Yes
CUST-2358,Female,1,Yes,No,53,Yes,Yes,No,No internet service,No internet service,No internet service,No internet service,No internet service,No internet service,Two year,No,Electronic check,45.11,2380.79,No
CUST-2359,Male,1,Yes,Yes,45,Yes,No,Fiber optic,No,Yes,Yes,No,No,No,Month-to-month,Yes,Electronic check,94.52,4249.29,Yes
CUST-2360,Female,1,Yes,Yes,40,No,No phone service,Fiber optic,Yes,No,No,No,No,No,Two year,Yes,Electronic check,78.19,3124.33,No
CUST-2361,Male,0,No,No,40,Yes,Yes,DSL,No,No,No,No,Yes,No,Month-to-month,Yes,Bank transfer (automatic),84.22,3372.06,No
CUST-2362,Male,0,Yes,Yes,7,Yes,No,DSL,No,Yes,No,No,No,Yes,Month-to-month,Yes,Mailed check,78.01,545.24,Yes
CUST-2363,Female,0,Yes,Yes,31,Yes,No,Fiber optic,No,Yes,No,No,Yes,No,Month-to-month,Yes,Electronic check,101.11,3136.41,Yes
CUST-2364,Male,0,Yes,Yes,29,Yes,Yes,DSL,No,No,No,Yes,Yes,No,Month-to-month,Yes,Electronic check,95.98,2790.27,No
CUST-2365,Male,0,Yes,Yes,45,Yes,Yes,Fiber optic,No,No,Yes,No,Yes,No,Month-to-month,No,Electronic check,115.39,5191.74,No
CUST-2366,Female,0,No,Yes,51,No,No phone service,Fiber optic,Yes,No,No,Yes,No,Yes,Month-to-month,Yes,Mailed check,99.42,5073.65,Yes
CUST-2367,Male,0,Yes,No,60,Yes,Yes,No,No internet service,No internet service,No internet service,No internet service,No internet service,No internet service,Month-to-month,Yes,Credit card (automatic),44.9,2698.94,No
CUST-2368,Female,0,Yes,Yes,12,Yes,Yes,Fiber optic,No,No,Yes,Yes,Yes,Yes,Month-to-month,No,Mailed check,136.12,1631.89,Yes
CUST-2369,Female,0,No,Yes,39,Yes,Yes,DSL,No,No,Yes,No,Yes,No,Month-to-month,No,Credit card (automatic),94.02,3664.47,No
CUST-2370,Male,0,No,No,60,Yes,Yes,DSL,No,No,No,No,Yes,Yes,Month-to-month,No,Electronic check,96.67,5803.84,Yes
CUST-2371,Male,0,No,Yes,43,Yes,Yes,No,No internet service,No internet service,No internet service,No internet service,No internet service,No internet service,Month-to-month,Yes,Electronic check,45.15,1943.61,Yes
CUST-2372,Male,0,Yes,Yes,61,Yes,No,No,No internet service,No internet service,No internet service,No internet service,No internet service,No internet service,One year,Yes,Credit card (automatic),31.95,1954.69,No
CUST-2373,Male,0,No,Yes,43,Yes,Yes,Fiber optic,No,No,Yes,Yes,No,Yes,Month-to-month,No,Mailed check,122.68,5277.4,No
CUST-2374,Male,0,No,Yes,47,Yes,No,DSL,No,Yes,Yes,No,Yes,Yes,Two year,Yes,Mailed check,98.63,4634.23,No
CUST-2375,Male,0,No,No,58,Yes,Yes,No,No internet service,No internet service,No internet service,No internet service,No internet service,No internet service,Month-to-month,Yes,Mailed check,45.89,2662.63,Yes
CUST-2376,Male,0,Yes,No,56,Yes,No,DSL,No,No,Yes,Yes,Yes,No,Two year,Yes,Bank transfer (automatic),84.96,4755.05,No
CUST-2377,Female,0,Yes,Yes,10,Yes,No,DSL,No,Yes,Yes,Yes,Yes,No,Month-to-month,Yes,Mailed check,97.13,961.06,Yes
CUST-2378,Male,0,Yes,No,24,No,No phone service,No,No internet service,No internet service,No internet service,No internet service,No internet service,No internet service,Month-to-month,Yes,Bank transfer (automatic),18.0,436.31,Yes
CUST-2379,Female,0,No,Yes,60,Yes,No,No,No internet service,No internet service,No internet service,No internet service,No internet service,No internet service,Month-to-month,No,Electronic check,30.68,1835.14,Yes
CUST-2380,Male,0,Yes,No,45,Yes,Yes,Fiber optic,No,No,No,Yes,No,Yes,Month-to-month,Yes,Bank transfer (automatic),117.34,5282.04,Yes
CUST-2381,Male,0,No,Yes,53,Yes,No,DSL,No,Yes,No,No,No,Yes,Two year,Yes,Electronic check,77.96,4132.1,No
CUST-2382,Female,0,No,Yes,33,Yes,No,Fiber optic,Yes,No,No,Yes,Yes,No,Two year,No,Electronic check,111.49,3680.42,No
CUST-2383,Male,0,No,Yes,6,Yes,Yes,Fiber optic,No,No,Yes,No,No,No,Month-to-month,No,Credit card (automatic),104.9,622.91,Yes
CUST-2384,Male,0,Yes,Yes,61,Yes,No,No,No internet service,No internet service,No internet service,No internet service,No internet service,No internet service,Month-to-month,No,Bank transfer (automatic),31.29,1901.24,No
CUST-2385,Female,0,No,Yes,56,Yes,No,Fiber optic,Yes,Yes,Yes,No,Yes,Yes,Month-to-month,Yes,Credit card (automatic),127.18,7122.02,Yes
CUST-2386,Male,1,No,Yes,4,Yes,No,No,No internet service,No internet service,No internet service,No internet service,No internet service,No internet service,One year,Yes,Electronic check,32.05,128.75,Yes
CUST-2387,Male,0,Yes,No,34,Yes,Yes,DSL,No,Yes,Yes,Yes,Yes,Yes,One year,No,Credit card (automatic),123.17,4189.3,No
CUST-2388,Male,0,No,Yes,36,Yes,No,DSL,No,No,No,No,Yes,Yes,One year,No,Bank transfer (automatic),84.55,3040.47,No
CUST-2389,Female,0,No,No,59,Yes,Yes,Fiber optic,Yes,Yes,No,Yes,Yes,No,Month-to-month,Yes,Mailed check,134.32,7919.32,No
CUST-2390,Male,0,No,Yes,64,Yes,No,Fiber optic,No,No,Yes,No,No,No,Two year,No,Bank transfer (automatic),88.62,5675.24,Yes
CUST-2391,Male,0,Yes,Yes,15,Yes,No,Fiber optic,No,Yes,Yes,No,No,Yes,Month-to-month,Yes,Credit card (automatic),108.35,1634.49,Yes
CUST-2392,Male,0,No,No,29,Yes,No,Fiber optic,No,No,No,No,No,Yes,Two year,Yes,Bank transfer (automatic),92.06,2672.32,No
CUST-2393,Male,0,Yes,Yes,72,Yes,Yes,DSL,No,Yes,Yes,No,Yes,Yes,Month-to-month,Yes,Electronic check,113.64,8187.03,No
CUST-2394,Female,0,Yes,No,41,Yes,No,No,No internet service,No internet service,No internet service,No internet service,No internet service,No internet service,Month-to-month,No,Electronic check,30.93,1259.05,Yes
CUST-2395,Female,0,No,No,60,No,No phone service,DSL,No,Yes,No,No,No,No,Two year,Yes,Electronic check,57.62,3461.51,No
CUST-2396,Male,0,No,Yes,47,Yes,No,DSL,Yes,No,Yes,Yes,Yes,Yes,Month-to-month,Yes,Credit card (automatic),110.71,5200.5,Yes
CUST-2397,Male,0,No,Yes,61,Yes,Yes,Fiber optic,No,Yes,No,Yes,Yes,Yes,One year,No,Bank transfer (automatic),137.5,8386.04,No
CUST-2398,Female,0,No,Yes,63,Yes,No,DSL,No,No,No,Yes,No,Yes,Month-to-month,Yes,Bank transfer (automatic),79.3,5002.56,No
CUST-2399,Female,0,Yes,Yes,56,Yes,No,Fiber optic,No,Yes,Yes,Yes,Yes,Yes,Two year,Yes,Bank transfer (automatic),127.76,7152.32,No
CUST-2400,Male,1,Yes,Yes,67,Yes,Yes,Fiber optic,No,No,No,No,Yes,No,Month-to-month,No,Bank transfer (automatic),104.7,7018.07,Yes
CUST-2401,Female,0,No,No,45,Yes,Yes,DSL,No,No,No,No,No,No,Two year,No,Electronic check,70.49,3170.26,No
CUST-2402,Male,0,Yes,Yes,27,Yes,Yes,DSL,Yes,No,No,Yes,No,Yes,Two year,No,Bank transfer (automatic),103.91,2797.35,No
CUST-2403,Female,0,No,Yes,2,Yes,Yes,Fiber optic,Yes,Yes,Yes,No,Yes,Yes,Month-to-month,No,Credit card (automatic),141.97,287.81,Yes
CUST-2404,Female,0,No,Yes,36,Yes,Yes,Fiber optic,No,No,No,Yes,No,No,Month-to-month,Yes,Bank transfer (automatic),104.32,3755.9,No
CUST-2405,Female,1,No,No,47,Yes,Yes,Fiber optic,No,Yes,Yes,No,Yes,No,Month-to-month,Yes,Credit card (automatic),121.25,5699.55,No
CUST-2406,Female,0,No,Yes,18,Yes,Yes,Fiber optic,No,No,No,Yes,No,Yes,One year,Yes,Electronic check,114.48,2062.21,No
CUST-2407,Male,1,Yes,Yes,16,Yes,No,DSL,Yes,Yes,No,No,No,No,Two year,No,Electronic check,75.8,1220.03,No
CUST-2408,Female,0,Yes,Yes,39,Yes,No,Fiber optic,Yes,No,Yes,No,No,Yes,Month-to-month,Yes,Mailed check,107.73,4201.48,Yes
CUST-2409,Female,0,No,No,49,Yes,Yes,Fiber optic,No,No,Yes,No,Yes,No,Month-to-month,No,Mailed check,111.29,5440.93,No
CUST-2410,Male,0,No,No,72,Yes,Yes,No,No internet service,No internet service,No internet service,No internet service,No internet service,No internet service,Two year,No,Mailed check,46.62,3364.08,No
CUST-2411,Female,1,Yes,Yes,28,Yes,No,No,No internet service,No internet service,No internet service,No internet service,No internet service,No internet service,Month-to-month,Yes,Bank transfer (automatic),29.76,834.72,Yes
CUST-2412,Female,0,Yes,No,50,Yes,No,DSL,No,Yes,Yes,No,Yes,No,Month-to-month,No,Credit card (automatic),85.5,4270.25,Yes
CUST-2413,Male,0,Yes,Yes,41,Yes,No,DSL,Yes,Yes,No,Yes,No,No,One year,No,Credit card (automatic),86.4,3546.88,No
CUST-2414,Female,0,No,No,28,Yes,Yes,Fiber optic,No,Yes,Yes,No,No,No,Month-to-month,Yes,Electronic check,113.48,3170.91,Yes
CUST-2415,Male,0,Yes,Yes,65,Yes,No,No,No internet service,No internet service,No internet service,No internet service,No internet service,No internet service,Month-to-month,Yes,Electronic check,30.33,1960.46,No
CUST-2416,Male,1,No,Yes,16,Yes,No,DSL,No,No,No,No,No,Yes,Two year,No,Electronic check,71.79,1154.08,Yes
CUST-2417,Male,0,No,Yes,30,Yes,Yes,Fiber optic,No,Yes,No,No,Yes,No,Month-to-month,No,Bank transfer (automatic),114.43,3438.71,Yes
CUST-2418,Male,0,Yes,Yes,51,Yes,Yes,No,No internet service,No internet service,No internet service,No internet service,No internet service,No internet service,One year,Yes,Bank transfer (automatic),42.94,2195.82,No
CUST-2419,Female,0,No,No,38,Yes,Yes,No,No internet service,No internet service,No internet service,No internet service,No internet service,No internet service,Month-to-month,Yes,Mailed check,44.82,1700.88,No
CUST-2420,Male,0,Yes,Yes,59,Yes,Yes,Fiber optic,Yes,No,No,Yes,Yes,Yes,Month-to-month,No,Electronic check,131.05,7730.36,No
CUST-2421,Female,1,No,No,50,Yes,Yes,DSL,No,No,Yes,No,No,Yes,One year,Yes,Electronic check,97.13,4854.25,No
CUST-2422,Female,0,No,Yes,15,Yes,Yes,DSL,Yes,Yes,Yes,Yes,No,No,Month-to-month,No,Electronic check,105.53,1575.84,No
CUST-2423,Female,0,No,Yes,13,Yes,No,Fiber optic,Yes,No,No,Yes,Yes,Yes,Month-to-month,No,Electronic check,116.92,1518.06,Yes
CUST-2424,Female,1,No,Yes,41,Yes,No,DSL,No,Yes,Yes,Yes,No,No,Two year,Yes,Electronic check,81.57,3342.79,No
CUST-2425,Female,0,No,Yes,50,Yes,Yes,No,No internet service,No internet service,No internet service,No internet service,No internet service,No internet service,Month-to-month,No,Bank transfer (automatic),44.84,2236.01,Yes
CUST-2426,Female,0,No,No,23,Yes,No,DSL,No,Yes,Yes,Yes,Yes,Yes,Month-to-month,Yes,Electronic check,108.77,2508.93,Yes
CUST-2427,Female,0,Yes,Yes,42,Yes,Yes,DSL,Yes,Yes,Yes,Yes,No,Yes,Month-to-month,Yes,Electronic check,118.22,4961.55,Yes
CUST-2428,Female,0,Yes,Yes,72,Yes,No,DSL,No,No,Yes,No,No,Yes,Month-to-month,Yes,Mailed check,78.75,5677.58,No
CUST-2429,Female,0,No,Yes,18,Yes,No,Fiber optic,Yes,Yes,Yes,Yes,Yes,No,Month-to-month,No,Electronic check,122.1,2202.41,Yes
CUST-2430,Female,1,Yes,Yes,60,Yes,No,Fiber optic,No,No,No,Yes,Yes,Yes,One year,No,Mailed check,113.79,6828.48,No
CUST-2431,Male,0,No,No,62,Yes,No,Fiber optic,No,No,No,Yes,Yes,No,Two year,Yes,Mailed check,101.16,6265.0,No
CUST-2432,Male,0,Yes,Yes,25,Yes,No,No,No internet service,No internet service,No internet service,No internet service,No internet service,No internet service,Month-to-month,No,Bank transfer (automatic),30.5,766.13,No
CUST-2433,Male,1,Yes,No,34,Yes,No,Fiber optic,Yes,No,No,Yes,No,Yes,Month-to-month,Yes,Credit card (automatic),105.63,3601.6,Yes
CUST-2434,Female,0,No,Yes,66,Yes,Yes,DSL,Yes,Yes,No,Yes,Yes,No,Two year,Yes,Electronic check,110.03,7258.72,No
CUST-2435,Male,0,Yes,Yes,55,Yes,Yes,No,No internet service,No internet service,No internet service,No internet service,No internet service,No internet service,Month-to-month,Yes,Mailed check,44.02,2423.31,No
CUST-2436,Male,0,No,No,39,No,No phone service,No,No internet service,No internet service,No internet service,No internet service,No internet service,No internet service,One year,No,Mailed check,23.43,912.14,No
CUST-2437,Male,1,Yes,Yes,28,Yes,No,DSL,No,No,Yes,No,Yes,Yes,Month-to-month,Yes,Mailed check,92.2,2572.88,Yes
CUST-2438,Female,0,No,Yes,5,Yes,No,DSL,Yes,Yes,Yes,No,Yes,No,Month-to-month,Yes,Electronic check,94.87,474.65,No
CUST-2439,Female,0,Yes,Yes,51,Yes,No,No,No internet service,No internet service,No internet service,No internet service,No internet service,No internet service,Two year,No,Electronic check,33.51,1707.77,No
CUST-2440,Female,0,No,Yes,0,Yes,No,Fiber optic,Yes,Yes,No,No,No,Yes,One year,No,Electronic check,109.56, ,No
CUST-2441,Female,0,Yes,No,51,Yes,Yes,Fiber optic,Yes,No,Yes,Yes,No,No,Month-to-month,No,Mailed check,120.62,6145.16,No
CUST-2442,Male,0,No,Yes,23,Yes,No,No,No internet service,No internet service,No internet service,No internet service,No internet service,No internet service,Month-to-month,No,Electronic check,32.62,755.09,Yes
CUST-2443,Male,0,Yes,No,33,Yes,No,DSL,No,No,No,No,No,No,Month-to-month,No,Bank transfer (automatic),61.96,2040.69,No
CUST-2444,Male,0,No,Yes,6,Yes,Yes,Fiber optic,Yes,No,No,No,No,Yes,Two year,No,Mailed check,114.06,681.33,No
CUST-2445,Male,0,Yes,Yes,10,Yes,No,DSL,No,Yes,No,Yes,Yes,No,Month-to-month,Yes,Electronic check,87.65,879.6,Yes
CUST-2446,Female,1,No,Yes,35,Yes,No,DSL,No,No,No,Yes,No,Yes,Month-to-month,No,Bank transfer (automatic),80.77,2821.08,No
CUST-2447,Female,0,Yes,Yes,19,Yes,Yes,Fiber optic,No,Yes,Yes,Yes,No,No,Month-to-month,No,Bank transfer (automatic),119.22,2269.0,Yes
CUST-2448,Female,0,No,No,62,Yes,Yes,DSL,Yes,Yes,No,No,No,Yes,Month-to-month,No,Electronic check,99.37,6161.91,No
CUST-2449,Male,0,No,Yes,62,Yes,Yes,Fiber optic,No,No,No,Yes,Yes,No,Two year,Yes,Electronic check,112.2,6957.82,No
CUST-2450,Female,0,No,Yes,68,Yes,Yes,DSL,No,Yes,No,No,Yes,No,Two year,Yes,Electronic check,94.95,6462.74,No
CUST-2451,Female,0,No,No,29,Yes,Yes,DSL,No,Yes,No,No,No,No,One year,No,Electronic check,79.49,2302.71,No
CUST-2452,Male,0,Yes,No,29,Yes,No,DSL,Yes,Yes,Yes,Yes,No,No,Two year,Yes,Credit card (automatic),89.39,2587.6,Yes
CUST-2453,Male,0,Yes,Yes,21,Yes,No,No,No internet service,No internet service,No internet service,No internet service,No internet service,No internet service,One year,No,Electronic check,29.03,596.8,No
CUST-2454,Female,0,Yes,No,60,Yes,Yes,Fiber optic,No,No,No,Yes,No,No,One year,No,Credit card (automatic),103.15,6185.12,No
CUST-2455,Female,0,No,Yes,20,Yes,Yes,Fiber optic,Yes,No,Yes,No,No,Yes,Two year,No,Mailed check,124.23,2483.68,Yes
CUST-2456,Female,0,No,Yes,36,Yes,No,Fiber optic,Yes,No,No,No,No,Yes,Month-to-month,Yes,Bank transfer (automatic),101.8,3661.99,Yes
CUST-2457,Female,0,No,Yes,26,Yes,No,Fiber optic,No,No,Yes,Yes,No,No,Month-to-month,Yes,Mailed check,96.59,2512.89,Yes
CUST-2458,Female,0,No,Yes,34,No,No phone service,DSL,No,Yes,No,No,No,No,Month-to-month,Yes,Mailed check,59.97,2032.51,No
CUST-2459,Female,0,No,Yes,37,Yes,Yes,No,No internet service,No internet service,No internet service,No internet service,No internet service,No internet service,Month-to-month,Yes,Mailed check,43.49,1607.03,Yes
CUST-2460,Male,0,Yes,Yes,59,Yes,No,No,No internet service,No internet service,No internet service,No internet service,No internet service,No internet service,Two year,Yes,Mailed check,28.0,1655.18,No
CUST-2461,Male,0,Yes,Yes,69,Yes,No,Fiber optic,No,No,Yes,No,Yes,No,Two year,Yes,Electronic check,99.63,6878.98,No
CUST-2462,Male,0,Yes,No,31,Yes,No,Fiber optic,No,No,No,No,No,No,Two year,Yes,Credit card (automatic),81.32,2528.86,Yes
CUST-2463,Female,0,No,No,26,Yes,No,No,No internet service,No internet service,No internet service,No internet service,No internet service,No internet service,Month-to-month,No,Credit card (automatic),31.63,819.48,Yes
CUST-2464,Male,0,No,No,2,No,No phone service,Fiber optic,No,Yes,Yes,No,Yes,Yes,Two year,Yes,Electronic check,112.48,218.7,No
CUST-2465,Female,0,No,Yes,48,Yes,No,No,No internet service,No internet service,No internet service,No internet service,No internet service,No internet service,Month-to-month,No,Electronic check,31.09,1496.62,Yes
CUST-2466,Female,0,No,Yes,29,Yes,No,DSL,Yes,No,No,No,Yes,No,One year,No,Mailed check,83.9,2433.59,No
CUST-2467,Male,1,No,Yes,21,Yes,Yes,Fiber optic,No,No,No,Yes,Yes,No,One year,Yes,Credit card (automatic),116.55,2444.92,No
CUST-2468,Female,0,No,Yes,18,Yes,No,No,No internet service,No internet service,No internet service,No internet service,No internet service,No internet service,Month-to-month,Yes,Bank transfer (automatic),29.87,532.36,Yes
CUST-2469,Female,1,No,Yes,30,Yes,Yes,DSL,Yes,No,Yes,Yes,No,No,Two year,No,Credit card (automatic),100.98,3024.32,No
CUST-2470,Male,0,Yes,Yes,19,Yes,Yes,DSL,No,Yes,Yes,No,No,No,One year,Yes,Electronic check,94.11,1786.45,No
CUST-2471,Male,0,Yes,No,18,Yes,No,Fiber optic,No,Yes,Yes,No,No,Yes,Month-to-month,Yes,Electronic check,105.14,1905.89,Yes
CUST-2472,Male,1,No,Yes,1,No,No phone service,No,No internet service,No internet service,No internet service,No internet service,No internet service,No internet service,Month-to-month,Yes,Electronic check,19.15,19.27,Yes
CUST-2473,Female,0,No,Yes,39,Yes,No,DSL,No,Yes,Yes,No,No,Yes,One year,Yes,Mailed check,86.0,3358.38,No
CUST-2474,Male,0,No,Yes,38,No,No phone service,No,No internet service,No internet service,No internet service,No internet service,No internet service,No internet service,Month-to-month,Yes,Credit card (automatic),19.71,743.98,No
CUST-2475,Male,0,Yes,Yes,71,Yes,Yes,Fiber optic,Yes,No,No,No,No,No,One year,Yes,Electronic check,101.92,7225.51,No
CUST-2476,Female,0,Yes,Yes,53,Yes,No,No,No internet service,No internet service,No internet service,No internet service,No internet service,No internet service,Month-to-month,Yes,Mailed check,31.03,1647.92,No
CUST-2477,Male,0,No,Yes,26,Yes,No,Fiber optic,No,Yes,Yes,No,No,Yes,One year,Yes,Credit card (automatic),110.54,2868.94,Yes
CUST-2478,Male,0,Yes,Yes,11,Yes,No,Fiber optic,No,Yes,No,No,No,Yes,Month-to-month,No,Mailed check,102.53,1122.85,Yes
CUST-2479,Male,0,Yes,Yes,70,Yes,No,No,No internet service,No internet service,No internet service,No internet service,No internet service,No internet service,Month-to-month,Yes,Mailed check,31.74,2221.75,No
CUST-2480,Female,0,Yes,Yes,16,Yes,Yes,DSL,No,Yes,Yes,Yes,Yes,No,Month-to-month,Yes,Electronic check,111.64,1793.62,No
CUST-2481,Female,1,No,No,9,Yes,Yes,No,No internet service,No internet service,No internet service,No internet service,No internet service,No internet service,Month-to-month,Yes,Bank transfer (automatic),43.17,393.09,No
CUST-2482,Female,0,Yes,No,18,Yes,No,DSL,No,No,No,No,Yes,Yes,Two year,No,Credit card (automatic),86.39,1551.59,No
CUST-2483,Female,0,Yes,Yes,29,Yes,Yes,DSL,Yes,No,Yes,Yes,Yes,No,One year,Yes,Credit card (automatic),113.66,3297.7,No
CUST-2484,Male,0,No,Yes,29,Yes,No,Fiber optic,No,No,No,Yes,No,Yes,Month-to-month,Yes,Credit card (automatic),93.48,2713.42,Yes
CUST-2485,Female,0,No,No,24,Yes,Yes,DSL,Yes,No,No,No,No,No,Month-to-month,Yes,Mailed check,87.28,2097.37,Yes
CUST-2486,Female,0,Yes,Yes,65,No,No phone service,No,No internet service,No internet service,No internet service,No internet service,No internet service,No internet service,Month-to-month,Yes,Electronic check,18.0,1168.41,Yes
CUST-2487,Male,0,No,Yes,34,Yes,Yes,No,No internet service,No internet service,No internet service,No internet service,No internet service,No internet service,Month-to-month,No,Electronic check,43.33,1475.75,No
CUST-2488,Male,0,Yes,Yes,50,No,No phone service,DSL,No,Yes,No,No,Yes,Yes,Month-to-month,No,Electronic check,83.26,4165.66,Yes
CUST-2489,Male,0,Yes,Yes,70,Yes,Yes,DSL,No,Yes,No,Yes,Yes,No,Month-to-month,Yes,Mailed check,100.83,7060.14,Yes
CUST-2490,Female,0,No,No,70,Yes,No,Fiber optic,Yes,Yes,Yes,No,Yes,No,Month-to-month,Yes,Mailed check,115.97,8112.15,Yes
CUST-2491,Female,1,No,No,26,Yes,Yes,No,No internet service,No internet service,No internet service,No internet service,No internet service,No internet service,Two year,Yes,Credit card (automatic),42.78,1112.33,No
CUST-2492,Female,0,Yes,Yes,9,Yes,No,No,No internet service,No internet service,No internet service,No internet service,No internet service,No internet service,Two year,No,Electronic check,31.38,287.14,No
CUST-2493,Male,0,No,Yes,42,Yes,No,DSL,Yes,No,Yes,No,No,Yes,One year,Yes,Electronic check,87.55,3666.22,Yes
CUST-2494,Male,0,No,Yes,54,Yes,No,No,No internet service,No internet service,No internet service,No internet service,No internet service,No internet service,Month-to-month,No,Mailed check,29.14,1579.64,No
CUST-2495,Female,0,Yes,Yes,70,Yes,Yes,DSL,No,No,Yes,No,No,Yes,Two year,Yes,Credit card (automatic),96.46,6756.51,Yes
CUST-2496,Male,1,Yes,No,5,No,No phone service,Fiber optic,No,No,Yes,Yes,Yes,Yes,Month-to-month,Yes,Electronic check,109.2,548.03,Yes
CUST-2497,Male,0,Yes,Yes,5,Yes,No,DSL,No,No,Yes,Yes,Yes,Yes,Month-to-month,Yes,Electronic check,102.05,512.78,Yes
CUST-2498,Male,0,Yes,Yes,47,Yes,No,Fiber optic,Yes,No,Yes,Yes,No,No,Month-to-month,Yes,Mailed check,102.59,4821.79,No
CUST-2499,Female,0,Yes,No,1,Yes,No,Fiber optic,Yes,Yes,Yes,Yes,Yes,Yes,Month-to-month,Yes,Electronic check,134.28,134.28,No
CUST-2500,Male,0,Yes,No,50,Yes,No,Fiber optic,Yes,No,Yes,No,Yes,Yes,Month-to-month,Yes,Credit card (automatic),120.33,6015.27,No
CUST-2501,Male,0,No,No,60,Yes,No,No,No internet service,No internet service,No internet service,No internet service,No internet service,No internet service,Month-to-month,Yes,Mailed check,30.79,1847.61,Yes
CUST-2502,Female,0,No,Yes,18,Yes,Yes,Fiber optic,Yes,Yes,Yes,No,Yes,Yes,Two year,Yes,Credit card (automatic),142.83,2569.67,No
CUST-2503,Female,1,Yes,Yes,1,Yes,No,DSL,No,No,Yes,No,Yes,No,Two year,Yes,Credit card (automatic),78.97,80.86,No
CUST-2504,Male,0,No,Yes,50,Yes,No,Fiber optic,No,Yes,No,Yes,Yes,No,Two year,No,Electronic check,105.91,5297.2,No
CUST-2505,Male,1,No,Yes,25,Yes,Yes,DSL,Yes,Yes,Yes,Yes,No,Yes,Month-to-month,Yes,Electronic check,119.35,2983.9,Yes
CUST-2506,Female,0,Yes,No,69,Yes,Yes,Fiber optic,Yes,Yes,No,Yes,Yes,No,Month-to-month,Yes,Electronic check,131.29,9061.72,No
CUST-2507,Female,0,No,Yes,19,No,No phone service,Fiber optic,No,No,Yes,No,Yes,No,Month-to-month,Yes,Mailed check,89.52,1704.13,Yes
CUST-2508,Male,0,No,No,22,Yes,Yes,DSL,No,Yes,No,Yes,No,No,Month-to-month,No,Electronic check,94.42,2071.96,No
CUST-2509,Male,0,Yes,Yes,53,Yes,Yes,Fiber optic,No,Yes,No,Yes,Yes,No,Month-to-month,Yes,Credit card (automatic),121.63,6452.25,Yes
CUST-2510,Male,0,No,No,14,Yes,No,No,No internet service,No internet service,No internet service,No internet service,No internet service,No internet service,Month-to-month,Yes,Electronic check,34.08,473.97,Yes
CUST-2511,Male,0,No,Yes,5,Yes,Yes,Fiber optic,Yes,No,Yes,Yes,No,No,Month-to-month,Yes,Credit card (automatic),118.43,593.88,Yes
CUST-2512,Female,0,Yes,No,34,Yes,No,No,No internet service,No internet service,No internet service,No internet service,No internet service,No internet service,One year,Yes,Mailed check,32.22,1094.33,No
CUST-2513,Male,0,No,Yes,7,Yes,Yes,Fiber optic,No,No,No,Yes,No,Yes,One year,Yes,Mailed check,115.67,809.78,No
CUST-2514,Male,0,No,Yes,56,No,No phone service,No,No internet service,No internet service,No internet service,No internet service,No internet service,No internet service,Two year,Yes,Bank transfer (automatic),22.5,1266.15,No
CUST-2515,Female,0,No,No,49,Yes,Yes,Fiber optic,Yes,Yes,No,No,No,No,Two year,Yes,Credit card (automatic),115.26,5646.85,No
CUST-2516,Male,0,Yes,Yes,48,Yes,Yes,No,No internet service,No internet service,No internet service,No internet service,No internet service,No internet service,Month-to-month,No,Electronic check,45.58,2189.68,No
CUST-2517,Female,0,Yes,Yes,20,Yes,Yes,Fiber optic,No,Yes,No,Yes,No,Yes,Month-to-month,No,Electronic check,121.4,2433.3,No
CUST-2518,Male,0,No,No,35,Yes,No,DSL,No,No,No,No,Yes,Yes,Month-to-month,Yes,Mailed check,80.91,2835.89,No
CUST-2519,Male,0,No,Yes,70,No,No phone service,No,No internet service,No internet service,No internet service,No internet service,No internet service,No internet service,Month-to-month,Yes,Mailed check,19.07,1337.45,No
CUST-2520,Female,1,Yes,Yes,68,Yes,No,No,No internet service,No internet service,No internet service,No internet service,No internet service,No internet service,Month-to-month,Yes,Electronic check,32.44,2216.44,Yes
CUST-2521,Female,0,Yes,Yes,57,Yes,Yes,No,No internet service,No internet service,No internet service,No internet service,No internet service,No internet service,Month-to-month,Yes,Bank transfer (automatic),47.61,2714.21,No
CUST-2522,Male,0,No,No,62,Yes,Yes,DSL,Yes,No,Yes,No,No,No,Month-to-month,No,Mailed check,93.45,5799.06,Yes
CUST-2523,Male,1,Yes,Yes,15,Yes,No,Fiber optic,No,No,Yes,No,No,No,Two year,Yes,Mailed check,87.68,1328.61,Yes
CUST-2524,Male,0,No,Yes,5,Yes,Yes,DSL,No,Yes,No,No,Yes,No,Month-to-month,Yes,Electronic check,97.13,482.82,No
CUST-2525,Female,1,No,Yes,51,Yes,No,DSL,No,Yes,No,Yes,Yes,No,One year,No,Credit card (automatic),89.06,4550.25,No
CUST-2526,Male,0,Yes,Yes,1,Yes,Yes,No,No internet service,No internet service,No internet service,No internet service,No internet service,No internet service,Month-to-month,Yes,Mailed check,43.37,45.9,No
CUST-2527,Female,0,Yes,Yes,17,Yes,Yes,Fiber optic,No,Yes,No,Yes,No,Yes,Month-to-month,Yes,Bank transfer (automatic),122.18,2085.73,Yes
CUST-2528,Female,0,No,Yes,34,Yes,No,No,No internet service,No internet service,No internet service,No internet service,No internet service,No internet service,Month-to-month,Yes,Electronic check,33.71,1147.04,Yes
CUST-2529,Male,0,No,Yes,38,Yes,No,Fiber optic,Yes,No,No,Yes,Yes,Yes,Month-to-month,Yes,Credit card (automatic),117.16,4456.39,No
CUST-2530,Female,0,Yes,Yes,0,No,No phone service,No,No internet service,No internet service,No internet service,No internet service,No internet service,No internet service,Two year,No,Electronic check,22.1, ,No
CUST-2531,Male,0,No,Yes,36,No,No phone service,Fiber optic,No,No,No,No,No,No,Month-to-month,Yes,Credit card (automatic),67.94,2439.01,Yes
CUST-2532,Male,0,Yes,Yes,20,Yes,No,Fiber optic,Yes,No,No,Yes,No,Yes,Month-to-month,Yes,Mailed check,108.28,2159.81,No
CUST-2533,Male,0,Yes,Yes,0,No,No phone service,Fiber optic,No,Yes,No,No,Yes,Yes,One year,Yes,Electronic check,105.26, ,Yes
CUST-2534,Male,0,Yes,Yes,3,Yes,Yes,No,No internet service,No internet service,No internet service,No internet service,No internet service,No internet service,Month-to-month,Yes,Bank transfer (automatic),46.0,141.19,No
CUST-2535,Male,0,Yes,Yes,57,Yes,No,No,No internet service,No internet service,No internet service,No internet service,No internet service,No internet service,Two year,No,Mailed check,29.96,1711.1,No
CUST-2536,Female,0,Yes,Yes,0,Yes,Yes,Fiber optic,Yes,No,No,No,No,No,Month-to-month,Yes,Mailed check,102.62, ,Yes
CUST-2537,Female,0,No,Yes,12,Yes,Yes,Fiber optic,Yes,Yes,Yes,No,No,No,Month-to-month,No,Credit card (automatic),121.73,1456.89,Yes
CUST-2538,Male,1,Yes,No,45,No,No phone service,Fiber optic,Yes,No,No,No,Yes,Yes,Two year,No,Mailed check,103.51,4661.59,Yes
CUST-2539,Male,0,Yes,Yes,46,Yes,No,Fiber optic,Yes,Yes,No,No,No,No,Two year,No,Electronic check,98.35,4526.2,Yes
CUST-2540,Female,1,Yes,Yes,6,Yes,No,No,No internet service,No internet service,No internet service,No internet service,No internet service,No internet service,Month-to-month,Yes,Electronic check,32.07,195.32,Yes
CUST-2541,Female,0,Yes,Yes,50,Yes,Yes,DSL,Yes,No,Yes,Yes,No,No,One year,Yes,Credit card (automatic),100.82,5046.36,No
CUST-2542,Female,0,Yes,Yes,2,No,No phone service,Fiber optic,No,No,No,No,Yes,Yes,Two year,Yes,Mailed check,94.63,182.65,No
CUST-2543,Female,0,Yes,No,49,Yes,Yes,Fiber optic,Yes,No,No,No,No,Yes,One year,No,Mailed check,113.65,5573.02,Yes
CUST-2544,Male,0,Yes,Yes,25,No,No phone service,Fiber optic,Yes,No,No,No,No,Yes,Two year,No,Electronic check,90.99,2277.27,Yes
CUST-2545,Male,0,No,Yes,30,Yes,No,No,No internet service,No internet service,No internet service,No internet service,No internet service,No internet service,One year,No,Mailed check,29.52,882.05,No
CUST-2546,Female,0,No,Yes,61,Yes,No,Fiber optic,Yes,Yes,Yes,No,No,No,Two year,Yes,Mailed check,100.73,6138.61,No
CUST-2547,Male,0,No,Yes,25,Yes,No,DSL,No,No,No,No,No,No,Two year,No,Mailed check,63.27,1579.47,No
CUST-2548,Female,0,No,Yes,66,Yes,Yes,No,No internet service,No internet service,No internet service,No internet service,No internet service,No internet service,One year,No,Credit card (automatic),42.89,2829.03,No
CUST-2549,Male,0,Yes,Yes,54,Yes,No,Fiber optic,Yes,Yes,No,No,Yes,Yes,Month-to-month,No,Mailed check,119.26,6437.92,Yes
CUST-2550,Female,0,No,No,27,Yes,Yes,Fiber optic,No,No,Yes,Yes,Yes,Yes,Month-to-month,Yes,Credit card (automatic),133.17,3596.38,No
CUST-2551,Male,0,Yes,Yes,43,Yes,No,DSL,No,No,No,No,No,No,Two year,No,Electronic check,58.38,2516.14,No
CUST-2552,Female,0,No,Yes,37,Yes,No,DSL,Yes,No,Yes,No,No,No,Month-to-month,Yes,Credit card (automatic),73.99,2739.51,No
CUST-2553,Female,0,No,Yes,29,Yes,No,DSL,Yes,No,No,No,Yes,No,Two year,Yes,Mailed check,79.1,2288.8,No
CUST-2554,Male,0,Yes,Yes,65,Yes,Yes,Fiber optic,No,No,Yes,No,Yes,No,Month-to-month,Yes,Electronic check,115.45,7506.02,No
CUST-2555,Female,0,Yes,Yes,7,Yes,No,Fiber optic,Yes,Yes,Yes,No,Yes,Yes,Two year,Yes,Bank transfer (automatic),128.6,898.49,Yes
CUST-2556,Male,0,No,Yes,13,Yes,No,Fiber optic,Yes,Yes,No,No,Yes,No,Two year,Yes,Mailed check,109.65,1423.49,Yes
CUST-2557,Male,0,No,Yes,61,Yes,No,DSL,No,No,No,Yes,Yes,Yes,Two year,Yes,Mailed check,91.17,5558.78,No
CUST-2558,Female,0,No,Yes,62,No,No phone service,DSL,Yes,Yes,Yes,No,Yes,Yes,Month-to-month,No,Electronic check,92.82,5756.15,No
CUST-2559,Male,0,No,No,65,Yes,Yes,DSL,No,No,No,Yes,Yes,Yes,Two year,No,Bank transfer (automatic),109.14,7094.51,No
CUST-2560,Male,0,Yes,Yes,39,Yes,No,Fiber optic,Yes,No,No,Yes,No,No,One year,No,Electronic check,97.84,3812.75,No
CUST-2561,Male,1,No,No,12,Yes,Yes,DSL,Yes,No,No,No,Yes,Yes,Month-to-month,Yes,Mailed check,105.75,1270.87,Yes
CUST-2562,Male,1,No,Yes,16,Yes,No,No,No internet service,No internet service,No internet service,No internet service,No internet service,No internet service,Two year,Yes,Credit card (automatic),31.61,504.88,No
CUST-2563,Male,0,No,Yes,14,Yes,Yes,Fiber optic,Yes,Yes,No,No,No,No,Month-to-month,No,Electronic check,111.44,1558.4,Yes
CUST-2564,Female,0,No,No,32,Yes,Yes,Fiber optic,No,No,No,No,No,No,Month-to-month,Yes,Credit card (automatic),95.47,3055.77,No
CUST-2565,Male,0,No,Yes,15,Yes,No,Fiber optic,No,No,No,No,Yes,No,One year,No,Mailed check,92.7,1389.64,Yes
CUST-2566,Male,0,Yes,No,12,Yes,Yes,Fiber optic,No,Yes,No,No,No,Yes,One year,No,Electronic check,113.0,1353.65,No
CUST-2567,Male,0,Yes,No,22,Yes,No,No,No internet service,No internet service,No internet service,No internet service,No internet service,No internet service,Two year,No,Credit card (automatic),28.75,637.5,No
CUST-2568,Male,0,Yes,Yes,35,Yes,Yes,No,No internet service,No internet service,No internet service,No internet service,No internet service,No internet service,Month-to-month,Yes,Bank transfer (automatic),45.82,1608.91,No
CUST-2569,Male,1,Yes,Yes,42,Yes,No,DSL,Yes,No,No,No,No,Yes,Month-to-month,No,Electronic check,79.88,3352.23,No
CUST-2570,Female,0,Yes,Yes,49,Yes,No,Fiber optic,Yes,Yes,No,No,No,Yes,Two year,Yes,Electronic check,107.94,5290.76,No
CUST-2571,Male,0,No,No,12,No,No phone service,Fiber optic,Yes,No,No,No,Yes,No,Month-to-month,No,Mailed check,92.08,1103.15,No
CUST-2572,Female,0,Yes,No,29,Yes,No,No,No internet service,No internet service,No internet service,No internet service,No internet service,No internet service,Month-to-month,No,Electronic check,24.75,716.32,Yes
CUST-2573,Female,0,Yes,Yes,56,Yes,No,Fiber optic,Yes,No,No,Yes,Yes,No,Two year,Yes,Credit card (automatic),110.35,6176.79,No
CUST-2574,Female,0,No,Yes,29,Yes,No,DSL,No,No,No,No,Yes,No,One year,No,Electronic check,72.18,2087.96,No
CUST-2575,Female,1,Yes,Yes,70,Yes,Yes,Fiber optic,No,No,No,Yes,No,No,Month-to-month,Yes,Credit card (automatic),102.9,7203.05,No
CUST-2576,Male,0,Yes,Yes,9,Yes,No,Fiber optic,No,No,No,Yes,Yes,Yes,Two year,No,Bank transfer (automatic),112.67,1013.16,Yes
CUST-2577,Female,0,Yes,Yes,65,Yes,Yes,No,No internet service,No internet service,No internet service,No internet service,No internet service,No internet service,Two year,Yes,Credit card (automatic),44.21,2872.04,No
CUST-2578,Female,0,Yes,Yes,38,Yes,Yes,No,No internet service,No internet service,No internet service,No internet service,No internet service,No internet service,Two year,Yes,Electronic check,42.83,1633.87,No
CUST-2579,Male,0,No,Yes,36,Yes,Yes,DSL,No,No,Yes,No,No,No,Month-to-month,No,Electronic check,84.3,3036.54,No
CUST-2580,Male,0,No,Yes,2,Yes,Yes,No,No internet service,No internet service,No internet service,No internet service,No internet service,No internet service,Month-to-month,No,Bank transfer (automatic),48.3,98.33,No
CUST-2581,Male,0,Yes,No,33,Yes,No,No,No internet service,No internet service,No internet service,No internet service,No internet service,No internet service,Month-to-month,Yes,Credit card (automatic),32.2,1071.06,Yes
CUST-2582,Female,0,No,No,37,Yes,No,No,No internet service,No internet service,No internet service,No internet service,No internet service,No internet service,Month-to-month,Yes,Electronic check,32.15,1191.93,Yes
CUST-2583,Male,0,Yes,No,13,Yes,No,No,No internet service,No internet service,No internet service,No internet service,No internet service,No internet service,Month-to-month,Yes,Credit card (automatic),26.91,360.07,No
CUST-2584,Male,0,No,No,63,Yes,Yes,Fiber optic,No,No,Yes,No,Yes,Yes,Two year,No,Electronic check,128.64,8102.62,No
CUST-2585,Female,0,No,Yes,38,Yes,Yes,DSL,Yes,No,No,Yes,No,Yes,Month-to-month,Yes,Mailed check,102.04,3877.66,Yes
CUST-2586,Male,0,No,Yes,53,Yes,Yes,No,No internet service,No internet service,No internet service,No internet service,No internet service,No internet service,One year,No,Electronic check,43.81,2327.13,No
CUST-2587,Male,0,No,Yes,1,Yes,Yes,Fiber optic,No,Yes,Yes,No,Yes,No,Two year,No,Electronic check,122.9,122.9,No
CUST-2588,Male,0,No,No,42,Yes,Yes,DSL,No,Yes,No,No,No,No,Month-to-month,No,Bank transfer (automatic),85.78,3603.82,Yes
CUST-2589,Male,0,No,No,52,Yes,No,Fiber optic,No,No,No,No,Yes,Yes,Month-to-month,No,Electronic check,102.19,5326.74,Yes
CUST-2590,Female,0,No,No,2,No,No phone service,Fiber optic,No,Yes,Yes,No,Yes,Yes,One year,Yes,Mailed check,109.26,213.75,No
CUST-2591,Male,0,No,No,40,Yes,No,Fiber optic,Yes,Yes,Yes,No,No,Yes,Month-to-month,No,Electronic check,113.22,4535.98,No
CUST-2592,Male,0,No,Yes,7,Yes,Yes,No,No internet service,No internet service,No internet service,No internet service,No internet service,No internet service,One year,No,Credit card (automatic),41.37,289.04,Yes
CUST-2593,Female,0,No,Yes,62,Yes,Yes,Fiber optic,No,No,No,No,No,No,Month-to-month,No,Credit card (automatic),94.27,5858.75,No
CUST-2594,Male,0,No,Yes,64,Yes,Yes,DSL,No,No,No,No,Yes,Yes,Month-to-month,No,Bank transfer (automatic),101.2,6473.07,Yes
CUST-2595,Female,0,Yes,Yes,3,Yes,Yes,DSL,No,No,Yes,Yes,No,Yes,Two year,Yes,Bank transfer (automatic),105.39,312.63,No
CUST-2596,Male,0,No,Yes,67,Yes,Yes,Fiber optic,No,No,Yes,No,Yes,No,Month-to-month,Yes,Mailed check,115.41,7727.88,Yes
CUST-2597,Female,0,Yes,Yes,9,Yes,No,DSL,No,No,No,No,No,No,One year,Yes,Mailed check,60.09,541.76,Yes
CUST-2598,Female,0,No,Yes,49,Yes,Yes,Fiber optic,No,No,Yes,No,No,No,Two year,No,Mailed check,101.72,4982.29,Yes
CUST-2599,Female,0,Yes,Yes,22,No,No phone service,DSL,Yes,Yes,No,No,Yes,No,Month-to-month,Yes,Bank transfer (automatic),74.72,1640.96,No
CUST-2600,Female,0,Yes,Yes,60,Yes,Yes,No,No internet service,No internet service,No internet service,No internet service,No internet service,No internet service,One year,Yes,Mailed check,42.2,2533.74,Yes
CUST-2601,Male,0,Yes,Yes,46,Yes,No,Fiber optic,No,Yes,No,No,Yes,No,One year,Yes,Electronic check,102.58,4721.95,Yes
CUST-2602,Female,0,No,Yes,2,Yes,No,Fiber optic,Yes,Yes,No,No,Yes,Yes,One year,No,Electronic check,117.25,224.26,Yes
CUST-2603,Male,0,No,Yes,16,Yes,Yes,DSL,No,No,Yes,Yes,No,Yes,Month-to-month,Yes,Bank transfer (automatic),99.49,1596.34,No
CUST-2604,Female,0,No,Yes,21,Yes,Yes,DSL,No,Yes,Yes,No,Yes,Yes,Month-to-month,Yes,Mailed check,113.37,2374.71,No
CUST-2605,Female,0,No,No,15,Yes,No,Fiber optic,Yes,Yes,No,No,Yes,Yes,Month-to-month,Yes,Credit card (automatic),116.04,1739.08,Yes
CUST-2606,Female,0,Yes,Yes,2,Yes,No,Fiber optic,No,Yes,Yes,No,Yes,No,Month-to-month,No,Mailed check,110.07,218.33,Yes
CUST-2607,Male,0,No,Yes,51,Yes,Yes,DSL,No,Yes,No,Yes,No,No,Month-to-month,No,Electronic check,90.83,4634.27,Yes
CUST-2608,Female,0,No,No,32,Yes,No,DSL,No,Yes,No,Yes,No,No,Two year,No,Electronic check,75.06,2398.01,No
CUST-2609,Male,0,No,No,41,Yes,No,No,No internet service,No internet service,No internet service,No internet service,No internet service,No internet service,One year,Yes,Bank transfer (automatic),30.77,1265.48,No
CUST-2610,Male,1,No,No,1,Yes,Yes,Fiber optic,No,No,No,No,No,No,Month-to-month,Yes,Mailed check,96.49,96.49,Yes
CUST-2611,Male,1,No,Yes,38,Yes,Yes,DSL,No,No,Yes,No,No,Yes,Two year,Yes,Bank transfer (automatic),95.1,3619.05,No
CUST-2612,Male,1,No,Yes,45,Yes,Yes,DSL,No,No,No,Yes,Yes,No,One year,Yes,Electronic check,94.98,4273.34,Yes
CUST-2613,Male,0,No,Yes,47,Yes,No,No,No internet service,No internet service,No internet service,No internet service,No internet service,No internet service,Month-to-month,No,Credit card (automatic),27.36,1286.81,Yes
CUST-2614,Male,0,No,Yes,26,No,No phone service,No,No internet service,No internet service,No internet service,No internet service,No internet service,No internet service,Month-to-month,No,Credit card (automatic),18.63,489.51,Yes
CUST-2615,Male,0,Yes,No,14,Yes,No,Fiber optic,No,No,Yes,Yes,No,No,Two year,No,Electronic check,97.35,1362.02,Yes
CUST-2616,Male,0,Yes,Yes,6,Yes,No,DSL,No,Yes,No,Yes,No,Yes,One year,No,Bank transfer (automatic),87.92,538.46,No
CUST-2617,Male,0,No,Yes,56,No,No phone service,Fiber optic,No,No,No,Yes,No,No,Month-to-month,Yes,Electronic check,80.46,4504.8,Yes
CUST-2618,Female,0,No,Yes,41,Yes,No,Fiber optic,Yes,Yes,Yes,No,Yes,Yes,Two year,Yes,Electronic check,129.75,5320.85,No
CUST-2619,Female,0,No,Yes,8,Yes,No,Fiber optic,Yes,Yes,No,No,Yes,Yes,One year,No,Electronic check,115.98,935.91,Yes
CUST-2620,Female,0,No,Yes,5,Yes,Yes,DSL,No,No,Yes,No,Yes,Yes,Month-to-month,No,Mailed check,107.88,541.91,Yes
CUST-2621,Female,0,Yes,No,56,Yes,No,DSL,No,Yes,No,No,Yes,Yes,Two year,No,Credit card (automatic),91.95,5153.68,No
CUST-2622,Female,1,Yes,No,29,Yes,Yes,No,No internet service,No internet service,No internet service,No internet service,No internet service,No internet service,Month-to-month,Yes,Credit card (automatic),41.18,1192.43,Yes
CUST-2623,Male,0,No,No,54,Yes,No,Fiber optic,No,No,Yes,No,No,Yes,One year,No,Electronic check,95.84,5165.18,No
CUST-2624,Male,0,Yes,Yes,53,Yes,Yes,No,No internet service,No internet service,No internet service,No internet service,No internet service,No internet service,Month-to-month,Yes,Mailed check,43.54,2304.66,No
CUST-2625,Male,1,Yes,Yes,26,Yes,Yes,Fiber optic,No,No,No,Yes,Yes,No,Month-to-month,Yes,Electronic check,114.17,2968.24,Yes
CUST-2626,Male,0,No,Yes,58,Yes,No,No,No internet service,No internet service,No internet service,No internet service,No internet service,No internet service,Two year,Yes,Mailed check,31.5,1823.29,No
CUST-2627,Male,0,No,Yes,6,Yes,No,No,No internet service,No internet service,No internet service,No internet service,No internet service,No internet service,Month-to-month,Yes,Mailed check,27.78,166.98,Yes
CUST-2628,Male,0,No,No,39,Yes,Yes,DSL,Yes,No,No,No,Yes,Yes,One year,Yes,Credit card (automatic),110.34,4295.78,No
CUST-2629,Male,0,Yes,Yes,71,No,No phone service,Fiber optic,No,No,No,Yes,No,Yes,One year,Yes,Credit card (automatic),91.3,6482.72,No
CUST-2630,Female,1,Yes,No,1,Yes,Yes,No,No internet service,No internet service,No internet service,No internet service,No internet service,No internet service,Month-to-month,Yes,Electronic check,44.67,44.67,No
CUST-2631,Female,0,No,Yes,13,Yes,Yes,No,No internet service,No internet service,No internet service,No internet service,No internet service,No internet service,Month-to-month,Yes,Bank transfer (automatic),45.73,586.32,No
CUST-2632,Female,0,No,Yes,9,Yes,No,No,No internet service,No internet service,No internet service,No internet service,No internet service,No internet service,Month-to-month,Yes,Mailed check,33.75,304.35,No
CUST-2633,Female,0,Yes,Yes,49,Yes,Yes,Fiber optic,Yes,Yes,No,No,Yes,No,Two year,Yes,Mailed check,122.52,6003.61,No
CUST-2634,Male,0,Yes,Yes,17,Yes,Yes,Fiber optic,Yes,No,No,No,No,Yes,One year,No,Electronic check,114.57,1946.09,Yes
CUST-2635,Male,1,No,No,17,Yes,No,Fiber optic,Yes,Yes,Yes,No,Yes,Yes,One year,Yes,Electronic check,128.98,2187.99,Yes
CUST-2636,Male,0,Yes,Yes,15,Yes,Yes,Fiber optic,No,Yes,Yes,Yes,Yes,Yes,Month-to-month,No,Credit card (automatic),140.63,2104.28,Yes
CUST-2637,Female,0,No,No,51,Yes,Yes,No,No internet service,No internet service,No internet service,No internet service,No internet service,No internet service,Month-to-month,Yes,Electronic check,44.89,2296.81,No
CUST-2638,Male,0,No,No,68,Yes,No,No,No internet service,No internet service,No internet service,No internet service,No internet service,No internet service,Two year,Yes,Credit card (automatic),28.64,1951.0,No
CUST-2639,Male,0,Yes,Yes,51,Yes,Yes,DSL,No,No,No,No,Yes,No,Two year,No,Electronic check,88.67,4519.3,No
CUST-2640,Male,1,Yes,No,30,Yes,Yes,Fiber optic,Yes,No,No,No,Yes,Yes,Two year,No,Mailed check,126.84,3802.46,Yes
CUST-2641,Female,0,Yes,Yes,22,Yes,No,Fiber optic,No,Yes,No,Yes,Yes,Yes,Two year,No,Bank transfer (automatic),121.62,2670.41,No
CUST-2642,Male,0,No,Yes,41,Yes,No,Fiber optic,No,No,Yes,No,Yes,No,One year,Yes,Electronic check,99.47,4077.55,Yes
CUST-2643,Female,0,No,No,61,Yes,Yes,No,No internet service,No internet service,No internet service,No internet service,No internet service,No internet service,Month-to-month,No,Credit card (automatic),42.04,2570.64,No
CUST-2644,Female,0,No,No,49,No,No phone service,Fiber optic,Yes,No,No,Yes,No,No,Month-to-month,No,Bank transfer (automatic),89.1,4368.31,Yes
CUST-2645,Female,0,No,Yes,14,No,No phone service,Fiber optic,No,Yes,No,Yes,Yes,No,Two year,Yes,Electronic check,96.19,1351.14,No
CUST-2646,Female,1,No,Yes,43,Yes,Yes,Fiber optic,No,No,Yes,No,No,Yes,Two year,No,Bank transfer (automatic),115.12,4944.25,No
CUST-2647,Male,0,No,Yes,41,Yes,Yes,Fiber optic,No,No,Yes,Yes,No,Yes,Month-to-month,Yes,Credit card (automatic),123.57,5063.46,No
CUST-2648,Female,1,Yes,Yes,44,Yes,No,Fiber optic,Yes,No,No,Yes,Yes,Yes,One year,No,Electronic check,121.68,5355.38,No
CUST-2649,Female,0,No,Yes,34,Yes,No,DSL,No,No,No,No,No,Yes,Two year,Yes,Credit card (automatic),74.94,2536.79,No
CUST-2650,Male,0,No,No,21,Yes,No,DSL,No,No,Yes,No,No,Yes,One year,No,Credit card (automatic),79.31,1662.29,Yes
CUST-2651,Male,0,No,Yes,37,No,No phone service,Fiber optic,No,Yes,Yes,No,Yes,No,Two year,Yes,Electronic check,96.1,3551.44,No
CUST-2652,Female,0,No,Yes,69,No,No phone service,Fiber optic,No,No,Yes,No,No,Yes,One year,Yes,Electronic check,85.35,5895.76,No
CUST-2653,Male,1,Yes,Yes,63,Yes,Yes,Fiber optic,No,Yes,No,No,Yes,No,One year,Yes,Bank transfer (automatic),114.61,7224.75,No
CUST-2654,Female,0,No,Yes,6,Yes,No,No,No internet service,No internet service,No internet service,No internet service,No internet service,No internet service,Month-to-month,No,Credit card (automatic),25.25,153.91,Yes
CUST-2655,Female,0,Yes,Yes,43,Yes,Yes,No,No internet service,No internet service,No internet service,No internet service,No internet service,No internet service,Month-to-month,Yes,Bank transfer (automatic),42.84,1841.89,Yes
CUST-2656,Female,0,Yes,Yes,6,Yes,No,No,No internet service,No internet service,No internet service,No internet service,No internet service,No internet service,Month-to-month,Yes,Mailed check,29.74,181.2,Yes
CUST-2657,Female,0,No,No,65,Yes,No,Fiber optic,Yes,No,No,No,Yes,No,Month-to-month,No,Electronic check,102.85,6683.94,Yes
CUST-2658,Male,0,No,Yes,59,Yes,Yes,DSL,Yes,Yes,Yes,Yes,Yes,Yes,Month-to-month,Yes,Credit card (automatic),130.54,7706.58,Yes
CUST-2659,Female,0,Yes,Yes,0,Yes,No,Fiber optic,No,Yes,No,Yes,Yes,Yes,Month-to-month,Yes,Electronic check,121.47, ,Yes
CUST-2660,Male,0,Yes,No,61,Yes,Yes,Fiber optic,No,Yes,No,Yes,No,Yes,Month-to-month,Yes,Electronic check,123.0,7498.48,Yes
CUST-2661,Male,0,No,Yes,17,Yes,No,No,No internet service,No internet service,No internet service,No internet service,No internet service,No internet service,Month-to-month,Yes,Mailed check,29.87,502.47,No
CUST-2662,Male,0,Yes,Yes,6,Yes,No,Fiber optic,No,Yes,No,No,No,Yes,Month-to-month,Yes,Mailed check,101.89,610.99,Yes
CUST-2663,Male,0,No,Yes,53,Yes,Yes,Fiber optic,No,Yes,No,No,Yes,Yes,Month-to-month,Yes,Electronic check,127.48,6757.72,Yes
CUST-2664,Female,0,No,Yes,66,Yes,Yes,Fiber optic,Yes,No,Yes,No,No,Yes,Month-to-month,Yes,Electronic check,122.02,8059.26,Yes
CUST-2665,Male,0,Yes,Yes,9,Yes,No,Fiber optic,No,No,No,Yes,No,Yes,Month-to-month,Yes,Electronic check,102.39,917.4,Yes
CUST-2666,Female,1,No,Yes,60,Yes,No,No,No internet service,No internet service,No internet service,No internet service,No internet service,No internet service,One year,Yes,Electronic check,28.8,1727.79,No
CUST-2667,Male,0,No,No,58,Yes,Yes,No,No internet service,No internet service,No internet service,No internet service,No internet service,No internet service,Month-to-month,Yes,Credit card (automatic),42.83,2484.76,Yes
CUST-2668,Male,0,No,No,58,Yes,No,No,No internet service,No internet service,No internet service,No internet service,No internet service,No internet service,Month-to-month,No,Electronic check,27.55,1594.57,No
CUST-2669,Female,0,Yes,Yes,68,Yes,Yes,Fiber optic,No,No,No,Yes,No,No,Month-to-month,Yes,Credit card (automatic),102.14,6948.36,Yes
CUST-2670,Female,0,Yes,Yes,62,Yes,No,Fiber optic,No,No,Yes,Yes,No,No,Month-to-month,Yes,Bank transfer (automatic),96.08,5951.9,Yes
CUST-2671,Female,0,Yes,Yes,7,Yes,Yes,DSL,Yes,No,Yes,No,No,No,Month-to-month,No,Bank transfer (automatic),91.55,640.23,Yes
CUST-2672,Male,0,No,Yes,54,Yes,No,DSL,Yes,No,No,No,No,No,Month-to-month,Yes,Bank transfer (automatic),67.48,3645.88,Yes
CUST-2673,Male,0,Yes,Yes,5,Yes,Yes,DSL,No,Yes,No,No,Yes,Yes,One year,Yes,Mailed check,106.25,533.22,No
CUST-2674,Female,0,Yes,Yes,0,No,No phone service,No,No internet service,No internet service,No internet service,No internet service,No internet service,No internet service,Month-to-month,Yes,Mailed check,20.53, ,Yes
CUST-2675,Female,0,Yes,Yes,55,Yes,Yes,DSL,Yes,Yes,Yes,No,Yes,No,One year,Yes,Credit card (automatic),113.0,6216.14,No
CUST-2676,Female,0,No,No,9,Yes,No,DSL,No,No,Yes,Yes,Yes,No,Two year,No,Bank transfer (automatic),81.54,727.94,No
CUST-2677,Female,1,No,Yes,22,Yes,Yes,Fiber optic,No,Yes,Yes,No,No,Yes,Month-to-month,No,Electronic check,119.04,2624.2,Yes
CUST-2678,Male,0,Yes,No,15,Yes,No,Fiber optic,No,No,Yes,No,No,Yes,Month-to-month,No,Electronic check,101.82,1527.08,No
CUST-2679,Female,0,Yes,No,15,No,No phone service,No,No internet service,No internet service,No internet service,No internet service,No internet service,No internet service,Month-to-month,Yes,Electronic check,19.12,279.13,Yes
CUST-2680,Female,1,Yes,Yes,55,Yes,No,DSL,Yes,No,No,No,No,Yes,Month-to-month,Yes,Electronic check,81.59,4481.67,Yes
CUST-2681,Female,0,No,No,5,Yes,No,No,No internet service,No internet service,No internet service,No internet service,No internet service,No internet service,Month-to-month,Yes,Credit card (automatic),27.21,129.08,No
CUST-2682,Female,0,Yes,No,29,No,No phone service,DSL,No,Yes,Yes,No,No,Yes,Month-to-month,No,Mailed check,77.87,2252.72,No
CUST-2683,Male,0,No,Yes,62,Yes,Yes,No,No internet service,No internet service,No internet service,No internet service,No internet service,No internet service,One year,No,Electronic check,42.32,2622.67,No
CUST-2684,Female,1,No,Yes,0,Yes,No,Fiber optic,Yes,No,No,Yes,No,No,Two year,Yes,Bank transfer (automatic),96.64, ,No
CUST-2685,Male,0,No,Yes,50,Yes,Yes,Fiber optic,No,Yes,No,No,No,Yes,One year,Yes,Mailed check,114.25,5700.67,Yes
CUST-2686,Female,1,Yes,No,45,Yes,Yes,Fiber optic,No,Yes,No,Yes,Yes,No,Month-to-month,Yes,Electronic check,119.91,5400.03,No
CUST-2687,Female,0,Yes,Yes,20,Yes,No,Fiber optic,No,No,No,Yes,No,Yes,Month-to-month,Yes,Electronic check,101.08,2027.89,Yes
CUST-2688,Male,0,No,Yes,37,Yes,No,Fiber optic,No,No,No,No,No,Yes,Two year,Yes,Electronic check,93.0,3446.34,Yes
CUST-2689,Female,1,No,Yes,68,No,No phone service,DSL,No,Yes,Yes,Yes,Yes,Yes,One year,No,Mailed check,97.33,6612.04,No
CUST-2690,Male,0,No,Yes,62,Yes,No,DSL,No,No,No,No,Yes,No,Month-to-month,No,Bank transfer (automatic),70.85,4395.76,Yes
CUST-2691,Male,0,No,Yes,49,Yes,No,No,No internet service,No internet service,No internet service,No internet service,No internet service,No internet service,One year,Yes,Credit card (automatic),31.8,1563.4,No
CUST-2692,Female,0,Yes,No,11,Yes,No,Fiber optic,Yes,No,Yes,Yes,No,No,One year,No,Mailed check,104.63,1161.03,No
CUST-2693,Male,0,Yes,Yes,68,Yes,Yes,No,No internet service,No internet service,No internet service,No internet service,No internet service,No internet service,Month-to-month,No,Bank transfer (automatic),44.88,3045.29,No
CUST-2694,Male,1,No,No,72,Yes,Yes,Fiber optic,Yes,Yes,Yes,Yes,No,Yes,Two year,No,Electronic check,136.5,9831.59,No
CUST-2695,Male,0,No,No,43,Yes,No,Fiber optic,Yes,No,No,No,Yes,Yes,Two year,No,Electronic check,115.89,4981.64,Yes
CUST-2696,Male,0,No,Yes,51,Yes,Yes,DSL,No,No,No,Yes,Yes,No,Month-to-month,No,Mailed check,94.82,4838.18,Yes
CUST-2697,Male,0,Yes,Yes,8,Yes,No,No,No internet service,No internet service,No internet service,No internet service,No internet service,No internet service,Two year,Yes,Credit card (automatic),33.31,263.84,Yes
CUST-2698,Male,0,No,No,64,Yes,Yes,Fiber optic,No,Yes,No,No,Yes,Yes,Two year,Yes,Mailed check,125.81,8053.62,No
CUST-2699,Male,0,Yes,No,9,No,No phone service,DSL,No,Yes,No,No,No,Yes,Two year,Yes,Electronic check,69.16,632.44,No
CUST-2700,Male,0,No,Yes,45,No,No phone service,Fiber optic,Yes,No,No,No,No,Yes,Month-to-month,Yes,Credit card (automatic),88.9,3996.39,Yes
CUST-2701,Female,0,Yes,Yes,57,Yes,Yes,DSL,Yes,No,Yes,Yes,No,No,Month-to-month,No,Mailed check,99.3,5653.6,No
CUST-2702,Female,1,Yes,Yes,36,No,No phone service,No,No internet service,No internet service,No internet service,No internet service,No internet service,No internet service,One year,No,Electronic check,19.93,714.16,No
CUST-2703,Male,0,No,No,51,Yes,No,DSL,No,No,No,Yes,No,No,One year,Yes,Mailed check,69.32,3538.19,No
CUST-2704,Female,0,Yes,No,12,Yes,Yes,DSL,Yes,Yes,Yes,Yes,No,No,Month-to-month,No,Bank transfer (automatic),106.52,1280.93,No
CUST-2705,Male,1,Yes,Yes,5,Yes,Yes,DSL,Yes,Yes,No,No,No,Yes,Month-to-month,Yes,Credit card (automatic),103.7,509.05,No
CUST-2706,Male,0,Yes,No,57,Yes,Yes,DSL,Yes,Yes,No,No,No,No,One year,Yes,Credit card (automatic),92.03,5244.64,No
CUST-2707,Female,0,Yes,Yes,47,Yes,No,Fiber optic,Yes,No,No,Yes,No,Yes,Month-to-month,Yes,Electronic check,105.07,4941.12,No
CUST-2708,Male,0,No,No,31,Yes,No,Fiber optic,No,Yes,Yes,No,No,No,Month-to-month,Yes,Mailed check,93.76,2908.04,Yes
CUST-2709,Male,1,No,Yes,10,Yes,No,No,No internet service,No internet service,No internet service,No internet service,No internet service,No internet service,Month-to-month,Yes,Mailed check,27.48,276.17,Yes
CUST-2710,Male,0,No,Yes,4,Yes,No,Fiber optic,No,No,Yes,No,No,No,Two year,No,Mailed check,89.32,364.06,Yes
CUST-2711,Male,1,No,Yes,5,Yes,Yes,Fiber optic,Yes,Yes,No,No,No,No,Month-to-month,Yes,Electronic check,113.23,565.01,Yes
CUST-2712,Female,0,No,Yes,20,Yes,No,Fiber optic,No,No,Yes,No,Yes,No,Month-to-month,No,Mailed check,99.01,1982.11,Yes
CUST-2713,Male,0,Yes,Yes,41,Yes,Yes,No,No internet service,No internet service,No internet service,No internet service,No internet service,No internet service,Month-to-month,No,Mailed check,46.1,1885.09,Yes
CUST-2714,Male,0,Yes,Yes,26,Yes,No,Fiber optic,Yes,Yes,Yes,Yes,No,No,Month-to-month,Yes,Electronic check,111.03,2894.17,No
CUST-2715,Male,0,Yes,Yes,2,Yes,No,DSL,Yes,Yes,No,Yes,Yes,No,Month-to-month,No,Mailed check,97.3,188.52,Yes
CUST-2716,Female,0,Yes,Yes,59,Yes,Yes,Fiber optic,No,No,No,Yes,No,Yes,One year,Yes,Electronic check,120.84,7126.72,No
CUST-2717,Male,0,No,Yes,65,Yes,No,DSL,Yes,Yes,No,No,Yes,No,Month-to-month,Yes,Electronic check,91.11,5922.27,Yes
CUST-2718,Female,0,No,No,48,Yes,Yes,DSL,No,Yes,No,No,No,No,One year,No,Credit card (automatic),85.69,4110.96,No
CUST-2719,Female,0,Yes,No,33,Yes,No,No,No internet service,No internet service,No internet service,No internet service,No internet service,No internet service,Month-to-month,No,Bank transfer (automatic),33.58,1110.52,Yes
CUST-2720,Male,0,No,Yes,36,Yes,No,No,No internet service,No internet service,No internet service,No internet service,No internet service,No internet service,Month-to-month,No,Mailed check,31.04,1110.25,No
CUST-2721,Male,0,Yes,Yes,41,No,No phone service,Fiber optic,Yes,No,No,Yes,Yes,Yes,Two year,Yes,Electronic check,112.25,4593.23,No
CUST-2722,Female,0,Yes,Yes,64,Yes,No,No,No internet service,No internet service,No internet service,No internet service,No internet service,No internet service,Month-to-month,Yes,Electronic check,28.97,1849.43,Yes
CUST-2723,Male,0,No,No,59,Yes,No,DSL,No,No,No,No,Yes,Yes,Two year,No,Electronic check,85.45,5047.26,No
CUST-2724,Female,0,No,No,0,No,No phone service,Fiber optic,Yes,No,No,No,Yes,No,Month-to-month,No,Electronic check,88.12, ,Yes
CUST-2725,Female,0,No,Yes,58,No,No phone service,Fiber optic,No,Yes,No,No,Yes,No,Month-to-month,Yes,Bank transfer (automatic),93.07,5388.49,Yes
CUST-2726,Male,0,No,No,3,Yes,Yes,Fiber optic,Yes,No,No,No,Yes,No,Two year,Yes,Electronic check,113.19,342.0,No
CUST-2727,Male,0,No,No,13,Yes,No,DSL,No,No,No,No,Yes,No,Month-to-month,Yes,Electronic check,71.82,938.46,Yes
CUST-2728,Female,1,No,No,17,Yes,Yes,Fiber optic,No,No,No,Yes,Yes,No,One year,No,Electronic check,114.22,1942.56,Yes
CUST-2729,Female,0,No,Yes,33,Yes,No,No,No internet service,No internet service,No internet service,No internet service,No internet service,No internet service,Month-to-month,Yes,Electronic check,30.16,990.5,Yes
CUST-2730,Female,0,Yes,Yes,0,Yes,Yes,Fiber optic,Yes,No,Yes,No,No,Yes,Month-to-month,Yes,Mailed check,124.0, ,Yes
CUST-2731,Female,0,No,Yes,52,Yes,No,DSL,No,Yes,Yes,No,No,No,Month-to-month,No,Bank transfer (automatic),72.69,3776.16,No
CUST-2732,Male,0,Yes,Yes,21,Yes,Yes,DSL,No,Yes,No,No,Yes,Yes,One year,No,Credit card (automatic),106.99,2252.09,No
CUST-2733,Male,0,Yes,Yes,60,Yes,Yes,Fiber optic,No,No,Yes,No,No,No,One year,No,Electronic check,105.64,6338.06,No
CUST-2734,Male,0,No,Yes,21,Yes,Yes,DSL,Yes,No,No,Yes,No,Yes,Two year,Yes,Bank transfer (automatic),102.93,2162.18,No
CUST-2735,Male,0,Yes,Yes,49,Yes,Yes,No,No internet service,No internet service,No internet service,No internet service,No internet service,No internet service,Two year,Yes,Electronic check,46.53,2279.4,No
CUST-2736,Male,0,No,Yes,15,Yes,No,Fiber optic,Yes,Yes,Yes,Yes,No,Yes,Month-to-month,No,Mailed check,120.19,1803.66,Yes
CUST-2737,Female,0,Yes,Yes,27,Yes,Yes,Fiber optic,Yes,Yes,Yes,Yes,No,Yes,One year,Yes,Mailed check,137.1,3702.35,Yes
CUST-2738,Male,0,Yes,Yes,69,Yes,Yes,No,No internet service,No internet service,No internet service,No internet service,No internet service,No internet service,Month-to-month,Yes,Electronic check,48.33,3339.45,No
CUST-2739,Male,0,Yes,No,41,Yes,No,DSL,Yes,Yes,No,Yes,No,No,Month-to-month,Yes,Mailed check,82.47,3378.5,No
CUST-2740,Male,0,No,No,65,Yes,Yes,Fiber optic,No,Yes,Yes,No,No,Yes,Month-to-month,Yes,Mailed check,122.03,7927.08,Yes
CUST-2741,Male,1,Yes,Yes,70,No,No phone service,DSL,Yes,No,Yes,No,Yes,Yes,Two year,Yes,Mailed check,89.51,6265.64,No
CUST-2742,Male,0,Yes,Yes,34,Yes,Yes,DSL,No,No,No,No,Yes,No,Month-to-month,No,Mailed check,86.25,2931.93,Yes
CUST-2743,Female,0,Yes,Yes,19,Yes,Yes,DSL,Yes,Yes,Yes,Yes,No,No,One year,No,Electronic check,100.96,1918.3,No
CUST-2744,Female,1,No,Yes,1,Yes,Yes,No,No internet service,No internet service,No internet service,No internet service,No internet service,No internet service,Month-to-month,Yes,Credit card (automatic),46.5,56.23,Yes
CUST-2745,Female,0,Yes,No,6,Yes,Yes,Fiber optic,No,Yes,Yes,No,Yes,Yes,One year,No,Mailed check,135.84,811.65,No
CUST-2746,Male,0,No,Yes,48,Yes,Yes,DSL,No,No,No,Yes,Yes,Yes,Two year,No,Electronic check,108.73,5223.16,Yes
CUST-2747,Female,0,Yes,Yes,8,Yes,No,Fiber optic,Yes,Yes,Yes,No,Yes,No,Month-to-month,Yes,Credit card (automatic),116.56,930.7,Yes
CUST-2748,Female,1,Yes,No,26,Yes,No,DSL,No,No,No,Yes,No,No,Month-to-month,Yes,Mailed check,66.74,1738.59,No
CUST-2749,Male,0,Yes,Yes,1,Yes,No,DSL,No,Yes,No,No,No,No,Month-to-month,Yes,Credit card (automatic),68.79,69.5,Yes
CUST-2750,Male,0,No,Yes,67,Yes,No,No,No internet service,No internet service,No internet service,No internet service,No internet service,No internet service,Month-to-month,Yes,Electronic check,28.75,1928.52,Yes
CUST-2751,Male,0,Yes,Yes,59,Yes,No,DSL,No,No,No,No,Yes,No,Month-to-month,Yes,Electronic check,72.85,4301.15,Yes
CUST-2752,Female,1,Yes,Yes,48,Yes,Yes,No,No internet service,No internet service,No internet service,No internet service,No internet service,No internet service,One year,Yes,Bank transfer (automatic),47.28,2266.14,Yes
CUST-2753,Female,0,Yes,Yes,1,Yes,No,Fiber optic,No,No,No,Yes,No,Yes,Month-to-month,Yes,Credit card (automatic),101.98,101.98,Yes
CUST-2754,Male,0,Yes,Yes,16,Yes,Yes,DSL,No,No,Yes,Yes,No,No,Month-to-month,No,Electronic check,90.49,1452.34,Yes
CUST-2755,Male,1,No,Yes,19,Yes,Yes,DSL,No,No,Yes,No,No,Yes,Month-to-month,No,Bank transfer (automatic),92.37,1742.97,No
CUST-2756,Female,0,Yes,No,31,Yes,Yes,Fiber optic,No,No,No,No,Yes,No,Month-to-month,No,Electronic check,107.62,3332.88,Yes
CUST-2757,Female,0,Yes,Yes,50,Yes,No,Fiber optic,Yes,No,Yes,No,Yes,Yes,Month-to-month,Yes,Bank transfer (automatic),120.16,6002.9,No
CUST-2758,Male,0,Yes,No,41,Yes,No,Fiber optic,No,No,Yes,Yes,No,Yes,One year,Yes,Mailed check,106.69,4378.68,No
CUST-2759,Male,0,Yes,Yes,62,Yes,No,No,No internet service,No internet service,No internet service,No internet service,No internet service,No internet service,Two year,No,Bank transfer (automatic),32.19,2003.96,No
CUST-2760,Female,1,No,Yes,60,Yes,No,No,No internet service,No internet service,No internet service,No internet service,No internet service,No internet service,One year,Yes,Mailed check,30.41,1824.99,No
CUST-2761,Male,0,Yes,Yes,61,No,No phone service,Fiber optic,No,Yes,Yes,No,No,No,Month-to-month,No,Credit card (automatic),87.47,5333.46,Yes
CUST-2762,Female,0,Yes,Yes,2,Yes,Yes,No,No internet service,No internet service,No internet service,No internet service,No internet service,No internet service,One year,Yes,Electronic check,40.12,76.46,No
CUST-2763,Female,0,No,Yes,25,Yes,No,DSL,Yes,No,Yes,No,No,Yes,One year,Yes,Electronic check,83.43,2087.52,No
CUST-2764,Female,0,Yes,Yes,47,Yes,Yes,DSL,No,No,No,No,No,No,Two year,Yes,Credit card (automatic),76.3,3579.06,No
CUST-2765,Female,1,Yes,No,7,Yes,No,No,No internet service,No internet service,No internet service,No internet service,No internet service,No internet service,Two year,Yes,Electronic check,31.34,210.74,No
CUST-2766,Male,0,Yes,Yes,4,Yes,No,Fiber optic,Yes,Yes,No,No,Yes,Yes,Month-to-month,No,Mailed check,118.17,468.36,Yes
CUST-2767,Male,0,No,Yes,10,Yes,Yes,Fiber optic,No,No,No,No,No,Yes,Month-to-month,No,Mailed check,109.29,1090.57,Yes
CUST-2768,Female,0,Yes,No,41,Yes,No,Fiber optic,No,Yes,No,No,No,No,Month-to-month,Yes,Electronic check,90.38,3694.71,Yes
CUST-2769,Female,1,No,Yes,40,No,No phone service,Fiber optic,Yes,No,No,No,Yes,No,Month-to-month,No,Electronic check,89.81,3600.78,No
CUST-2770,Female,0,No,Yes,18,Yes,Yes,DSL,No,Yes,Yes,Yes,Yes,No,Month-to-month,Yes,Electronic check,112.77,2026.55,No
CUST-2771,Female,0,No,No,47,Yes,Yes,Fiber optic,No,No,No,No,Yes,No,Two year,Yes,Credit card (automatic),108.51,5095.17,No
CUST-2772,Female,0,No,Yes,52,Yes,No,No,No internet service,No internet service,No internet service,No internet service,No internet service,No internet service,One year,No,Mailed check,32.33,1684.78,No
CUST-2773,Male,0,No,Yes,54,Yes,Yes,DSL,No,Yes,No,No,Yes,No,One year,No,Mailed check,95.37,5142.86,No
CUST-2774,Male,0,No,Yes,60,Yes,Yes,Fiber optic,Yes,Yes,No,No,No,Yes,Month-to-month,Yes,Bank transfer (automatic),123.95,7434.94,No
CUST-2775,Male,0,No,Yes,31,Yes,Yes,Fiber optic,No,Yes,Yes,Yes,Yes,No,Two year,Yes,Mailed check,132.13,4097.1,No
CUST-2776,Male,0,Yes,Yes,45,Yes,No,DSL,No,Yes,Yes,Yes,Yes,Yes,Month-to-month,Yes,Mailed check,106.52,4788.54,Yes
CUST-2777,Female,0,Yes,Yes,35,No,No phone service,DSL,Yes,No,No,Yes,No,No,One year,No,Bank transfer (automatic),63.39,2217.95,No
CUST-2778,Female,0,No,No,17,Yes,Yes,DSL,Yes,No,No,No,No,Yes,Month-to-month,Yes,Mailed check,93.49,1591.79,No
CUST-2779,Female,1,No,No,17,Yes,No,Fiber optic,No,Yes,No,No,No,No,One year,No,Electronic check,89.62,1521.0,Yes
CUST-2780,Female,0,No,Yes,11,Yes,No,Fiber optic,Yes,No,No,No,Yes,Yes,One year,No,Bank transfer (automatic),110.9,1229.56,No
CUST-2781,Female,1,No,Yes,71,Yes,No,No,No internet service,No internet service,No internet service,No internet service,No internet service,No internet service,Month-to-month,No,Electronic check,26.76,1898.88,No
CUST-2782,Male,0,No,No,45,Yes,No,DSL,Yes,No,No,No,Yes,Yes,Two year,Yes,Credit card (automatic),87.06,3917.59,No
CUST-2783,Female,0,No,Yes,54,Yes,No,No,No internet service,No internet service,No internet service,No internet service,No internet service,No internet service,Month-to-month,Yes,Mailed check,29.99,1618.56,No
CUST-2784,Male,1,Yes,Yes,37,Yes,No,Fiber optic,No,No,No,No,Yes,No,Month-to-month,Yes,Electronic check,94.06,3480.14,Yes
CUST-2785,Male,0,Yes,Yes,1,Yes,No,DSL,No,No,Yes,Yes,No,No,One year,No,Electronic check,74.52,74.52,Yes
CUST-2786,Male,0,No,No,8,Yes,No,DSL,No,No,No,No,Yes,Yes,Two year,No,Electronic check,83.71,675.72,No
CUST-2787,Male,1,No,Yes,4,No,No phone service,Fiber optic,No,No,No,No,Yes,No,Two year,No,Credit card (automatic),80.57,329.05,No
CUST-2788,Female,0,No,No,18,Yes,Yes,No,No internet service,No internet service,No internet service,No internet service,No internet service,No internet service,Month-to-month,Yes,Credit card (automatic),44.2,798.51,Yes
CUST-2789,Male,0,Yes,Yes,70,Yes,No,Fiber optic,Yes,No,Yes,Yes,No,Yes,Month-to-month,Yes,Electronic check,115.06,8054.29,No
CUST-2790,Male,0,No,Yes,38,Yes,Yes,Fiber optic,No,No,No,No,No,No,Month-to-month,No,Bank transfer (automatic),93.04,3533.15,No
CUST-2791,Male,0,Yes,Yes,41,Yes,Yes,DSL,Yes,Yes,No,No,No,No,Month-to-month,Yes,Credit card (automatic),93.44,3828.74,No
CUST-2792,Female,0,Yes,Yes,16,Yes,No,DSL,No,Yes,No,No,Yes,No,Two year,No,Bank transfer (automatic),80.99,1306.85,No
CUST-2793,Female,0,Yes,No,62,Yes,No,DSL,No,No,Yes,Yes,Yes,Yes,Month-to-month,No,Mailed check,97.63,6051.26,Yes
CUST-2794,Female,0,No,No,45,No,No phone service,DSL,No,No,No,Yes,Yes,No,Month-to-month,No,Electronic check,68.7,3082.02,Yes
CUST-2795,Male,0,No,Yes,19,Yes,No,No,No internet service,No internet service,No internet service,No internet service,No internet service,No internet service,Two year,No,Credit card (automatic),29.35,565.48,No
CUST-2796,Male,0,Yes,No,69,No,No phone service,No,No internet service,No internet service,No internet service,No internet service,No internet service,No internet service,Month-to-month,No,Credit card (automatic),20.12,1380.78,Yes
CUST-2797,Female,0,Yes,No,7,Yes,Yes,DSL,No,No,Yes,No,Yes,Yes,Month-to-month,Yes,Electronic check,107.44,746.64,Yes
CUST-2798,Male,0,Yes,Yes,18,Yes,Yes,No,No internet service,No internet service,No internet service,No internet service,No internet service,No internet service,Two year,Yes,Mailed check,44.25,796.05,No
CUST-2799,Female,0,Yes,Yes,31,Yes,Yes,DSL,No,No,No,No,Yes,No,One year,No,Electronic check,86.6,2684.43,Yes
CUST-2800,Female,0,No,Yes,18,Yes,No,DSL,No,No,No,Yes,Yes,Yes,One year,Yes,Bank transfer (automatic),92.52,1665.06,Yes
CUST-2801,Male,0,Yes,Yes,23,Yes,Yes,DSL,No,Yes,No,Yes,No,No,One year,No,Electronic check,89.99,2070.59,No
CUST-2802,Male,0,No,Yes,23,Yes,No,DSL,Yes,Yes,No,No,No,Yes,One year,Yes,Credit card (automatic),90.54,2079.02,Yes
CUST-2803,Male,0,Yes,Yes,55,Yes,Yes,DSL,No,Yes,Yes,Yes,Yes,Yes,Month-to-month,Yes,Credit card (automatic),124.92,6862.5,No
CUST-2804,Male,1,No,Yes,17,Yes,No,Fiber optic,No,No,Yes,No,No,No,One year,Yes,Electronic check,87.58,1487.03,No
CUST-2805,Female,0,Yes,No,11,Yes,Yes,Fiber optic,No,No,No,No,Yes,Yes,One year,No,Bank transfer (automatic),121.36,1329.03,No
CUST-2806,Female,0,No,No,40,Yes,Yes,Fiber optic,No,No,No,Yes,No,No,Month-to-month,Yes,Mailed check,103.92,4160.75,Yes
CUST-2807,Female,0,No,Yes,47,Yes,Yes,Fiber optic,No,No,No,Yes,Yes,Yes,Month-to-month,No,Credit card (automatic),127.78,6002.82,No
CUST-2808,Female,0,No,Yes,63,Yes,No,Fiber optic,No,No,Yes,No,Yes,No,Month-to-month,No,Electronic check,102.89,6480.95,No
CUST-2809,Female,1,Yes,Yes,15,Yes,Yes,No,No internet service,No internet service,No internet service,No internet service,No internet service,No internet service,Month-to-month,Yes,Mailed check,46.7,707.37,No
CUST-2810,Male,1,No,Yes,22,Yes,No,No,No internet service,No internet service,No internet service,No internet service,No internet service,No internet service,Month-to-month,Yes,Mailed check,32.02,705.53,Yes
CUST-2811,Female,0,Yes,Yes,38,Yes,Yes,No,No internet service,No internet service,No internet service,No internet service,No internet service,No internet service,Month-to-month,Yes,Electronic check,42.6,1614.7,No
CUST-2812,Female,0,No,Yes,32,Yes,Yes,Fiber optic,Yes,No,Yes,No,No,Yes,Month-to-month,Yes,Electronic check,122.86,3929.96,Yes
CUST-2813,Female,1,No,Yes,23,Yes,No,Fiber optic,No,No,Yes,No,Yes,No,One year,No,Bank transfer (automatic),98.51,2265.81,No
CUST-2814,Male,1,Yes,Yes,60,Yes,Yes,DSL,No,No,Yes,No,No,Yes,Two year,No,Electronic check,92.18,5533.9,No
CUST-2815,Male,0,No,Yes,54,Yes,No,No,No internet service,No internet service,No internet service,No internet service,No internet service,No internet service,One year,Yes,Bank transfer (automatic),26.67,1440.15,No
CUST-2816,Male,0,No,Yes,60,Yes,No,DSL,No,Yes,No,Yes,No,No,Month-to-month,Yes,Mailed check,77.43,4641.36,No
CUST-2817,Male,0,Yes,No,39,No,No phone service,DSL,No,Yes,No,Yes,No,Yes,Month-to-month,No,Electronic check,78.4,3063.35,Yes
CUST-2818,Female,1,No,No,57,Yes,No,DSL,Yes,No,No,No,Yes,No,One year,Yes,Bank transfer (automatic),77.08,4387.67,No
CUST-2819,Female,0,No,Yes,71,Yes,Yes,Fiber optic,No,No,No,No,No,No,Month-to-month,No,Mailed check,94.94,6743.61,Yes
CUST-2820,Male,0,No,Yes,0,Yes,Yes,DSL,No,No,No,Yes,Yes,Yes,Month-to-month,No,Electronic check,105.93, ,No
CUST-2821,Male,0,No,Yes,24,Yes,Yes,No,No internet service,No internet service,No internet service,No internet service,No internet service,No internet service,Two year,Yes,Credit card (automatic),42.91,1031.3,No
CUST-2822,Female,0,Yes,Yes,52,Yes,No,DSL,No,No,Yes,No,No,Yes,Month-to-month,No,Electronic check,81.42,4233.39,No
CUST-2823,Female,0,No,Yes,60,Yes,Yes,No,No internet service,No internet service,No internet service,No internet service,No internet service,No internet service,Month-to-month,Yes,Credit card (automatic),44.47,2663.33,Yes
CUST-2824,Male,1,No,Yes,45,Yes,No,Fiber optic,No,Yes,Yes,No,No,No,Two year,Yes,Mailed check,97.86,4390.46,No
CUST-2825,Male,0,No,No,59,No,No phone service,Fiber optic,No,No,Yes,Yes,Yes,Yes,Two year,No,Credit card (automatic),108.89,6416.52,No
CUST-2826,Male,0,No,Yes,50,Yes,Yes,Fiber optic,No,Yes,Yes,Yes,No,Yes,Month-to-month,Yes,Mailed check,126.35,6319.39,No
CUST-2827,Male,0,No,No,72,Yes,No,Fiber optic,Yes,No,No,Yes,No,No,Two year,Yes,Electronic check,96.16,6925.59,No
CUST-2828,Female,0,No,Yes,47,Yes,Yes,Fiber optic,No,Yes,Yes,Yes,No,Yes,Month-to-month,Yes,Electronic check,131.59,6192.37,Yes
CUST-2829,Female,0,No,Yes,39,Yes,No,Fiber optic,No,Yes,Yes,No,No,No,Two year,Yes,Bank transfer (automatic),95.66,3730.95,No
CUST-2830,Female,0,No,Yes,6,Yes,Yes,Fiber optic,No,Yes,No,No,Yes,No,Month-to-month,Yes,Bank transfer (automatic),115.47,693.08,Yes
CUST-2831,Male,0,Yes,Yes,18,Yes,Yes,Fiber optic,No,Yes,No,Yes,Yes,Yes,Month-to-month,Yes,Electronic check,134.01,2408.68,Yes
CUST-2832,Male,0,Yes,Yes,14,Yes,Yes,Fiber optic,No,No,No,No,Yes,No,Month-to-month,Yes,Credit card (automatic),106.57,1490.09,Yes
CUST-2833,Female,0,Yes,Yes,69,Yes,No,DSL,No,No,No,No,No,Yes,Month-to-month,Yes,Credit card (automatic),72.11,4975.6,Yes
CUST-2834,Female,0,Yes,Yes,60,Yes,No,Fiber optic,No,No,No,No,Yes,Yes,Month-to-month,Yes,Mailed check,105.71,6350.92,Yes
CUST-2835,Female,1,No,Yes,55,Yes,No,DSL,No,Yes,Yes,No,No,No,Month-to-month,No,Electronic check,75.6,4159.74,No
CUST-2836,Female,1,No,Yes,9,Yes,No,No,No internet service,No internet service,No internet service,No internet service,No internet service,No internet service,One year,Yes,Electronic check,28.41,253.63,No
CUST-2837,Male,0,Yes,No,45,Yes,Yes,No,No internet service,No internet service,No internet service,No internet service,No internet service,No internet service,Month-to-month,No,Credit card (automatic),43.95,1974.28,No
CUST-2838,Female,0,Yes,Yes,56,Yes,No,DSL,No,No,No,No,Yes,No,Two year,Yes,Bank transfer (automatic),71.72,4005.46,No
CUST-2839,Female,1,Yes,Yes,34,Yes,No,Fiber optic,Yes,No,Yes,No,Yes,Yes,Month-to-month,Yes,Credit card (automatic),117.37,3984.0,Yes
CUST-2840,Female,0,No,Yes,71,Yes,No,Fiber optic,No,No,Yes,No,Yes,No,Month-to-month,Yes,Electronic check,98.07,6961.14,No
CUST-2841,Female,0,No,No,2,Yes,Yes,Fiber optic,No,No,No,No,Yes,Yes,One year,Yes,Credit card (automatic),118.87,237.75,Yes
CUST-2842,Female,1,Yes,Yes,65,Yes,No,No,No internet service,No internet service,No internet service,No internet service,No internet service,No internet service,Month-to-month,Yes,Bank transfer (automatic),33.39,2165.99,Yes
CUST-2843,Female,0,Yes,Yes,52,Yes,Yes,Fiber optic,Yes,No,Yes,No,No,No,Month-to-month,Yes,Electronic check,112.51,5856.14,No
CUST-2844,Female,0,Yes,Yes,51,Yes,No,No,No internet service,No internet service,No internet service,No internet service,No internet service,No internet service,Two year,No,Mailed check,29.76,1521.67,No
CUST-2845,Male,1,Yes,Yes,52,Yes,Yes,No,No internet service,No internet service,No internet service,No internet service,No internet service,No internet service,Month-to-month,Yes,Credit card (automatic),43.07,2241.86,Yes
CUST-2846,Male,0,Yes,Yes,53,Yes,Yes,Fiber optic,Yes,Yes,No,No,No,No,One year,Yes,Electronic check,108.09,5734.33,No
CUST-2847,Male,0,No,No,46,Yes,No,Fiber optic,No,No,No,No,No,No,Month-to-month,Yes,Bank transfer (automatic),82.13,3784.04,Yes
CUST-2848,Male,0,Yes,No,2,Yes,Yes,Fiber optic,No,No,Yes,No,Yes,No,Two year,No,Bank transfer (automatic),116.57,230.6,Yes
CUST-2849,Female,0,No,Yes,64,Yes,No,Fiber optic,Yes,Yes,No,Yes,Yes,No,Month-to-month,No,Mailed check,117.12,7493.26,No
CUST-2850,Male,0,Yes,Yes,14,Yes,Yes,No,No internet service,No internet service,No internet service,No internet service,No internet service,No internet service,One year,Yes,Mailed check,44.54,623.03,No
CUST-2851,Male,0,Yes,Yes,33,Yes,Yes,No,No internet service,No internet service,No internet service,No internet service,No internet service,No internet service,Two year,Yes,Credit card (automatic),43.42,1430.84,No
CUST-2852,Female,1,No,Yes,49,Yes,No,DSL,Yes,No,No,No,No,Yes,Month-to-month,Yes,Credit card (automatic),77.48,3788.35,Yes
CUST-2853,Female,0,Yes,No,32,Yes,Yes,No,No internet service,No internet service,No internet service,No internet service,No internet service,No internet service,Month-to-month,Yes,Mailed check,45.34,1453.14,No
CUST-2854,Male,0,No,Yes,72,No,No phone service,Fiber optic,No,No,No,Yes,No,No,One year,No,Bank transfer (automatic),75.21,5415.23,Yes
CUST-2855,Male,0,No,Yes,2,Yes,Yes,DSL,No,Yes,No,No,No,No,One year,No,Electronic check,83.73,173.15,Yes
CUST-2856,Female,0,Yes,Yes,1,Yes,Yes,No,No internet service,No internet service,No internet service,No internet service,No internet service,No internet service,One year,Yes,Electronic check,44.96,44.96,Yes
CUST-2857,Male,0,Yes,No,3,Yes,No,Fiber optic,No,Yes,Yes,Yes,No,No,Month-to-month,Yes,Credit card (automatic),103.93,316.09,Yes
CUST-2858,Female,1,No,Yes,15,Yes,No,No,No internet service,No internet service,No internet service,No internet service,No internet service,No internet service,Two year,Yes,Electronic check,29.85,458.22,No
CUST-2859,Female,1,No,Yes,53,Yes,No,No,No internet service,No internet service,No internet service,No internet service,No internet service,No internet service,One year,Yes,Electronic check,30.18,1595.43,No
CUST-2860,Female,0,Yes,Yes,32,Yes,Yes,DSL,No,No,Yes,Yes,Yes,No,Month-to-month,No,Electronic check,105.49,3372.9,Yes
CUST-2861,Female,0,No,Yes,8,Yes,Yes,No,No internet service,No internet service,No internet service,No internet service,No internet service,No internet service,Two year,Yes,Electronic check,44.97,360.73,Yes
CUST-2862,Male,0,Yes,No,56,No,No phone service,No,No internet service,No internet service,No internet service,No internet service,No internet service,No internet service,Month-to-month,No,Bank transfer (automatic),19.7,1105.51,No
CUST-2863,Female,0,No,Yes,39,Yes,No,Fiber optic,Yes,No,Yes,No,No,No,One year,No,Credit card (automatic),96.11,3737.65,No
CUST-2864,Female,0,Yes,Yes,51,Yes,No,Fiber optic,Yes,No,No,Yes,No,No,Month-to-month,No,Electronic check,95.28,4863.62,No
CUST-2865,Male,0,No,Yes,15,Yes,Yes,DSL,No,No,No,No,No,No,Two year,Yes,Electronic check,72.62,1080.21,No
CUST-2866,Female,1,No,No,7,Yes,Yes,Fiber optic,No,No,Yes,Yes,Yes,Yes,Month-to-month,Yes,Credit card (automatic),136.06,956.49,No
CUST-2867,Male,0,Yes,Yes,59,Yes,Yes,DSL,Yes,Yes,Yes,No,Yes,No,One year,Yes,Mailed check,107.17,6313.56,No
CUST-2868,Male,0,No,Yes,35,Yes,No,Fiber optic,No,Yes,Yes,No,Yes,No,Month-to-month,Yes,Credit card (automatic),107.27,3750.92,Yes
CUST-2869,Male,0,No,Yes,2,Yes,No,No,No internet service,No internet service,No internet service,No internet service,No internet service,No internet service,Two year,No,Credit card (automatic),28.68,62.13,No
CUST-2870,Female,0,No,Yes,14,No,No phone service,No,No internet service,No internet service,No internet service,No internet service,No internet service,No internet service,Two year,Yes,Credit card (automatic),18.0,248.61,No
CUST-2871,Male,0,No,No,22,No,No phone service,DSL,Yes,Yes,No,No,No,No,One year,Yes,Mailed check,68.24,1506.59,No
CUST-2872,Male,0,No,No,2,Yes,No,DSL,Yes,No,No,No,Yes,Yes,One year,Yes,Electronic check,91.55,183.23,Yes
CUST-2873,Female,0,No,Yes,29,Yes,No,No,No internet service,No internet service,No internet service,No internet service,No internet service,No internet service,Month-to-month,Yes,Bank transfer (automatic),30.83,894.59,Yes
CUST-2874,Male,0,No,Yes,44,Yes,Yes,Fiber optic,No,No,No,Yes,Yes,No,Month-to-month,Yes,Mailed check,116.05,5103.83,Yes
CUST-2875,Male,0,Yes,No,16,Yes,No,No,No internet service,No internet service,No internet service,No internet service,No internet service,No internet service,Month-to-month,Yes,Bank transfer (automatic),29.94,474.19,No
CUST-2876,Male,0,No,Yes,57,Yes,Yes,No,No internet service,No internet service,No internet service,No internet service,No internet service,No internet service,Month-to-month,No,Mailed check,48.17,2754.69,No
CUST-2877,Male,0,No,Yes,57,Yes,No,Fiber optic,Yes,Yes,No,Yes,No,No,Month-to-month,No,Mailed check,104.88,5978.66,No
CUST-2878,Male,0,Yes,Yes,56,Yes,Yes,DSL,Yes,No,Yes,No,No,No,Month-to-month,Yes,Electronic check,91.71,5128.13,Yes
CUST-2879,Female,0,No,Yes,6,Yes,Yes,DSL,No,Yes,No,Yes,No,Yes,Month-to-month,Yes,Mailed check,104.89,632.25,Yes
CUST-2880,Male,0,No,Yes,38,No,No phone service,Fiber optic,Yes,No,Yes,No,No,No,Two year,Yes,Electronic check,85.99,3260.14,No
CUST-2881,Male,0,Yes,No,57,Yes,No,DSL,No,No,Yes,Yes,Yes,Yes,One year,Yes,Mailed check,99.84,5690.25,No
CUST-2882,Female,0,No,No,55,Yes,No,Fiber optic,No,No,Yes,No,Yes,No,Month-to-month,Yes,Bank transfer (automatic),101.69,5586.36,No
CUST-2883,Female,0,No,Yes,14,Yes,Yes,Fiber optic,Yes,Yes,No,No,No,No,Month-to-month,No,Bank transfer (automatic),110.16,1537.62,No
CUST-2884,Female,0,Yes,Yes,43,Yes,Yes,Fiber optic,No,No,Yes,No,Yes,No,Month-to-month,No,Mailed check,113.94,4900.17,No
CUST-2885,Male,0,Yes,Yes,11,Yes,No,No,No internet service,No internet service,No internet service,No internet service,No internet service,No internet service,Two year,No,Bank transfer (automatic),27.87,307.61,No
CUST-2886,Female,0,No,Yes,7,Yes,Yes,Fiber optic,No,Yes,Yes,No,Yes,Yes,Month-to-month,Yes,Mailed check,133.34,926.9,Yes
CUST-2887,Male,0,No,Yes,40,Yes,Yes,Fiber optic,Yes,No,Yes,Yes,Yes,No,Two year,No,Mailed check,131.25,5250.63,No
CUST-2888,Male,1,Yes,Yes,33,No,No phone service,No,No internet service,No internet service,No internet service,No internet service,No internet service,No internet service,Month-to-month,No,Electronic check,23.97,782.35,No
CUST-2889,Female,0,No,No,45,Yes,Yes,Fiber optic,No,No,Yes,No,No,No,Two year,Yes,Mailed check,101.5,4573.08,Yes
CUST-2890,Female,1,Yes,No,28,Yes,Yes,DSL,No,No,No,Yes,Yes,Yes,Two year,Yes,Mailed check,107.3,3004.45,No
CUST-2891,Male,0,Yes,Yes,15,Yes,No,Fiber optic,No,Yes,Yes,Yes,Yes,Yes,One year,Yes,Mailed check,128.84,1932.48,No
CUST-2892,Female,0,Yes,Yes,4,Yes,No,Fiber optic,No,Yes,No,No,No,No,Two year,Yes,Electronic check,86.68,342.52,Yes
CUST-2893,Male,1,No,Yes,4,Yes,Yes,Fiber optic,No,Yes,No,Yes,Yes,Yes,One year,No,Bank transfer (automatic),136.16,540.78,No
CUST-2894,Female,0,Yes,No,29,Yes,Yes,DSL,No,Yes,No,No,Yes,Yes,Month-to-month,No,Mailed check,104.7,3040.48,No
CUST-2895,Female,0,Yes,Yes,49,Yes,No,DSL,Yes,Yes,No,No,Yes,No,Two year,Yes,Electronic check,86.06,4218.78,No
CUST-2896,Female,0,Yes,Yes,4,Yes,Yes,Fiber optic,No,No,No,No,No,Yes,Month-to-month,No,Credit card (automatic),106.65,431.24,Yes
CUST-2897,Male,0,No,Yes,12,Yes,No,DSL,Yes,Yes,Yes,Yes,Yes,No,Month-to-month,No,Credit card (automatic),101.66,1216.27,Yes
CUST-2898,Female,0,No,No,48,Yes,Yes,Fiber optic,No,Yes,Yes,No,No,Yes,Month-to-month,Yes,Electronic check,120.11,5764.13,Yes
CUST-2899,Male,0,No,No,49,Yes,Yes,Fiber optic,Yes,No,Yes,No,Yes,No,Month-to-month,Yes,Bank transfer (automatic),119.39,5851.64,No
CUST-2900,Male,1,Yes,Yes,13,Yes,Yes,Fiber optic,Yes,Yes,No,No,No,No,Two year,Yes,Mailed check,110.19,1431.33,Yes
CUST-2901,Male,0,No,No,45,Yes,Yes,DSL,No,Yes,No,Yes,No,Yes,Month-to-month,No,Electronic check,107.3,4830.69,Yes
CUST-2902,Male,1,No,Yes,33,No,No phone service,DSL,Yes,No,No,No,Yes,No,Month-to-month,No,Bank transfer (automatic),72.13,2377.28,Yes
CUST-2903,Female,1,Yes,Yes,70,Yes,Yes,No,No internet service,No internet service,No internet service,No internet service,No internet service,No internet service,Month-to-month,Yes,Mailed check,41.42,2893.3,No
CUST-2904,Male,0,Yes,No,46,Yes,No,Fiber optic,No,Yes,Yes,No,Yes,No,Two year,No,Credit card (automatic),105.54,4856.8,No
CUST-2905,Male,0,No,No,59,Yes,No,No,No internet service,No internet service,No internet service,No internet service,No internet service,No internet service,Month-to-month,No,Bank transfer (automatic),29.1,1709.57,Yes
CUST-2906,Female,1,No,Yes,10,Yes,Yes,Fiber optic,No,No,No,Yes,No,No,Month-to-month,No,Mailed check,103.32,1043.4,No
CUST-2907,Male,1,Yes,Yes,49,Yes,Yes,Fiber optic,Yes,No,Yes,No,No,No,Month-to-month,Yes,Mailed check,111.22,5448.14,No
CUST-2908,Female,0,No,No,3,Yes,Yes,Fiber optic,No,No,No,No,No,No,Two year,Yes,Electronic check,94.52,281.55,Yes
CUST-2909,Male,0,Yes,No,40,No,No phone service,No,No internet service,No internet service,No internet service,No internet service,No internet service,No internet service,Month-to-month,No,Electronic check,19.11,765.48,No
CUST-2910,Female,0,Yes,No,58,Yes,No,No,No internet service,No internet service,No internet service,No internet service,No internet service,No internet service,Month-to-month,Yes,Electronic check,26.86,1559.93,No
CUST-2911,Male,0,No,Yes,59,Yes,No,No,No internet service,No internet service,No internet service,No internet service,No internet service,No internet service,Two year,No,Electronic check,28.26,1664.89,No
CUST-2912,Female,0,No,No,61,Yes,Yes,No,No internet service,No internet service,No internet service,No internet service,No internet service,No internet service,Month-to-month,No,Electronic check,43.6,2660.57,Yes
CUST-2913,Male,0,No,No,24,Yes,Yes,Fiber optic,No,Yes,No,No,No,Yes,Two year,No,Electronic check,110.91,2659.2,Yes
CUST-2914,Male,0,No,Yes,32,Yes,Yes,DSL,Yes,No,Yes,Yes,No,No,Month-to-month,Yes,Bank transfer (automatic),97.12,3113.95,No
CUST-2915,Female,0,Yes,No,18,Yes,No,Fiber optic,No,Yes,No,No,Yes,Yes,Two year,No,Mailed check,114.63,2067.56,No
CUST-2916,Female,0,No,Yes,56,Yes,No,DSL,Yes,Yes,Yes,No,Yes,Yes,Two year,Yes,Bank transfer (automatic),107.37,6010.15,No
CUST-2917,Female,0,No,Yes,14,Yes,No,DSL,No,No,No,Yes,Yes,Yes,Month-to-month,Yes,Electronic check,92.66,1295.17,Yes
CUST-2918,Female,0,No,Yes,40,Yes,Yes,Fiber optic,Yes,No,No,No,Yes,Yes,One year,No,Credit card (automatic),130.27,5207.93,Yes
CUST-2919,Male,0,Yes,Yes,68,Yes,No,No,No internet service,No internet service,No internet service,No internet service,No internet service,No internet service,One year,Yes,Electronic check,32.96,2240.97,No
CUST-2920,Male,0,No,Yes,59,Yes,No,Fiber optic,No,No,Yes,Yes,No,Yes,Month-to-month,Yes,Electronic check,105.66,6236.36,Yes
CUST-2921,Female,0,No,No,21,Yes,No,Fiber optic,No,No,No,Yes,Yes,Yes,Month-to-month,No,Mailed check,112.63,2368.58,No
CUST-2922,Male,0,Yes,Yes,42,No,No phone service,Fiber optic,Yes,No,No,Yes,No,No,Two year,No,Electronic check,87.7,3684.02,No
CUST-2923,Female,1,Yes,Yes,31,Yes,Yes,No,No internet service,No internet service,No internet service,No internet service,No internet service,No internet service,Month-to-month,No,Electronic check,43.42,1347.04,No
CUST-2924,Female,0,Yes,No,12,Yes,No,Fiber optic,Yes,No,No,No,Yes,Yes,Two year,No,Bank transfer (automatic),112.91,1354.52,No
CUST-2925,Male,0,Yes,Yes,37,Yes,No,Fiber optic,No,Yes,No,Yes,No,Yes,Month-to-month,Yes,Electronic check,107.8,3993.27,No
CUST-2926,Male,0,Yes,Yes,25,Yes,No,Fiber optic,Yes,No,Yes,No,Yes,No,One year,Yes,Bank transfer (automatic),109.0,2723.35,Yes
CUST-2927,Male,1,No,Yes,4,Yes,Yes,No,No internet service,No internet service,No internet service,No internet service,No internet service,No internet service,Month-to-month,No,Electronic check,45.46,191.52,No
CUST-2928,Male,0,Yes,Yes,48,Yes,No,Fiber optic,Yes,No,No,Yes,Yes,Yes,Two year,No,Credit card (automatic),121.91,5858.48,No
CUST-2929,Male,0,Yes,Yes,4,Yes,Yes,DSL,Yes,No,Yes,Yes,No,Yes,One year,No,Credit card (automatic),109.29,435.74,Yes
CUST-2930,Male,0,Yes,No,70,Yes,Yes,Fiber optic,Yes,Yes,No,Yes,Yes,No,Month-to-month,Yes,Mailed check,131.49,9203.82,No
CUST-2931,Male,0,Yes,Yes,47,Yes,Yes,Fiber optic,Yes,No,No,No,No,Yes,Month-to-month,No,Electronic check,118.32,5545.96,Yes
CUST-2932,Female,0,Yes,No,17,Yes,Yes,DSL,No,No,Yes,No,Yes,Yes,Month-to-month,No,Credit card (automatic),108.08,1831.13,Yes
CUST-2933,Female,0,Yes,Yes,5,Yes,No,Fiber optic,No,Yes,Yes,Yes,No,No,Month-to-month,No,Bank transfer (automatic),105.52,525.36,No
CUST-2934,Female,0,Yes,Yes,65,Yes,No,Fiber optic,Yes,No,No,No,Yes,Yes,Month-to-month,Yes,Mailed check,109.8,7134.91,No
CUST-2935,Female,0,Yes,Yes,41,Yes,No,DSL,Yes,No,No,No,Yes,Yes,Month-to-month,No,Electronic check,88.03,3611.85,Yes
CUST-2936,Female,0,No,No,51,Yes,Yes,DSL,No,No,Yes,Yes,No,Yes,Two year,Yes,Mailed check,102.8,5246.65,No
CUST-2937,Male,0,No,Yes,10,Yes,Yes,No,No internet service,No internet service,No internet service,No internet service,No internet service,No internet service,Month-to-month,No,Mailed check,47.22,463.97,Yes
CUST-2938,Female,0,No,Yes,25,Yes,Yes,Fiber optic,No,No,Yes,No,No,No,Month-to-month,Yes,Mailed check,102.26,2550.78,No
CUST-2939,Female,0,Yes,Yes,20,Yes,Yes,Fiber optic,Yes,Yes,No,Yes,No,Yes,Two year,Yes,Credit card (automatic),130.33,2599.82,No
CUST-2940,Female,0,Yes,Yes,65,Yes,Yes,Fiber optic,No,No,Yes,Yes,No,Yes,One year,No,Credit card (automatic),121.31,7878.09,No
CUST-2941,Female,0,Yes,Yes,39,Yes,Yes,Fiber optic,Yes,Yes,Yes,No,Yes,No,One year,Yes,Credit card (automatic),129.85,5064.02,No
CUST-2942,Female,0,No,Yes,55,No,No phone service,Fiber optic,No,No,No,No,No,No,One year,Yes,Credit card (automatic),69.44,3823.94,No
CUST-2943,Female,0,Yes,Yes,50,Yes,Yes,Fiber optic,No,Yes,No,No,Yes,Yes,Month-to-month,No,Credit card (automatic),129.1,6461.45,Yes
CUST-2944,Female,1,Yes,No,19,Yes,No,No,No internet service,No internet service,No internet service,No internet service,No internet service,No internet service,Month-to-month,No,Mailed check,32.76,628.36,Yes
CUST-2945,Male,0,Yes,Yes,56,Yes,No,Fiber optic,No,Yes,No,No,Yes,Yes,Two year,Yes,Electronic check,110.57,6182.55,No
CUST-2946,Male,0,No,Yes,4,Yes,Yes,No,No internet service,No internet service,No internet service,No internet service,No internet service,No internet service,Two year,No,Bank transfer (automatic),42.39,167.18,No
CUST-2947,Female,0,No,Yes,13,Yes,Yes,DSL,No,No,Yes,Yes,No,No,Month-to-month,Yes,Mailed check,89.77,1167.91,No
CUST-2948,Male,0,Yes,Yes,23,Yes,Yes,No,No internet service,No internet service,No internet service,No internet service,No internet service,No internet service,Month-to-month,No,Bank transfer (automatic),44.97,1038.12,Yes
CUST-2949,Male,0,No,No,67,Yes,No,Fiber optic,Yes,No,No,No,No,Yes,Month-to-month,No,Electronic check,100.84,6743.57,Yes
CUST-2950,Male,0,Yes,Yes,51,Yes,No,DSL,Yes,No,No,Yes,No,Yes,Month-to-month,No,Bank transfer (automatic),86.03,4383.66,No
CUST-2951,Male,0,Yes,Yes,47,Yes,No,DSL,No,No,No,Yes,Yes,No,Month-to-month,No,Electronic check,85.0,4002.3,Yes
CUST-2952,Female,0,No,No,46,Yes,No,Fiber optic,No,No,No,Yes,No,No,Month-to-month,No,Credit card (automatic),87.29,4014.88,Yes
CUST-2953,Male,0,No,Yes,59,Yes,Yes,DSL,No,No,Yes,Yes,No,No,Month-to-month,Yes,Credit card (automatic),91.17,5385.93,No
CUST-2954,Male,0,No,Yes,72,Yes,No,No,No internet service,No internet service,No internet service,No internet service,No internet service,No internet service,Month-to-month,Yes,Credit card (automatic),30.85,2224.58,Yes
CUST-2955,Male,0,No,Yes,2,Yes,Yes,No,No internet service,No internet service,No internet service,No internet service,No internet service,No internet service,Month-to-month,No,Electronic check,42.84,82.68,Yes
CUST-2956,Female,0,Yes,No,8,No,No phone service,Fiber optic,Yes,Yes,Yes,No,No,Yes,Month-to-month,Yes,Mailed check,108.18,868.08,Yes
CUST-2957,Female,0,Yes,No,23,Yes,No,DSL,No,No,Yes,Yes,Yes,No,Month-to-month,Yes,Credit card (automatic),91.48,2109.48,Yes
CUST-2958,Female,0,No,No,3,Yes,No,No,No internet service,No internet service,No internet service,No internet service,No internet service,No internet service,Month-to-month,No,Bank transfer (automatic),28.29,83.05,No
CUST-2959,Female,1,No,Yes,8,Yes,No,DSL,No,Yes,Yes,Yes,Yes,No,Month-to-month,Yes,Mailed check,97.64,777.61,Yes
CUST-2960,Female,1,Yes,No,0,Yes,Yes,DSL,Yes,No,Yes,Yes,Yes,No,One year,No,Credit card (automatic),110.27, ,No
CUST-2961,Female,0,Yes,Yes,34,Yes,Yes,Fiber optic,Yes,Yes,No,Yes,No,No,One year,No,Mailed check,118.02,4007.44,No
CUST-2962,Female,0,Yes,Yes,11,No,No phone service,No,No internet service,No internet service,No internet service,No internet service,No internet service,No internet service,Two year,No,Electronic check,19.76,221.67,No
CUST-2963,Male,0,Yes,No,17,Yes,Yes,No,No internet service,No internet service,No internet service,No internet service,No internet service,No internet service,Two year,No,Bank transfer (automatic),44.98,769.16,No
CUST-2964,Male,0,No,Yes,9,Yes,Yes,Fiber optic,Yes,Yes,Yes,No,No,No,Month-to-month,Yes,Mailed check,119.71,1073.04,Yes
CUST-2965,Male,0,No,Yes,17,Yes,Yes,Fiber optic,Yes,Yes,No,No,No,Yes,Two year,Yes,Electronic check,124.5,2110.26,Yes
CUST-2966,Female,0,No,Yes,23,Yes,No,Fiber optic,No,No,No,Yes,No,Yes,Month-to-month,No,Electronic check,99.44,2284.16,No
CUST-2967,Female,0,Yes,Yes,0,Yes,No,DSL,No,No,No,No,No,No,Month-to-month,Yes,Mailed check,59.91, ,Yes
CUST-2968,Female,1,Yes,No,71,Yes,No,Fiber optic,No,Yes,No,Yes,No,Yes,One year,Yes,Credit card (automatic),110.78,7864.14,No
CUST-2969,Female,0,No,Yes,15,Yes,No,DSL,Yes,Yes,No,No,No,No,Month-to-month,Yes,Electronic check,74.25,1117.28,No
CUST-2970,Female,0,No,Yes,14,Yes,No,Fiber optic,No,No,Yes,No,No,Yes,Month-to-month,No,Mailed check,100.86,1419.97,No
CUST-2971,Male,0,No,Yes,61,No,No phone service,Fiber optic,No,No,No,Yes,Yes,No,Month-to-month,Yes,Electronic check,87.71,5346.91,Yes
CUST-2972,Male,0,Yes,No,4,Yes,No,DSL,Yes,Yes,No,No,Yes,No,Month-to-month,Yes,Credit card (automatic),89.42,365.94,No
CUST-2973,Female,0,No,No,44,Yes,No,No,No internet service,No internet service,No internet service,No internet service,No internet service,No internet service,Month-to-month,No,Mailed check,29.69,1300.9,No
CUST-2974,Female,0,Yes,Yes,51,Yes,Yes,Fiber optic,Yes,No,No,No,Yes,No,One year,Yes,Electronic check,114.18,5826.37,Yes
CUST-2975,Female,0,No,No,70,Yes,Yes,DSL,Yes,No,Yes,No,Yes,Yes,Month-to-month,Yes,Mailed check,112.1,7853.26,No
CUST-2976,Female,0,No,No,6,Yes,No,No,No internet service,No internet service,No internet service,No internet service,No internet service,No internet service,One year,Yes,Electronic check,30.25,176.45,No
CUST-2977,Male,0,No,Yes,26,Yes,Yes,DSL,No,No,No,No,Yes,Yes,Two year,Yes,Mailed check,98.91,2566.11,No
CUST-2978,Female,0,Yes,Yes,12,Yes,Yes,DSL,No,No,No,No,Yes,Yes,Month-to-month,No,Bank transfer (automatic),100.1,1202.17,No
CUST-2979,Female,0,Yes,Yes,16,No,No phone service,Fiber optic,Yes,No,No,No,No,Yes,Month-to-month,No,Mailed check,87.98,1413.15,No
CUST-2980,Female,0,Yes,No,43,Yes,No,DSL,Yes,No,No,No,No,No,One year,Yes,Electronic check,70.79,3043.09,No
CUST-2981,Female,0,Yes,Yes,12,Yes,Yes,No,No internet service,No internet service,No internet service,No internet service,No internet service,No internet service,One year,Yes,Mailed check,43.78,529.73,No
CUST-2982,Male,0,Yes,Yes,72,Yes,No,DSL,No,No,No,Yes,No,No,Month-to-month,Yes,Credit card (automatic),66.1,4762.56,Yes
CUST-2983,Female,0,Yes,Yes,4,Yes,No,DSL,Yes,No,No,Yes,Yes,No,One year,No,Mailed check,89.49,350.61,No
CUST-2984,Female,0,No,No,32,Yes,No,No,No internet service,No internet service,No internet service,No internet service,No internet service,No internet service,Two year,No,Mailed check,29.05,929.62,No
CUST-2985,Male,0,Yes,Yes,3,Yes,No,DSL,No,No,No,Yes,Yes,No,Two year,Yes,Mailed check,83.16,254.46,Yes
CUST-2986,Male,1,No,No,25,Yes,No,No,No internet service,No internet service,No internet service,No internet service,No internet service,No internet service,Month-to-month,No,Mailed check,27.1,672.95,Yes
CUST-2987,Male,0,Yes,No,67,Yes,No,Fiber optic,No,Yes,No,Yes,No,No,One year,No,Electronic check,95.65,6404.92,No
CUST-2988,Female,0,No,Yes,15,Yes,Yes,DSL,No,No,No,Yes,No,No,Month-to-month,Yes,Bank transfer (automatic),85.76,1292.12,Yes
CUST-2989,Female,0,No,Yes,21,Yes,Yes,DSL,No,No,No,Yes,Yes,Yes,Month-to-month,Yes,Credit card (automatic),107.18,2249.96,Yes
CUST-2990,Male,1,Yes,Yes,35,No,No phone service,DSL,No,No,No,Yes,No,Yes,Two year,No,Mailed check,68.22,2389.9,Yes
CUST-2991,Male,0,No,No,57,Yes,Yes,Fiber optic,No,Yes,No,No,No,No,Month-to-month,Yes,Credit card (automatic),103.14,5870.21,Yes
CUST-2992,Male,0,Yes,Yes,54,No,No phone service,DSL,No,No,No,No,No,Yes,Month-to-month,Yes,Mailed check,61.84,3342.06,No
CUST-2993,Male,0,Yes,Yes,34,Yes,Yes,Fiber optic,No,Yes,Yes,No,No,No,One year,No,Electronic check,113.17,3844.15,No
CUST-2994,Male,0,Yes,Yes,24,No,No phone service,Fiber optic,Yes,No,Yes,Yes,Yes,Yes,One year,No,Mailed check,121.49,2907.88,Yes
CUST-2995,Male,0,Yes,Yes,71,Yes,Yes,Fiber optic,Yes,No,Yes,No,No,No,One year,No,Mailed check,110.57,7849.24,No
CUST-2996,Female,0,No,No,60,Yes,No,DSL,No,No,Yes,No,No,No,One year,Yes,Electronic check,67.5,4054.11,No
CUST-2997,Female,0,Yes,Yes,17,Yes,Yes,Fiber optic,No,No,Yes,No,Yes,Yes,Two year,No,Mailed check,126.17,2149.48,No
CUST-2998,Female,1,No,No,57,Yes,Yes,DSL,Yes,No,Yes,Yes,Yes,No,One year,Yes,Mailed check,111.5,6355.19,No
CUST-2999,Male,0,No,Yes,56,Yes,No,DSL,No,Yes,No,No,Yes,Yes,Month-to-month,No,Electronic check,93.07,5209.45,No
CUST-3000,Male,0,No,Yes,62,Yes,Yes,No,No internet service,No internet service,No internet service,No internet service,No internet service,No internet service,Month-to-month,Yes,Mailed check,45.64,2822.15,No
CUST-3001,Male,0,Yes,No,11,Yes,Yes,Fiber optic,No,Yes,Yes,Yes,Yes,Yes,One year,Yes,Credit card (automatic),140.33,1546.5,Yes
CUST-3002,Male,0,No,Yes,10,Yes,No,DSL,Yes,No,No,Yes,No,Yes,One year,Yes,Mailed check,85.86,858.1,No
CUST-3003,Male,0,Yes,No,12,Yes,No,DSL,No,No,No,No,No,No,Month-to-month,Yes,Electronic check,62.6,750.17,No
CUST-3004,Male,0,No,Yes,34,Yes,No,Fiber optic,No,Yes,No,No,Yes,Yes,Month-to-month,No,Bank transfer (automatic),109.41,3718.05,Yes
CUST-3005,Female,0,Yes,Yes,26,Yes,Yes,No,No internet service,No internet service,No internet service,No internet service,No internet service,No internet service,Month-to-month,Yes,Credit card (automatic),44.05,1149.61,Yes
CUST-3006,Female,0,Yes,Yes,66,Yes,No,DSL,Yes,Yes,No,No,Yes,No,Month-to-month,Yes,Electronic check,91.78,6060.91,No
CUST-3007,Male,0,Yes,No,44,Yes,No,Fiber optic,No,Yes,No,No,No,Yes,Month-to-month,Yes,Electronic check,100.22,4414.54,No
CUST-3008,Female,0,Yes,No,66,Yes,No,Fiber optic,Yes,No,Yes,No,No,Yes,Month-to-month,No,Credit card (automatic),108.23,7146.74,No
CUST-3009,Male,0,No,Yes,21,Yes,Yes,No,No internet service,No internet service,No internet service,No internet service,No internet service,No internet service,Two year,Yes,Bank transfer (automatic),44.14,925.0,Yes
CUST-3010,Female,0,No,Yes,41,Yes,Yes,DSL,Yes,Yes,Yes,Yes,No,No,Month-to-month,Yes,Credit card (automatic),107.83,4418.44,No
CUST-3011,Male,0,Yes,Yes,19,Yes,Yes,Fiber optic,No,No,Yes,Yes,Yes,Yes,Month-to-month,Yes,Bank transfer (automatic),136.93,2600.93,Yes
CUST-3012,Male,1,No,Yes,47,No,No phone service,DSL,No,Yes,Yes,No,No,Yes,Month-to-month,Yes,Electronic check,78.81,3703.64,No
CUST-3013,Female,1,Yes,No,17,Yes,No,Fiber optic,No,Yes,No,Yes,No,Yes,Month-to-month,No,Mailed check,107.56,1832.34,Yes
CUST-3014,Female,0,Yes,Yes,69,Yes,Yes,Fiber optic,No,No,No,No,No,Yes,Month-to-month,Yes,Electronic check,106.31,7335.09,No
CUST-3015,Male,0,No,No,5,Yes,Yes,DSL,No,No,No,No,Yes,No,Month-to-month,Yes,Electronic check,86.93,434.03,Yes
CUST-3016,Male,0,Yes,Yes,38,Yes,Yes,Fiber optic,No,No,No,No,Yes,No,Month-to-month,Yes,Bank transfer (automatic),107.82,4099.01,Yes
CUST-3017,Female,0,Yes,No,10,Yes,Yes,Fiber optic,Yes,No,No,No,No,Yes,Two year,Yes,Mailed check,110.73,1109.57,Yes
CUST-3018,Female,0,Yes,Yes,24,No,No phone service,Fiber optic,No,No,No,Yes,No,Yes,Two year,No,Mailed check,90.86,2176.88,No
CUST-3019,Male,0,Yes,Yes,54,Yes,No,DSL,No,No,No,Yes,Yes,Yes,Month-to-month,No,Credit card (automatic),93.73,5059.4,No
CUST-3020,Female,0,Yes,No,57,Yes,No,DSL,Yes,Yes,No,No,No,No,Month-to-month,Yes,Electronic check,75.53,4300.49,No
CUST-3021,Male,0,No,Yes,36,Yes,No,DSL,No,No,Yes,No,No,Yes,Month-to-month,Yes,Mailed check,78.64,2827.87,No
CUST-3022,Male,0,No,No,15,No,No phone service,DSL,No,No,No,No,Yes,No,Month-to-month,No,Bank transfer (automatic),60.21,908.9,No
CUST-3023,Male,0,No,No,69,Yes,Yes,Fiber optic,No,Yes,Yes,No,No,No,Two year,Yes,Credit card (automatic),107.06,7390.77,No
CUST-3024,Male,0,Yes,Yes,72,Yes,Yes,DSL,No,No,No,No,Yes,Yes,Month-to-month,No,Electronic check,99.01,7131.83,No
CUST-3025,Female,0,Yes,Yes,36,Yes,Yes,DSL,Yes,No,No,No,Yes,No,Two year,No,Bank transfer (automatic),95.56,3443.9,No
CUST-3026,Female,0,Yes,Yes,52,Yes,Yes,Fiber optic,No,Yes,No,Yes,No,No,One year,No,Electronic check,112.64,5844.95,Yes
CUST-3027,Female,0,Yes,Yes,15,Yes,Yes,Fiber optic,No,Yes,No,No,Yes,Yes,Month-to-month,No,Mailed check,132.01,1979.04,Yes
CUST-3028,Female,0,Yes,Yes,17,Yes,No,No,No internet service,No internet service,No internet service,No internet service,No internet service,No internet service,Month-to-month,Yes,Bank transfer (automatic),30.18,513.93,No
CUST-3029,Female,0,Yes,Yes,18,Yes,No,No,No internet service,No internet service,No internet service,No internet service,No internet service,No internet service,Month-to-month,Yes,Credit card (automatic),32.12,573.72,Yes
CUST-3030,Female,0,No,Yes,43,Yes,Yes,Fiber optic,No,No,No,Yes,Yes,No,Month-to-month,Yes,Electronic check,111.77,4798.18,Yes
CUST-3031,Female,0,Yes,Yes,1,Yes,Yes,DSL,No,Yes,No,No,No,Yes,Month-to-month,No,Bank transfer (automatic),94.06,94.06,Yes
CUST-3032,Male,0,No,Yes,57,No,No phone service,Fiber optic,No,Yes,No,No,Yes,No,Month-to-month,Yes,Electronic check,92.02,5248.29,No
CUST-3033,Female,0,Yes,Yes,9,Yes,Yes,Fiber optic,Yes,No,Yes,Yes,Yes,Yes,One year,No,Electronic check,143.29,1294.13,No
CUST-3034,Female,0,No,Yes,45,Yes,Yes,No,No internet service,No internet service,No internet service,No internet service,No internet service,No internet service,Month-to-month,Yes,Bank transfer (automatic),47.25,2119.44,Yes
CUST-3035,Male,0,Yes,Yes,18,Yes,No,DSL,No,No,Yes,Yes,No,No,Month-to-month,No,Credit card (automatic),78.19,1408.97,Yes
CUST-3036,Female,0,No,Yes,37,Yes,No,Fiber optic,No,No,No,No,No,No,Month-to-month,Yes,Electronic check,83.41,3079.31,Yes
CUST-3037,Female,0,No,Yes,36,No,No phone service,Fiber optic,No,No,No,No,Yes,No,Two year,Yes,Electronic check,83.49,3007.26,No
CUST-3038,Male,1,Yes,Yes,44,Yes,No,Fiber optic,No,Yes,Yes,No,No,No,One year,Yes,Electronic check,95.71,4207.42,No
CUST-3039,Female,0,Yes,Yes,33,Yes,Yes,Fiber optic,No,Yes,No,No,No,No,One year,No,Mailed check,104.77,3460.12,Yes
CUST-3040,Female,0,No,No,1,Yes,Yes,DSL,Yes,Yes,Yes,No,Yes,No,Month-to-month,No,Electronic check,109.03,110.45,Yes
CUST-3041,Female,0,Yes,Yes,43,Yes,Yes,Fiber optic,Yes,No,Yes,Yes,No,No,Two year,Yes,Credit card (automatic),123.24,5307.69,No
CUST-3042,Male,0,Yes,Yes,26,Yes,No,Fiber optic,Yes,Yes,No,No,No,No,Month-to-month,No,Mailed check,95.03,2470.63,Yes
CUST-3043,Female,1,Yes,No,47,Yes,No,DSL,Yes,Yes,No,Yes,No,Yes,Month-to-month,No,Electronic check,95.97,4512.72,No
CUST-3044,Female,0,No,No,6,Yes,Yes,No,No internet service,No internet service,No internet service,No internet service,No internet service,No internet service,Month-to-month,No,Bank transfer (automatic),45.6,276.73,Yes
CUST-3045,Male,0,Yes,Yes,26,Yes,No,No,No internet service,No internet service,No internet service,No internet service,No internet service,No internet service,Month-to-month,Yes,Mailed check,31.36,812.96,No
CUST-3046,Female,0,No,Yes,70,Yes,Yes,DSL,No,Yes,No,No,Yes,Yes,Month-to-month,Yes,Credit card (automatic),109.47,7668.38,No
CUST-3047,Male,0,No,Yes,17,No,No phone service,DSL,No,No,Yes,Yes,Yes,Yes,One year,Yes,Credit card (automatic),88.43,1515.28,No
CUST-3048,Male,0,Yes,Yes,32,Yes,Yes,Fiber optic,No,No,No,Yes,Yes,No,Two year,No,Credit card (automatic),112.64,3603.21,No
CUST-3049,Female,0,No,No,32,Yes,Yes,Fiber optic,No,Yes,No,Yes,No,No,Month-to-month,No,Mailed check,109.3,3493.4,No
CUST-3050,Male,0,Yes,Yes,24,Yes,Yes,Fiber optic,Yes,No,No,No,Yes,No,Two year,Yes,Electronic check,115.38,2757.36,Yes
CUST-3051,Male,0,Yes,No,13,Yes,No,No,No internet service,No internet service,No internet service,No internet service,No internet service,No internet service,One year,Yes,Mailed check,31.34,418.51,No
CUST-3052,Female,0,No,Yes,37,Yes,Yes,No,No internet service,No internet service,No internet service,No internet service,No internet service,No internet service,Month-to-month,Yes,Mailed check,46.23,1715.8,No
CUST-3053,Male,1,No,No,37,Yes,No,Fiber optic,No,No,No,Yes,Yes,Yes,Month-to-month,No,Credit card (automatic),112.69,4170.5,Yes
CUST-3054,Male,0,No,Yes,3,Yes,No,DSL,No,Yes,Yes,No,No,Yes,Two year,Yes,Electronic check,88.63,270.16,Yes
CUST-3055,Female,0,No,Yes,61,Yes,No,Fiber optic,No,No,No,No,Yes,Yes,Month-to-month,No,Mailed check,106.2,6472.41,Yes
CUST-3056,Female,0,No,Yes,9,Yes,No,Fiber optic,No,No,Yes,No,No,No,Month-to-month,Yes,Mailed check,89.7,813.79,Yes
CUST-3057,Female,0,Yes,Yes,34,Yes,Yes,No,No internet service,No internet service,No internet service,No internet service,No internet service,No internet service,Month-to-month,Yes,Mailed check,42.17,1434.81,Yes
CUST-3058,Male,0,No,Yes,22,Yes,Yes,DSL,Yes,No,Yes,No,Yes,No,Two year,No,Electronic check,103.92,2284.76,No
CUST-3059,Female,0,Yes,No,64,Yes,No,Fiber optic,Yes,No,No,No,Yes,Yes,One year,Yes,Credit card (automatic),113.21,7245.97,No
CUST-3060,Male,0,Yes,Yes,24,Yes,No,Fiber optic,No,No,No,No,No,No,Month-to-month,No,Credit card (automatic),78.56,1881.1,No
CUST-3061,Male,0,No,No,52,Yes,No,Fiber optic,Yes,No,No,No,Yes,No,Two year,No,Electronic check,101.61,5279.79,No
CUST-3062,Male,1,No,Yes,16,Yes,Yes,DSL,No,Yes,Yes,Yes,Yes,No,One year,Yes,Mailed check,110.89,1767.97,No
CUST-3063,Male,0,No,Yes,56,Yes,Yes,No,No internet service,No internet service,No internet service,No internet service,No internet service,No internet service,Two year,Yes,Bank transfer (automatic),46.47,2603.26,No
CUST-3064,Male,0,No,No,19,Yes,No,Fiber optic,No,Yes,Yes,No,No,No,Month-to-month,No,Credit card (automatic),93.42,1775.68,Yes
CUST-3065,Male,1,No,Yes,24,Yes,No,No,No internet service,No internet service,No internet service,No internet service,No internet service,No internet service,Month-to-month,Yes,Electronic check,27.85,659.16,No
CUST-3066,Male,0,Yes,Yes,41,Yes,No,Fiber optic,Yes,No,Yes,No,No,Yes,Month-to-month,Yes,Bank transfer (automatic),110.01,4502.72,Yes
CUST-3067,Female,0,Yes,Yes,44,Yes,No,Fiber optic,Yes,No,No,No,No,Yes,Month-to-month,No,Credit card (automatic),101.62,4476.07,Yes
CUST-3068,Female,0,Yes,Yes,30,Yes,Yes,No,No internet service,No internet service,No internet service,No internet service,No internet service,No internet service,One year,Yes,Electronic check,40.82,1227.96,No
CUST-3069,Male,0,No,No,64,Yes,No,No,No internet service,No internet service,No internet service,No internet service,No internet service,No internet service,Month-to-month,Yes,Credit card (automatic),29.65,1895.59,No
CUST-3070,Male,1,No,Yes,51,Yes,No,No,No internet service,No internet service,No internet service,No internet service,No internet service,No internet service,One year,Yes,Bank transfer (automatic),25.19,1289.09,Yes
CUST-3071,Female,1,Yes,Yes,20,Yes,No,DSL,Yes,No,No,No,Yes,No,Two year,No,Credit card (automatic),84.0,1671.54,No
CUST-3072,Male,0,No,No,29,Yes,Yes,Fiber optic,No,Yes,No,Yes,Yes,Yes,Two year,Yes,Electronic check,133.94,3888.94,No
CUST-3073,Female,0,No,Yes,2,Yes,No,DSL,No,Yes,Yes,No,Yes,Yes,Month-to-month,Yes,Electronic check,99.41,186.09,Yes
CUST-3074,Female,0,No,Yes,69,Yes,Yes,Fiber optic,No,No,No,No,Yes,No,Month-to-month,Yes,Mailed check,105.55,7282.29,No
CUST-3075,Female,0,Yes,No,42,No,No phone service,DSL,Yes,No,Yes,No,Yes,Yes,Month-to-month,No,Credit card (automatic),89.33,3756.76,No
CUST-3076,Male,0,No,Yes,28,Yes,Yes,Fiber optic,No,Yes,No,No,Yes,No,Month-to-month,No,Credit card (automatic),113.83,3189.09,No
CUST-3077,Male,0,Yes,No,2,Yes,Yes,No,No internet service,No internet service,No internet service,No internet service,No internet service,No internet service,Two year,Yes,Bank transfer (automatic),47.39,100.68,Yes
CUST-3078,Female,1,No,Yes,57,Yes,No,Fiber optic,No,No,No,Yes,Yes,No,One year,Yes,Mailed check,99.66,5679.6,No
CUST-3079,Female,1,No,No,32,Yes,No,No,No internet service,No internet service,No internet service,No internet service,No internet service,No internet service,One year,Yes,Electronic check,28.87,923.55,Yes
CUST-3080,Female,0,Yes,No,44,Yes,No,DSL,No,No,No,Yes,Yes,No,Month-to-month,Yes,Mailed check,80.86,3564.03,No
CUST-3081,Female,0,No,Yes,68,No,No phone service,No,No internet service,No internet service,No internet service,No internet service,No internet service,No internet service,One year,No,Electronic check,18.0,1229.27,Yes
CUST-3082,Female,0,No,Yes,31,Yes,No,DSL,No,No,Yes,Yes,Yes,Yes,One year,Yes,Bank transfer (automatic),98.76,3059.52,No
CUST-3083,Male,0,No,Yes,51,No,No phone service,Fiber optic,No,No,No,No,No,No,Month-to-month,No,Mailed check,69.54,3548.5,Yes
CUST-3084,Female,0,Yes,No,63,Yes,No,Fiber optic,Yes,Yes,No,No,Yes,No,One year,Yes,Mailed check,105.72,6656.87,No
CUST-3085,Male,0,No,Yes,39,Yes,No,No,No internet service,No internet service,No internet service,No internet service,No internet service,No internet service,Month-to-month,Yes,Bank transfer (automatic),31.08,1218.31,Yes
CUST-3086,Female,0,No,Yes,12,Yes,No,No,No internet service,No internet service,No internet service,No internet service,No internet service,No internet service,Month-to-month,Yes,Mailed check,29.87,358.25,Yes
CUST-3087,Male,0,No,Yes,28,Yes,No,DSL,No,No,No,No,No,No,Month-to-month,Yes,Bank transfer (automatic),61.15,1714.08,No
CUST-3088,Male,0,No,No,62,Yes,Yes,DSL,No,No,Yes,No,Yes,Yes,Two year,Yes,Bank transfer (automatic),108.09,6700.44,Yes
CUST-3089,Male,1,No,Yes,25,Yes,No,Fiber optic,No,No,Yes,Yes,No,Yes,Month-to-month,No,Electronic check,110.87,2755.5,Yes
CUST-3090,Male,0,Yes,Yes,58,Yes,No,Fiber optic,Yes,Yes,No,Yes,Yes,No,One year,No,Electronic check,114.06,6610.76,No
CUST-3091,Male,0,Yes,Yes,48,Yes,No,Fiber optic,Yes,No,No,Yes,Yes,Yes,Month-to-month,No,Electronic check,121.91,5844.14,No
CUST-3092,Male,0,No,Yes,52,Yes,Yes,DSL,Yes,No,Yes,Yes,No,Yes,Month-to-month,Yes,Electronic check,109.94,5718.36,No
CUST-3093,Female,0,No,Yes,30,Yes,Yes,No,No internet service,No internet service,No internet service,No internet service,No internet service,No internet service,Month-to-month,No,Credit card (automatic),45.22,1344.33,Yes
CUST-3094,Male,1,Yes,Yes,11,No,No phone service,DSL,No,Yes,Yes,No,Yes,Yes,Two year,No,Electronic check,90.92,1001.55,Yes
CUST-3095,Female,0,No,No,57,Yes,No,Fiber optic,No,No,No,No,Yes,No,Month-to-month,No,Credit card (automatic),94.15,5361.3,Yes
CUST-3096,Male,0,No,No,35,Yes,Yes,DSL,Yes,No,No,No,Yes,Yes,Two year,Yes,Credit card (automatic),107.17,3752.76,No
CUST-3097,Male,0,No,Yes,9,Yes,No,No,No internet service,No internet service,No internet service,No internet service,No internet service,No internet service,Month-to-month,No,Electronic check,31.89,287.16,Yes
CUST-3098,Female,0,No,Yes,5,Yes,Yes,DSL,No,Yes,Yes,Yes,No,No,Month-to-month,Yes,Mailed check,101.91,509.02,Yes
CUST-3099,Male,0,No,Yes,6,No,No phone service,Fiber optic,No,No,No,No,Yes,Yes,Month-to-month,Yes,Mailed check,93.27,564.92,Yes
CUST-3100,Female,0,No,Yes,30,Yes,Yes,DSL,Yes,Yes,Yes,No,No,No,Month-to-month,Yes,Credit card (automatic),98.44,2958.32,Yes
CUST-3101,Female,0,No,Yes,71,Yes,Yes,Fiber optic,Yes,No,No,No,No,Yes,Two year,Yes,Electronic check,113.37,8055.78,No
CUST-3102,Female,0,No,Yes,2,Yes,Yes,No,No internet service,No internet service,No internet service,No internet service,No internet service,No internet service,Month-to-month,No,Credit card (automatic),43.94,84.24,No
CUST-3103,Female,0,Yes,Yes,46,Yes,No,DSL,No,Yes,Yes,No,No,Yes,Month-to-month,Yes,Credit card (automatic),88.47,4063.84,Yes
CUST-3104,Male,0,Yes,No,0,Yes,No,No,No internet service,No internet service,No internet service,No internet service,No internet service,No internet service,One year,Yes,Mailed check,29.71, ,No
CUST-3105,Male,0,No,No,44,Yes,No,No,No internet service,No internet service,No internet service,No internet service,No internet service,No internet service,Month-to-month,Yes,Electronic check,29.63,1308.9,Yes
CUST-3106,Female,0,No,Yes,53,Yes,Yes,Fiber optic,No,No,Yes,No,No,Yes,Month-to-month,Yes,Electronic check,115.63,6124.84,Yes
CUST-3107,Male,1,No,Yes,49,Yes,No,DSL,No,No,Yes,Yes,No,Yes,Month-to-month,Yes,Credit card (automatic),87.57,4283.76,No
CUST-3108,Male,1,No,No,6,Yes,No,No,No internet service,No internet service,No internet service,No internet service,No internet service,No internet service,Month-to-month,No,Electronic check,27.19,157.05,No
CUST-3109,Female,0,Yes,No,62,Yes,No,No,No internet service,No internet service,No internet service,No internet service,No internet service,No internet service,Month-to-month,No,Mailed check,28.25,1752.32,No
CUST-3110,Male,0,Yes,Yes,14,Yes,No,No,No internet service,No internet service,No internet service,No internet service,No internet service,No internet service,One year,No,Electronic check,30.79,429.93,Yes
CUST-3111,Female,0,Yes,Yes,66,Yes,Yes,No,No internet service,No internet service,No internet service,No internet service,No internet service,No internet service,Month-to-month,No,Credit card (automatic),45.59,3014.35,No
CUST-3112,Female,0,Yes,Yes,29,Yes,No,Fiber optic,No,No,No,No,No,No,One year,No,Mailed check,78.32,2264.51,No
CUST-3113,Male,0,No,Yes,67,Yes,No,Fiber optic,No,Yes,No,No,Yes,No,Month-to-month,Yes,Credit card (automatic),98.73,6607.42,No
CUST-3114,Male,0,No,Yes,35,Yes,No,Fiber optic,No,No,No,Yes,No,No,Two year,Yes,Credit card (automatic),86.62,3030.35,No
CUST-3115,Male,0,No,Yes,66,No,No phone service,Fiber optic,No,No,No,No,Yes,Yes,Two year,Yes,Mailed check,93.36,6151.95,No
CUST-3116,Female,0,Yes,Yes,4,Yes,Yes,Fiber optic,Yes,Yes,No,No,No,No,Month-to-month,Yes,Credit card (automatic),112.78,448.64,Yes
CUST-3117,Female,1,No,Yes,24,No,No phone service,No,No internet service,No internet service,No internet service,No internet service,No internet service,No internet service,Two year,Yes,Electronic check,23.18,560.64,No
CUST-3118,Male,0,No,Yes,10,Yes,No,Fiber optic,No,Yes,Yes,No,No,Yes,Two year,Yes,Electronic check,108.49,1095.48,Yes
CUST-3119,Male,0,Yes,No,71,Yes,No,No,No internet service,No internet service,No internet service,No internet service,No internet service,No internet service,Month-to-month,Yes,Bank transfer (automatic),33.03,2343.07,Yes
CUST-3120,Male,0,Yes,Yes,65,Yes,Yes,DSL,No,No,No,No,Yes,No,One year,No,Mailed check,86.28,5605.74,No
CUST-3121,Male,0,Yes,Yes,27,Yes,No,Fiber optic,Yes,No,Yes,No,Yes,Yes,Two year,Yes,Credit card (automatic),120.71,3259.71,Yes
CUST-3122,Female,1,Yes,Yes,59,Yes,No,Fiber optic,No,No,Yes,No,Yes,Yes,Month-to-month,No,Bank transfer (automatic),111.54,6584.16,Yes
CUST-3123,Male,0,Yes,Yes,9,Yes,Yes,DSL,No,Yes,No,No,Yes,Yes,Month-to-month,No,Bank transfer (automatic),108.37,980.68,Yes
CUST-3124,Female,0,No,Yes,49,Yes,No,Fiber optic,No,Yes,No,Yes,No,No,One year,Yes,Credit card (automatic),97.7,4784.07,No
CUST-3125,Female,0,No,Yes,38,Yes,No,No,No internet service,No internet service,No internet service,No internet service,No internet service,No internet service,Month-to-month,No,Electronic check,28.88,1102.71,No
CUST-3126,Male,0,Yes,Yes,36,Yes,Yes,Fiber optic,No,No,No,Yes,Yes,No,One year,No,Electronic check,117.2,4216.63,Yes
CUST-3127,Male,0,No,Yes,62,Yes,No,DSL,No,No,Yes,No,No,Yes,Month-to-month,No,Mailed check,78.96,4903.52,No
CUST-3128,Male,0,No,Yes,60,Yes,No,Fiber optic,No,No,No,Yes,Yes,Yes,Month-to-month,No,Electronic check,109.77,6590.9,Yes
CUST-3129,Female,0,No,No,37,Yes,Yes,Fiber optic,No,Yes,Yes,No,Yes,Yes,Two year,No,Electronic check,137.16,5070.84,No
CUST-3130,Male,0,No,Yes,32,Yes,Yes,Fiber optic,Yes,Yes,Yes,Yes,No,Yes,Month-to-month,Yes,Electronic check,139.67,4470.02,No
CUST-3131,Male,0,Yes,Yes,44,Yes,Yes,Fiber optic,Yes,No,No,No,Yes,Yes,Month-to-month,Yes,Bank transfer (automatic),127.33,5600.34,Yes
CUST-3132,Female,0,No,Yes,43,Yes,No,DSL,No,No,Yes,Yes,No,Yes,Month-to-month,Yes,Electronic check,88.63,3814.02,Yes
CUST-3133,Male,0,No,Yes,0,Yes,No,Fiber optic,Yes,No,No,Yes,Yes,No,Month-to-month,Yes,Credit card (automatic),107.35, ,Yes
CUST-3134,Female,0,No,Yes,52,Yes,Yes,Fiber optic,Yes,No,No,No,Yes,No,Month-to-month,Yes,Bank transfer (automatic),116.22,6041.96,Yes
CUST-3135,Male,0,Yes,Yes,46,Yes,No,Fiber optic,Yes,No,Yes,Yes,Yes,Yes,Two year,Yes,Electronic check,125.48,5768.42,No
CUST-3136,Female,0,No,No,32,Yes,No,DSL,No,No,Yes,No,No,Yes,Two year,No,Electronic check,83.87,2686.5,Yes
CUST-3137,Male,0,Yes,No,66,Yes,Yes,No,No internet service,No internet service,No internet service,No internet service,No internet service,No internet service,Two year,Yes,Bank transfer (automatic),43.25,2856.22,No
CUST-3138,Male,0,Yes,Yes,14,Yes,No,DSL,Yes,Yes,Yes,Yes,Yes,Yes,Two year,No,Mailed check,113.75,1586.06,No
CUST-3139,Female,0,Yes,No,13,Yes,No,DSL,No,No,Yes,No,Yes,Yes,Two year,Yes,Mailed check,93.29,1219.61,No
CUST-3140,Female,0,Yes,Yes,22,Yes,No,Fiber optic,No,No,Yes,No,Yes,No,One year,Yes,Mailed check,98.11,2162.94,No
CUST-3141,Male,0,No,No,53,Yes,Yes,Fiber optic,Yes,No,No,No,No,No,Month-to-month,Yes,Mailed check,104.8,5558.27,Yes
CUST-3142,Female,0,Yes,Yes,7,Yes,No,DSL,No,No,No,Yes,Yes,No,Two year,Yes,Mailed check,81.44,569.1,Yes
CUST-3143,Female,0,Yes,Yes,53,No,No phone service,Fiber optic,No,No,Yes,Yes,Yes,No,Two year,No,Bank transfer (automatic),95.75,5069.23,No
CUST-3144,Female,0,Yes,Yes,35,Yes,No,DSL,Yes,Yes,No,No,Yes,Yes,Month-to-month,No,Mailed check,99.8,3498.85,Yes
CUST-3145,Female,0,Yes,Yes,51,Yes,No,No,No internet service,No internet service,No internet service,No internet service,No internet service,No internet service,Month-to-month,Yes,Credit card (automatic),33.08,1683.65,No
CUST-3146,Male,0,Yes,No,5,No,No phone service,Fiber optic,Yes,Yes,Yes,Yes,Yes,Yes,Month-to-month,Yes,Mailed check,125.03,620.89,Yes
CUST-3147,Male,0,No,No,27,No,No phone service,DSL,No,No,Yes,Yes,Yes,No,One year,No,Electronic check,76.52,2066.97,Yes
CUST-3148,Female,0,Yes,Yes,49,Yes,Yes,DSL,No,No,No,No,No,No,One year,Yes,Credit card (automatic),74.77,3654.72,No
CUST-3149,Female,0,No,No,37,Yes,No,Fiber optic,Yes,No,No,No,Yes,Yes,Month-to-month,Yes,Electronic check,113.04,4183.93,No
CUST-3150,Female,0,No,No,29,Yes,No,Fiber optic,No,No,Yes,No,Yes,No,Two year,Yes,Bank transfer (automatic),99.06,2868.91,No
CUST-3151,Female,0,Yes,Yes,72,Yes,Yes,No,No internet service,No internet service,No internet service,No internet service,No internet service,No internet service,Month-to-month,Yes,Credit card (automatic),43.48,3129.71,No
CUST-3152,Male,0,No,Yes,53,No,No phone service,No,No internet service,No internet service,No internet service,No internet service,No internet service,No internet service,One year,No,Electronic check,21.39,1137.67,No
CUST-3153,Male,0,No,Yes,70,Yes,No,Fiber optic,Yes,Yes,No,No,Yes,Yes,One year,No,Electronic check,123.88,8677.91,Yes
CUST-3154,Female,0,No,Yes,45,Yes,No,No,No internet service,No internet service,No internet service,No internet service,No internet service,No internet service,Month-to-month,No,Mailed check,29.99,1355.07,Yes
CUST-3155,Female,0,Yes,Yes,27,Yes,Yes,Fiber optic,No,No,No,No,Yes,Yes,Two year,No,Mailed check,117.8,3187.67,No
CUST-3156,Female,0,Yes,Yes,16,Yes,Yes,Fiber optic,No,Yes,No,No,No,No,Month-to-month,No,Electronic check,102.49,1639.62,Yes
CUST-3157,Male,0,Yes,Yes,47,Yes,No,Fiber optic,No,No,Yes,No,No,Yes,One year,Yes,Mailed check,96.97,4545.67,Yes
CUST-3158,Female,1,Yes,Yes,43,Yes,Yes,DSL,Yes,No,No,No,No,No,Month-to-month,No,Electronic check,82.91,3564.13,Yes
CUST-3159,Male,1,Yes,No,59,Yes,No,DSL,No,No,Yes,No,Yes,No,Month-to-month,Yes,Electronic check,81.08,4787.0,Yes
CUST-3160,Female,0,Yes,Yes,59,No,No phone service,No,No internet service,No internet service,No internet service,No internet service,No internet service,No internet service,Month-to-month,Yes,Bank transfer (automatic),18.74,1102.66,No
CUST-3161,Male,0,Yes,Yes,4,Yes,Yes,Fiber optic,No,Yes,No,No,Yes,Yes,Month-to-month,Yes,Electronic check,123.78,493.17,Yes
CUST-3162,Female,0,No,Yes,68,Yes,Yes,No,No internet service,No internet service,No internet service,No internet service,No internet service,No internet service,Two year,Yes,Bank transfer (automatic),46.82,3177.63,No
CUST-3163,Male,0,No,Yes,69,Yes,Yes,DSL,Yes,No,No,No,No,No,Two year,Yes,Credit card (automatic),79.97,5521.44,No
CUST-3164,Female,0,Yes,Yes,6,No,No phone service,Fiber optic,No,Yes,Yes,Yes,No,Yes,Two year,Yes,Electronic check,105.57,630.05,No
CUST-3165,Female,0,No,Yes,52,Yes,No,Fiber optic,Yes,Yes,No,Yes,Yes,No,Two year,Yes,Electronic check,119.11,6192.32,No
CUST-3166,Female,0,Yes,Yes,16,Yes,No,Fiber optic,No,No,Yes,No,No,Yes,Two year,Yes,Credit card (automatic),100.75,1614.88,No
CUST-3167,Male,0,Yes,Yes,58,Yes,Yes,No,No internet service,No internet service,No internet service,No internet service,No internet service,No internet service,One year,Yes,Bank transfer (automatic),41.12,2384.55,No
CUST-3168,Female,0,Yes,Yes,8,Yes,Yes,Fiber optic,Yes,No,Yes,No,Yes,Yes,Two year,Yes,Bank transfer (automatic),132.61,1068.77,Yes
CUST-3169,Male,0,No,Yes,21,Yes,Yes,Fiber optic,Yes,No,No,Yes,Yes,Yes,Month-to-month,Yes,Bank transfer (automatic),133.37,2798.85,Yes
CUST-3170,Male,0,Yes,Yes,44,No,No phone service,Fiber optic,Yes,No,No,No,Yes,Yes,Month-to-month,No,Bank transfer (automatic),99.71,4378.19,Yes
CUST-3171,Female,1,Yes,Yes,72,Yes,No,No,No internet service,No internet service,No internet service,No internet service,No internet service,No internet service,Month-to-month,Yes,Credit card (automatic),27.21,1962.6,No
CUST-3172,Female,0,Yes,Yes,58,Yes,No,Fiber optic,No,No,No,No,No,Yes,Month-to-month,Yes,Electronic check,89.91,5214.92,No
CUST-3173,Female,0,Yes,Yes,12,Yes,Yes,Fiber optic,Yes,No,No,Yes,Yes,Yes,Month-to-month,No,Mailed check,136.25,1638.52,Yes
CUST-3174,Male,0,No,No,11,No,No phone service,No,No internet service,No internet service,No internet service,No internet service,No internet service,No internet service,Month-to-month,No,Bank transfer (automatic),21.75,237.08,Yes
CUST-3175,Female,1,Yes,Yes,35,Yes,Yes,DSL,Yes,No,Yes,No,Yes,No,One year,Yes,Bank transfer (automatic),99.68,3490.37,No
CUST-3176,Male,0,No,No,9,Yes,No,No,No internet service,No internet service,No internet service,No internet service,No internet service,No internet service,One year,No,Electronic check,34.24,306.86,No
CUST-3177,Male,0,No,No,15,Yes,Yes,No,No internet service,No internet service,No internet service,No internet service,No internet service,No internet service,One year,No,Credit card (automatic),46.81,694.58,No
CUST-3178,Female,0,Yes,Yes,18,Yes,Yes,Fiber optic,Yes,No,Yes,Yes,Yes,Yes,Two year,No,Credit card (automatic),146.55,2641.18,No
CUST-3179,Female,0,Yes,Yes,5,Yes,No,Fiber optic,No,Yes,Yes,Yes,No,No,Two year,Yes,Electronic check,101.77,511.65,Yes
CUST-3180,Female,0,No,Yes,3,Yes,Yes,No,No internet service,No internet service,No internet service,No internet service,No internet service,No internet service,One year,No,Mailed check,42.51,132.64,Yes
CUST-3181,Female,0,No,Yes,29,Yes,No,No,No internet service,No internet service,No internet service,No internet service,No internet service,No internet service,Month-to-month,No,Electronic check,31.72,907.52,No
CUST-3182,Female,0,No,Yes,45,Yes,Yes,DSL,Yes,Yes,No,No,No,Yes,One year,No,Mailed check,103.94,4677.25,No
CUST-3183,Female,1,No,Yes,26,Yes,Yes,Fiber optic,Yes,No,Yes,Yes,No,No,One year,Yes,Mailed check,119.73,3110.7,Yes
CUST-3184,Male,0,Yes,Yes,44,Yes,No,DSL,No,Yes,Yes,No,No,No,Month-to-month,No,Mailed check,75.36,3320.48,Yes
CUST-3185,Male,0,No,Yes,36,No,No phone service,DSL,Yes,Yes,No,Yes,Yes,No,Month-to-month,No,Mailed check,85.54,3080.09,No
CUST-3186,Male,0,No,No,8,No,No phone service,No,No internet service,No internet service,No internet service,No internet service,No internet service,No internet service,Month-to-month,No,Mailed check,21.72,171.88,Yes
CUST-3187,Female,0,No,Yes,60,Yes,Yes,No,No internet service,No internet service,No internet service,No internet service,No internet service,No internet service,Two year,Yes,Bank transfer (automatic),43.71,2630.61,No
CUST-3188,Male,1,No,No,34,No,No phone service,Fiber optic,No,No,No,No,Yes,No,Month-to-month,Yes,Electronic check,78.97,2694.71,Yes
CUST-3189,Male,0,Yes,No,46,Yes,Yes,Fiber optic,No,No,Yes,Yes,No,Yes,Month-to-month,Yes,Electronic check,123.64,5695.14,Yes
CUST-3190,Male,0,Yes,No,20,Yes,Yes,Fiber optic,No,No,No,No,No,No,Two year,No,Mailed check,97.73,1956.42,No
CUST-3191,Male,0,Yes,No,16,Yes,No,No,No internet service,No internet service,No internet service,No internet service,No internet service,No internet service,Two year,Yes,Bank transfer (automatic),27.01,429.97,No
CUST-3192,Male,0,No,Yes,54,Yes,No,Fiber optic,Yes,No,No,No,Yes,No,Month-to-month,No,Mailed check,99.94,5406.98,No
CUST-3193,Female,0,No,Yes,5,Yes,Yes,DSL,Yes,No,Yes,No,No,Yes,One year,Yes,Bank transfer (automatic),98.68,500.26,Yes
CUST-3194,Female,0,Yes,Yes,34,Yes,No,No,No internet service,No internet service,No internet service,No internet service,No internet service,No internet service,Month-to-month,Yes,Credit card (automatic),32.3,1102.62,Yes
CUST-3195,Male,0,Yes,Yes,49,Yes,No,Fiber optic,No,No,No,Yes,No,No,Month-to-month,No,Bank transfer (automatic),86.21,4222.48,No
CUST-3196,Male,0,No,No,36,Yes,No,DSL,No,Yes,Yes,No,Yes,No,One year,Yes,Credit card (automatic),88.03,3163.45,No
CUST-3197,Male,0,Yes,No,12,Yes,No,Fiber optic,Yes,No,No,No,No,No,Month-to-month,Yes,Electronic check,88.11,1051.27,Yes
CUST-3198,Female,0,No,Yes,24,Yes,Yes,Fiber optic,Yes,No,Yes,No,No,Yes,Month-to-month,Yes,Mailed check,123.18,2956.43,Yes
CUST-3199,Female,1,No,Yes,0,Yes,Yes,Fiber optic,No,No,Yes,No,Yes,Yes,Two year,Yes,Mailed check,128.05, ,Yes
CUST-3200,Male,0,No,Yes,48,Yes,Yes,No,No internet service,No internet service,No internet service,No internet service,No internet service,No internet service,Month-to-month,Yes,Bank transfer (automatic),48.11,2312.04,No
CUST-3201,Female,0,No,Yes,34,Yes,Yes,DSL,No,Yes,Yes,Yes,No,Yes,Two year,Yes,Credit card (automatic),110.35,3742.08,No
CUST-3202,Female,0,No,Yes,52,Yes,Yes,DSL,No,Yes,No,Yes,No,Yes,Month-to-month,No,Electronic check,102.55,5337.63,Yes
CUST-3203,Male,0,No,Yes,51,Yes,No,Fiber optic,Yes,No,No,No,No,Yes,Month-to-month,No,Electronic check,97.75,4977.68,Yes
CUST-3204,Female,0,Yes,No,53,Yes,Yes,DSL,No,No,Yes,No,Yes,Yes,Month-to-month,No,Bank transfer (automatic),103.42,5480.08,Yes
CUST-3205,Female,1,Yes,Yes,46,Yes,No,Fiber optic,Yes,Yes,Yes,No,Yes,Yes,Month-to-month,Yes,Electronic check,126.83,5840.44,Yes
CUST-3206,Male,0,Yes,No,42,Yes,No,Fiber optic,No,No,No,Yes,Yes,Yes,One year,No,Electronic check,112.87,4751.68,No
CUST-3207,Female,1,No,Yes,19,No,No phone service,No,No internet service,No internet service,No internet service,No internet service,No internet service,No internet service,Month-to-month,Yes,Credit card (automatic),19.53,371.72,No
CUST-3208,Female,0,Yes,No,32,Yes,No,No,No internet service,No internet service,No internet service,No internet service,No internet service,No internet service,Two year,Yes,Electronic check,32.61,1042.79,No
CUST-3209,Male,0,No,Yes,15,Yes,No,Fiber optic,Yes,No,No,No,No,Yes,Two year,Yes,Electronic check,99.95,1498.76,Yes
CUST-3210,Female,1,No,No,6,Yes,No,DSL,Yes,Yes,Yes,No,No,No,Two year,Yes,Electronic check,86.86,520.58,No
CUST-3211,Female,0,No,Yes,69,Yes,No,Fiber optic,No,No,No,No,Yes,No,Month-to-month,Yes,Bank transfer (automatic),92.27,6370.69,Yes
CUST-3212,Male,1,No,Yes,20,No,No phone service,Fiber optic,No,No,No,No,Yes,No,Month-to-month,No,Mailed check,80.9,1615.03,Yes
CUST-3213,Male,0,Yes,Yes,35,Yes,No,DSL,No,Yes,No,No,Yes,No,Month-to-month,No,Electronic check,77.39,2705.55,No
CUST-3214,Male,1,Yes,No,53,Yes,No,No,No internet service,No internet service,No internet service,No internet service,No internet service,No internet service,Two year,No,Electronic check,25.33,1339.22,No
CUST-3215,Female,0,Yes,Yes,18,Yes,No,Fiber optic,No,No,No,No,No,Yes,One year,Yes,Electronic check,90.65,1636.84,Yes
CUST-3216,Male,0,No,Yes,24,Yes,No,No,No internet service,No internet service,No internet service,No internet service,No internet service,No internet service,Month-to-month,No,Electronic check,31.38,755.49,No
CUST-3217,Female,0,Yes,Yes,66,Yes,No,Fiber optic,No,No,No,No,No,Yes,Month-to-month,Yes,Credit card (automatic),91.13,6016.34,Yes
CUST-3218,Male,0,Yes,Yes,52,Yes,No,No,No internet service,No internet service,No internet service,No internet service,No internet service,No internet service,Two year,No,Electronic check,28.08,1469.5,No
CUST-3219,Female,0,Yes,No,47,Yes,Yes,Fiber optic,Yes,No,No,No,Yes,No,One year,No,Credit card (automatic),114.78,5397.88,No
CUST-3220,Male,0,No,Yes,41,Yes,Yes,Fiber optic,Yes,No,Yes,No,No,Yes,Two year,Yes,Electronic check,122.84,5046.7,No
CUST-3221,Male,0,Yes,Yes,46,Yes,Yes,Fiber optic,No,No,No,No,No,No,Two year,Yes,Credit card (automatic),94.03,4332.26,No
CUST-3222,Male,0,No,No,41,Yes,Yes,No,No internet service,No internet service,No internet service,No internet service,No internet service,No internet service,One year,Yes,Bank transfer (automatic),46.09,1884.52,Yes
CUST-3223,Male,0,Yes,No,1,Yes,Yes,Fiber optic,Yes,No,Yes,Yes,Yes,Yes,Two year,No,Mailed check,142.58,147.67,No
CUST-3224,Female,0,No,No,5,Yes,Yes,No,No internet service,No internet service,No internet service,No internet service,No internet service,No internet service,One year,Yes,Mailed check,48.07,247.56,No
CUST-3225,Male,0,Yes,Yes,45,Yes,No,DSL,No,No,Yes,Yes,No,No,One year,No,Electronic check,74.99,3368.11,No
CUST-3226,Male,0,Yes,Yes,65,Yes,No,DSL,No,No,No,No,Yes,No,One year,No,Electronic check,70.59,4591.65,No
CUST-3227,Female,0,Yes,Yes,39,Yes,No,DSL,No,Yes,No,Yes,No,No,Month-to-month,Yes,Credit card (automatic),75.39,2932.79,No
CUST-3228,Male,0,No,No,57,Yes,Yes,No,No internet service,No internet service,No internet service,No internet service,No internet service,No internet service,Month-to-month,Yes,Electronic check,46.62,2658.84,No
CUST-3229,Female,0,Yes,Yes,32,Yes,Yes,DSL,No,No,No,Yes,Yes,No,Two year,No,Electronic check,96.04,3078.94,No
CUST-3230,Male,1,Yes,Yes,61,Yes,Yes,No,No internet service,No internet service,No internet service,No internet service,No internet service,No internet service,Two year,Yes,Mailed check,43.92,2674.81,No
CUST-3231,Male,0,No,Yes,11,Yes,No,Fiber optic,Yes,Yes,No,Yes,No,Yes,Two year,No,Credit card (automatic),113.97,1257.23,No
CUST-3232,Male,0,No,Yes,48,Yes,Yes,DSL,Yes,Yes,No,No,Yes,Yes,Two year,Yes,Mailed check,112.34,5384.86,No
CUST-3233,Female,0,No,No,4,Yes,Yes,Fiber optic,Yes,Yes,Yes,No,Yes,No,One year,Yes,Mailed check,128.66,516.38,No
CUST-3234,Male,0,No,Yes,50,Yes,No,Fiber optic,Yes,No,Yes,Yes,No,Yes,Month-to-month,No,Credit card (automatic),119.12,5957.85,Yes
CUST-3235,Male,0,Yes,Yes,68,Yes,Yes,Fiber optic,Yes,No,Yes,No,No,Yes,One year,No,Bank transfer (automatic),121.43,8257.96,Yes
CUST-3236,Male,0,Yes,No,31,Yes,No,Fiber optic,Yes,No,Yes,No,No,No,Month-to-month,No,Credit card (automatic),94.4,2922.93,Yes
CUST-3237,Female,0,No,Yes,48,Yes,No,DSL,No,Yes,Yes,Yes,No,Yes,Month-to-month,Yes,Electronic check,97.43,4680.41,No
CUST-3238,Female,0,Yes,Yes,59,Yes,No,No,No internet service,No internet service,No internet service,No internet service,No internet service,No internet service,Month-to-month,Yes,Bank transfer (automatic),30.01,1774.56,Yes
CUST-3239,Male,0,No,No,45,Yes,Yes,Fiber optic,No,Yes,No,No,Yes,No,Month-to-month,Yes,Credit card (automatic),117.06,5277.14,No
CUST-3240,Female,0,Yes,No,67,Yes,No,Fiber optic,No,No,No,No,Yes,Yes,One year,Yes,Mailed check,106.58,7154.06,No
CUST-3241,Male,1,No,Yes,40,Yes,No,No,No internet service,No internet service,No internet service,No internet service,No internet service,No internet service,Two year,No,Mailed check,32.25,1284.89,No
CUST-3242,Male,0,Yes,Yes,66,Yes,No,DSL,No,Yes,No,No,No,Yes,Two year,Yes,Electronic check,79.0,5210.7,No
CUST-3243,Male,0,No,Yes,12,Yes,No,Fiber optic,Yes,No,Yes,Yes,No,No,Month-to-month,No,Mailed check,98.86,1184.67,Yes
CUST-3244,Male,1,No,No,17,Yes,No,Fiber optic,Yes,No,Yes,No,No,No,Two year,No,Electronic check,92.78,1577.59,No
CUST-3245,Male,0,Yes,No,50,Yes,No,Fiber optic,No,No,Yes,No,No,No,Two year,No,Mailed check,88.15,4406.94,No
CUST-3246,Male,0,Yes,Yes,35,No,No phone service,DSL,Yes,Yes,Yes,No,Yes,Yes,Month-to-month,No,Bank transfer (automatic),100.2,3508.93,No
CUST-3247,Male,0,Yes,Yes,33,Yes,No,DSL,Yes,No,Yes,No,Yes,Yes,Month-to-month,No,Bank transfer (automatic),98.12,3233.98,Yes
CUST-3248,Female,1,No,Yes,11,No,No phone service,Fiber optic,Yes,Yes,Yes,Yes,No,No,One year,Yes,Bank transfer (automatic),102.83,1128.79,Yes
CUST-3249,Female,1,Yes,Yes,4,Yes,No,DSL,No,No,No,Yes,No,Yes,Month-to-month,No,Mailed check,79.18,304.48,Yes
CUST-3250,Female,0,No,Yes,47,Yes,No,DSL,Yes,Yes,No,Yes,No,No,Two year,Yes,Electronic check,87.25,4101.67,No
CUST-3251,Female,0,Yes,No,39,Yes,Yes,DSL,No,Yes,Yes,No,Yes,No,Month-to-month,No,Electronic check,101.88,3969.51,Yes
CUST-3252,Female,0,Yes,Yes,12,Yes,Yes,Fiber optic,No,No,Yes,No,No,No,Month-to-month,No,Mailed check,104.62,1253.43,Yes
CUST-3253,Female,0,No,Yes,25,Yes,No,DSL,No,No,No,No,Yes,No,Month-to-month,Yes,Credit card (automatic),71.73,1798.18,Yes
CUST-3254,Female,0,No,Yes,13,Yes,No,Fiber optic,No,No,No,No,No,No,One year,No,Electronic check,80.6,1045.11,No
CUST-3255,Male,1,Yes,Yes,10,Yes,Yes,No,No internet service,No internet service,No internet service,No internet service,No internet service,No internet service,Two year,Yes,Bank transfer (automatic),43.99,441.6,No
CUST-3256,Male,0,No,Yes,37,Yes,No,Fiber optic,No,Yes,No,No,No,Yes,Month-to-month,No,Mailed check,100.68,3732.02,Yes
CUST-3257,Male,0,No,Yes,56,Yes,Yes,No,No internet service,No internet service,No internet service,No internet service,No internet service,No internet service,Two year,No,Electronic check,40.93,2295.21,No
CUST-3258,Male,0,Yes,Yes,21,No,No phone service,Fiber optic,No,No,Yes,No,Yes,Yes,Month-to-month,Yes,Electronic check,99.39,2094.22,No
CUST-3259,Female,0,No,Yes,15,No,No phone service,Fiber optic,Yes,Yes,No,No,Yes,No,Month-to-month,Yes,Bank transfer (automatic),96.05,1449.31,No
CUST-3260,Female,0,Yes,Yes,28,No,No phone service,DSL,No,No,No,No,Yes,Yes,One year,No,Electronic check,75.24,2106.73,No
CUST-3261,Male,0,Yes,No,1,Yes,No,DSL,No,No,Yes,No,No,No,Two year,No,Electronic check,67.31,68.27,No
CUST-3262,Male,1,No,Yes,53,Yes,No,Fiber optic,No,No,Yes,No,Yes,No,Two year,No,Mailed check,95.52,5065.38,No
CUST-3263,Female,1,Yes,Yes,1,Yes,Yes,DSL,Yes,No,No,No,Yes,Yes,Month-to-month,Yes,Bank transfer (automatic),107.04,107.04,Yes
CUST-3264,Male,0,No,No,2,Yes,Yes,No,No internet service,No internet service,No internet service,No internet service,No internet service,No internet service,Month-to-month,Yes,Mailed check,41.97,87.28,No
CUST-3265,Male,1,Yes,Yes,55,No,No phone service,No,No internet service,No internet service,No internet service,No internet service,No internet service,No internet service,Month-to-month,Yes,Mailed check,21.73,1199.65,No
CUST-3266,Male,0,No,No,71,Yes,No,DSL,No,No,Yes,Yes,Yes,No,One year,Yes,Bank transfer (automatic),89.02,6312.34,No
CUST-3267,Male,0,No,Yes,10,Yes,No,Fiber optic,No,No,No,No,No,Yes,Month-to-month,Yes,Electronic check,89.08,887.12,Yes
CUST-3268,Female,0,No,No,31,Yes,Yes,Fiber optic,Yes,Yes,No,No,No,Yes,Two year,Yes,Bank transfer (automatic),123.8,3831.31,No
CUST-3269,Male,0,No,No,3,Yes,No,Fiber optic,No,No,No,No,No,No,Two year,No,Mailed check,83.24,252.27,Yes
CUST-3270,Male,1,No,No,8,Yes,Yes,Fiber optic,No,No,No,No,No,No,Two year,No,Mailed check,92.3,735.0,No
CUST-3271,Female,0,Yes,Yes,55,Yes,No,DSL,No,No,Yes,No,No,Yes,Month-to-month,Yes,Electronic check,80.19,4417.44,No
CUST-3272,Female,0,Yes,Yes,15,Yes,No,Fiber optic,No,Yes,No,No,No,Yes,Two year,Yes,Electronic check,100.48,1511.29,No
CUST-3273,Male,0,No,Yes,70,Yes,No,Fiber optic,No,No,Yes,Yes,Yes,Yes,Month-to-month,Yes,Electronic check,118.76,8321.49,Yes
CUST-3274,Female,0,Yes,Yes,9,Yes,Yes,Fiber optic,Yes,No,No,No,No,No,Month-to-month,No,Electronic check,103.61,930.54,Yes
CUST-3275,Male,0,No,No,35,Yes,No,Fiber optic,No,No,Yes,Yes,Yes,No,Month-to-month,No,Bank transfer (automatic),106.88,3751.39,Yes
CUST-3276,Male,0,No,Yes,23,Yes,No,No,No internet service,No internet service,No internet service,No internet service,No internet service,No internet service,Month-to-month,Yes,Credit card (automatic),27.25,615.64,No
CUST-3277,Female,0,Yes,Yes,63,No,No phone service,No,No internet service,No internet service,No internet service,No internet service,No internet service,No internet service,Month-to-month,Yes,Credit card (automatic),21.15,1334.86,Yes
CUST-3278,Male,0,Yes,Yes,55,Yes,No,Fiber optic,Yes,No,No,Yes,No,Yes,Month-to-month,Yes,Bank transfer (automatic),106.91,5881.56,No
CUST-3279,Male,0,No,Yes,21,Yes,Yes,DSL,No,Yes,No,No,Yes,No,Month-to-month,Yes,Electronic check,92.49,1947.3,Yes
CUST-3280,Male,0,No,No,51,Yes,Yes,Fiber optic,No,No,No,Yes,No,No,Month-to-month,Yes,Electronic check,103.88,5295.87,Yes
CUST-3281,Male,0,No,No,49,Yes,Yes,Fiber optic,Yes,No,No,No,Yes,Yes,One year,No,Credit card (automatic),127.46,6250.29,Yes
CUST-3282,Female,0,No,Yes,46,Yes,Yes,DSL,No,Yes,Yes,Yes,Yes,No,One year,Yes,Credit card (automatic),114.07,5242.62,No
CUST-3283,Female,0,No,Yes,22,Yes,No,Fiber optic,No,Yes,No,Yes,Yes,Yes,Month-to-month,Yes,Electronic check,120.98,2659.27,No
CUST-3284,Male,0,No,Yes,18,Yes,Yes,DSL,No,No,Yes,No,Yes,No,Month-to-month,Yes,Bank transfer (automatic),94.16,1695.28,No
CUST-3285,Female,0,Yes,Yes,51,Yes,No,Fiber optic,No,Yes,Yes,Yes,Yes,No,One year,Yes,Mailed check,117.33,5987.14,No
CUST-3286,Male,1,No,No,33,Yes,No,DSL,No,No,Yes,Yes,No,Yes,Month-to-month,Yes,Electronic check,85.98,2830.71,No
CUST-3287,Male,0,No,No,28,Yes,No,DSL,Yes,No,No,No,No,Yes,Two year,Yes,Credit card (automatic),82.92,2323.82,No
CUST-3288,Male,0,Yes,Yes,60,Yes,Yes,Fiber optic,No,Yes,No,No,No,No,Two year,Yes,Credit card (automatic),101.83,6103.1,No
CUST-3289,Male,1,No,Yes,34,Yes,Yes,No,No internet service,No internet service,No internet service,No internet service,No internet service,No internet service,Month-to-month,Yes,Credit card (automatic),41.65,1411.25,Yes
CUST-3290,Male,0,No,Yes,4,Yes,Yes,Fiber optic,No,No,Yes,Yes,Yes,No,Month-to-month,No,Mailed check,121.8,493.74,Yes
CUST-3291,Female,0,Yes,Yes,6,Yes,Yes,Fiber optic,Yes,No,No,Yes,Yes,No,Month-to-month,No,Bank transfer (automatic),121.95,736.84,Yes
CUST-3292,Male,0,No,Yes,40,Yes,Yes,No,No internet service,No internet service,No internet service,No internet service,No internet service,No internet service,Month-to-month,Yes,Mailed check,46.84,1880.49,No
CUST-3293,Female,1,Yes,Yes,1,Yes,Yes,DSL,Yes,No,No,Yes,No,Yes,Two year,Yes,Credit card (automatic),100.93,100.93,No
CUST-3294,Female,1,No,Yes,9,Yes,No,DSL,No,No,Yes,No,Yes,No,One year,Yes,Credit card (automatic),79.04,707.21,No
CUST-3295,Male,0,Yes,Yes,43,Yes,Yes,DSL,No,No,No,No,No,Yes,Two year,No,Bank transfer (automatic),87.08,3740.77,Yes
CUST-3296,Male,0,Yes,Yes,69,Yes,Yes,No,No internet service,No internet service,No internet service,No internet service,No internet service,No internet service,Month-to-month,No,Mailed check,44.99,3105.79,No
CUST-3297,Male,0,Yes,No,34,Yes,Yes,Fiber optic,Yes,No,No,Yes,No,No,One year,Yes,Credit card (automatic),114.17,3889.25,No
CUST-3298,Male,1,No,No,61,Yes,No,DSL,No,Yes,No,No,Yes,Yes,Two year,Yes,Electronic check,93.26,5689.16,No
CUST-3299,Male,1,No,Yes,72,Yes,No,Fiber optic,No,No,Yes,No,Yes,No,Two year,Yes,Electronic check,98.37,7073.46,No
CUST-3300,Female,0,Yes,Yes,19,No,No phone service,No,No internet service,No internet service,No internet service,No internet service,No internet service,No internet service,Month-to-month,No,Mailed check,21.31,405.35,No
CUST-3301,Male,0,Yes,Yes,34,Yes,No,DSL,Yes,No,No,No,No,Yes,Month-to-month,No,Credit card (automatic),79.29,2695.58,No
CUST-3302,Male,0,No,Yes,36,Yes,No,Fiber optic,Yes,Yes,No,No,Yes,Yes,Month-to-month,No,Electronic check,123.51,4452.6,Yes
CUST-3303,Female,0,No,Yes,71,Yes,No,Fiber optic,No,No,No,No,No,Yes,Month-to-month,Yes,Bank transfer (automatic),91.5,6498.34,Yes
CUST-3304,Female,0,No,No,53,Yes,Yes,Fiber optic,No,No,Yes,Yes,Yes,No,One year,Yes,Credit card (automatic),124.52,6601.21,No
CUST-3305,Male,0,No,Yes,27,Yes,Yes,Fiber optic,No,Yes,No,Yes,No,Yes,Month-to-month,Yes,Mailed check,125.19,3380.68,Yes
CUST-3306,Female,0,No,Yes,69,Yes,Yes,No,No internet service,No internet service,No internet service,No internet service,No internet service,No internet service,Month-to-month,Yes,Electronic check,44.38,3057.05,Yes
CUST-3307,Male,0,Yes,Yes,31,Yes,No,Fiber optic,No,No,No,Yes,Yes,No,Two year,Yes,Bank transfer (automatic),99.73,3091.38,No
CUST-3308,Female,1,No,No,10,Yes,No,Fiber optic,Yes,No,Yes,Yes,No,No,One year,No,Electronic check,103.14,1033.23,No
CUST-3309,Female,0,Yes,No,41,Yes,No,Fiber optic,No,Yes,Yes,No,No,No,Month-to-month,No,Mailed check,97.27,3988.66,Yes
CUST-3310,Male,0,No,Yes,22,Yes,No,DSL,No,Yes,Yes,Yes,Yes,No,Month-to-month,Yes,Bank transfer (automatic),100.96,2211.97,Yes
CUST-3311,Female,0,Yes,Yes,29,Yes,No,Fiber optic,No,No,Yes,No,Yes,Yes,Month-to-month,Yes,Mailed check,113.17,3286.56,No
CUST-3312,Female,1,Yes,Yes,8,Yes,No,DSL,Yes,No,No,Yes,Yes,No,One year,No,Mailed check,88.69,710.86,Yes
CUST-3313,Female,0,No,Yes,58,Yes,Yes,Fiber optic,No,No,No,Yes,Yes,No,Month-to-month,Yes,Mailed check,113.42,6584.07,No
CUST-3314,Female,0,Yes,Yes,27,Yes,No,DSL,Yes,No,No,No,Yes,Yes,Month-to-month,No,Electronic check,94.15,2541.12,No
CUST-3315,Female,0,Yes,Yes,32,Yes,Yes,Fiber optic,No,No,No,No,No,No,Two year,Yes,Electronic check,95.35,3052.88,No
CUST-3316,Female,0,Yes,Yes,46,Yes,Yes,Fiber optic,No,Yes,No,No,No,Yes,Month-to-month,Yes,Mailed check,119.62,5494.23,Yes
CUST-3317,Male,0,Yes,Yes,21,Yes,Yes,Fiber optic,No,Yes,No,No,No,No,Month-to-month,No,Mailed check,106.46,2234.18,Yes
CUST-3318,Male,0,No,Yes,28,Yes,Yes,DSL,No,Yes,No,No,No,Yes,Month-to-month,Yes,Mailed check,95.24,2674.01,Yes
CUST-3319,Female,1,Yes,No,33,Yes,Yes,Fiber optic,No,No,No,No,No,No,Month-to-month,No,Electronic check,95.66,3161.02,Yes
CUST-3320,Male,0,No,Yes,41,Yes,Yes,Fiber optic,No,No,No,Yes,Yes,Yes,Month-to-month,Yes,Electronic check,126.98,5203.13,Yes
CUST-3321,Male,0,Yes,Yes,51,Yes,Yes,No,No internet service,No internet service,No internet service,No internet service,No internet service,No internet service,Month-to-month,Yes,Credit card (automatic),43.03,2191.45,No
CUST-3322,Male,0,No,Yes,46,Yes,No,Fiber optic,No,Yes,Yes,No,No,No,Two year,Yes,Mailed check,97.58,4493.02,Yes
CUST-3323,Female,0,No,Yes,50,Yes,No,No,No internet service,No internet service,No internet service,No internet service,No internet service,No internet service,One year,Yes,Credit card (automatic),29.58,1471.84,No
CUST-3324,Male,0,No,Yes,44,Yes,Yes,DSL,Yes,No,No,Yes,Yes,Yes,Month-to-month,Yes,Credit card (automatic),119.26,5250.4,No
CUST-3325,Female,0,Yes,Yes,33,Yes,No,Fiber optic,No,No,Yes,No,Yes,No,Month-to-month,Yes,Mailed check,100.14,3312.35,Yes
CUST-3326,Male,0,No,Yes,20,No,No phone service,DSL,No,Yes,No,No,No,No,Month-to-month,Yes,Mailed check,55.53,1104.54,Yes
CUST-3327,Female,0,No,Yes,12,Yes,Yes,Fiber optic,Yes,No,No,Yes,No,No,One year,Yes,Electronic check,111.9,1344.49,No
CUST-3328,Female,0,Yes,Yes,53,Yes,Yes,DSL,No,Yes,No,No,No,Yes,Month-to-month,No,Mailed check,96.7,5127.16,No
CUST-3329,Male,0,No,Yes,24,Yes,No,Fiber optic,Yes,No,Yes,No,No,No,Month-to-month,Yes,Bank transfer (automatic),97.09,2332.66,Yes
CUST-3330,Male,0,Yes,No,20,Yes,No,Fiber optic,No,No,Yes,No,Yes,No,Month-to-month,Yes,Credit card (automatic),100.63,2013.68,Yes
CUST-3331,Female,1,Yes,Yes,0,No,No phone service,No,No internet service,No internet service,No internet service,No internet service,No internet service,No internet service,Two year,No,Mailed check,19.75, ,No
CUST-3332,Male,0,No,Yes,57,Yes,Yes,DSL,Yes,No,No,No,No,Yes,Month-to-month,Yes,Bank transfer (automatic),95.55,5452.58,Yes
CUST-3333,Male,0,Yes,Yes,68,Yes,Yes,Fiber optic,No,No,No,Yes,Yes,No,Two year,No,Credit card (automatic),115.35,7839.93,No
CUST-3334,Male,0,Yes,No,70,Yes,Yes,No,No internet service,No internet service,No internet service,No internet service,No internet service,No internet service,Month-to-month,No,Electronic check,42.73,2987.98,No
CUST-3335,Female,0,Yes,Yes,12,Yes,Yes,DSL,Yes,Yes,Yes,No,No,Yes,Two year,Yes,Bank transfer (automatic),114.99,1371.81,Yes
CUST-3336,Female,0,No,No,51,Yes,Yes,No,No internet service,No internet service,No internet service,No internet service,No internet service,No internet service,Two year,No,Mailed check,45.63,2326.41,No
CUST-3337,Male,1,Yes,No,22,Yes,Yes,DSL,Yes,Yes,No,No,Yes,Yes,Two year,No,Electronic check,115.05,2536.3,No
CUST-3338,Male,0,Yes,Yes,20,Yes,No,No,No internet service,No internet service,No internet service,No internet service,No internet service,No internet service,One year,Yes,Bank transfer (automatic),33.37,668.04,No
CUST-3339,Male,0,Yes,Yes,5,Yes,No,No,No internet service,No internet service,No internet service,No internet service,No internet service,No internet service,Two year,Yes,Electronic check,27.23,141.15,Yes
CUST-3340,Female,0,No,Yes,19,Yes,No,No,No internet service,No internet service,No internet service,No internet service,No internet service,No internet service,Two year,Yes,Electronic check,34.48,654.62,No
CUST-3341,Female,0,Yes,No,39,Yes,No,Fiber optic,No,No,No,Yes,No,Yes,Month-to-month,Yes,Mailed check,98.43,3830.13,Yes
CUST-3342,Male,0,No,Yes,8,Yes,No,No,No internet service,No internet service,No internet service,No internet service,No internet service,No internet service,One year,No,Electronic check,32.9,262.97,No
CUST-3343,Male,0,Yes,Yes,49,Yes,Yes,DSL,No,No,No,Yes,Yes,No,One year,No,Mailed check,93.06,4555.54,No
CUST-3344,Male,0,No,Yes,27,Yes,Yes,Fiber optic,No,No,No,No,No,Yes,Month-to-month,No,Electronic check,105.21,2838.53,Yes
CUST-3345,Male,1,No,Yes,10,Yes,Yes,Fiber optic,No,Yes,No,No,Yes,No,Month-to-month,Yes,Mailed check,116.2,1154.64,Yes
CUST-3346,Male,0,No,Yes,55,Yes,Yes,Fiber optic,No,No,Yes,No,No,Yes,Month-to-month,No,Mailed check,115.43,6352.65,Yes
CUST-3347,Male,0,Yes,Yes,34,Yes,No,Fiber optic,No,No,No,Yes,Yes,Yes,Month-to-month,No,Credit card (automatic),110.14,3748.87,Yes
CUST-3348,Female,0,Yes,Yes,24,Yes,No,DSL,Yes,No,No,Yes,Yes,Yes,Two year,Yes,Bank transfer (automatic),98.32,2361.95,No
CUST-3349,Male,0,Yes,Yes,18,No,No phone service,No,No internet service,No internet service,No internet service,No internet service,No internet service,No internet service,Two year,No,Credit card (automatic),19.21,341.16,Yes
CUST-3350,Female,0,No,Yes,30,No,No phone service,Fiber optic,Yes,No,No,No,No,No,Two year,Yes,Bank transfer (automatic),80.2,2404.33,No
CUST-3351,Male,0,Yes,No,49,Yes,Yes,No,No internet service,No internet service,No internet service,No internet service,No internet service,No internet service,Two year,Yes,Bank transfer (automatic),45.58,2227.23,No
CUST-3352,Male,1,Yes,Yes,62,Yes,No,No,No internet service,No internet service,No internet service,No internet service,No internet service,No internet service,Month-to-month,Yes,Credit card (automatic),31.12,1921.13,No
CUST-3353,Female,1,No,No,46,Yes,Yes,No,No internet service,No internet service,No internet service,No internet service,No internet service,No internet service,Two year,Yes,Electronic check,43.93,2022.13,No
CUST-3354,Female,1,Yes,Yes,0,Yes,No,DSL,No,No,No,No,Yes,No,One year,Yes,Mailed check,72.95, ,No
CUST-3355,Female,0,Yes,Yes,57,Yes,No,Fiber optic,Yes,No,Yes,No,No,Yes,Month-to-month,Yes,Credit card (automatic),105.23,6002.13,Yes
CUST-3356,Female,0,No,No,9,Yes,No,Fiber optic,No,Yes,No,No,No,No,Month-to-month,No,Electronic check,86.29,778.76,Yes
CUST-3357,Male,0,No,Yes,7,Yes,Yes,DSL,No,Yes,Yes,Yes,Yes,No,Month-to-month,Yes,Electronic check,112.93,785.47,Yes
CUST-3358,Female,0,Yes,No,25,Yes,Yes,Fiber optic,No,Yes,No,Yes,Yes,No,Month-to-month,Yes,Bank transfer (automatic),123.62,3095.27,Yes
CUST-3359,Male,0,No,No,33,No,No phone service,Fiber optic,No,No,No,No,No,No,Month-to-month,Yes,Credit card (automatic),73.63,2437.9,Yes
CUST-3360,Female,0,Yes,Yes,18,No,No phone service,DSL,No,No,Yes,Yes,Yes,Yes,Month-to-month,No,Bank transfer (automatic),91.29,1643.95,Yes
CUST-3361,Male,0,Yes,Yes,71,Yes,Yes,Fiber optic,No,Yes,No,No,No,Yes,Two year,Yes,Bank transfer (automatic),112.48,7991.8,No
CUST-3362,Male,0,Yes,Yes,0,No,No phone service,Fiber optic,No,No,Yes,No,Yes,No,Month-to-month,No,Mailed check,91.62, ,Yes
CUST-3363,Male,0,Yes,Yes,47,Yes,Yes,DSL,Yes,Yes,No,No,No,Yes,Two year,Yes,Mailed check,100.36,4713.81,No
CUST-3364,Male,0,Yes,Yes,24,Yes,Yes,Fiber optic,No,Yes,Yes,No,Yes,No,Two year,No,Bank transfer (automatic),124.38,2980.43,Yes
CUST-3365,Male,0,No,Yes,23,Yes,Yes,Fiber optic,Yes,No,No,Yes,Yes,Yes,One year,Yes,Bank transfer (automatic),134.51,3080.62,No
CUST-3366,Male,0,No,Yes,46,Yes,Yes,No,No internet service,No internet service,No internet service,No internet service,No internet service,No internet service,Month-to-month,Yes,Mailed check,43.61,2008.22,Yes
CUST-3367,Female,0,Yes,Yes,68,No,No phone service,DSL,No,Yes,No,No,Yes,Yes,Two year,Yes,Credit card (automatic),82.04,5580.38,No
CUST-3368,Male,0,No,No,66,Yes,No,Fiber optic,No,Yes,No,No,Yes,No,One year,No,Electronic check,97.63,6441.47,No
CUST-3369,Female,0,No,No,31,Yes,Yes,Fiber optic,Yes,Yes,Yes,Yes,No,Yes,Two year,Yes,Credit card (automatic),138.37,4289.49,Yes
CUST-3370,Female,0,Yes,Yes,16,Yes,Yes,No,No internet service,No internet service,No internet service,No internet service,No internet service,No internet service,Month-to-month,No,Credit card (automatic),40.85,646.02,No
CUST-3371,Male,0,No,No,60,Yes,No,Fiber optic,No,No,No,No,Yes,No,One year,No,Electronic check,94.18,5649.64,No
CUST-3372,Female,0,No,Yes,68,Yes,No,Fiber optic,No,No,Yes,No,No,No,Month-to-month,Yes,Mailed check,88.6,6023.41,No
CUST-3373,Male,0,Yes,Yes,10,Yes,No,DSL,No,Yes,No,Yes,Yes,No,One year,No,Credit card (automatic),87.7,873.51,No
CUST-3374,Female,0,Yes,Yes,37,Yes,No,DSL,Yes,Yes,No,Yes,Yes,No,One year,No,Mailed check,97.0,3590.11,No
CUST-3375,Male,0,Yes,Yes,67,Yes,Yes,DSL,No,No,Yes,No,No,No,One year,Yes,Electronic check,80.74,5409.33,No
CUST-3376,Female,0,Yes,Yes,18,Yes,Yes,Fiber optic,No,No,Yes,Yes,Yes,Yes,One year,Yes,Credit card (automatic),134.5,2423.49,No
CUST-3377,Male,1,Yes,No,16,Yes,Yes,Fiber optic,No,Yes,No,Yes,Yes,Yes,Month-to-month,No,Mailed check,136.21,2179.12,No
CUST-3378,Male,0,Yes,No,12,Yes,Yes,Fiber optic,No,Yes,Yes,No,Yes,Yes,Month-to-month,Yes,Mailed check,133.31,1595.18,Yes
CUST-3379,Male,0,Yes,Yes,0,No,No phone service,Fiber optic,No,No,No,No,Yes,Yes,Two year,No,Bank transfer (automatic),96.36, ,No
CUST-3380,Male,0,No,No,1,Yes,Yes,DSL,No,No,Yes,No,Yes,No,Month-to-month,No,Credit card (automatic),94.55,98.82,Yes
CUST-3381,Female,0,Yes,Yes,65,Yes,No,Fiber optic,No,No,No,No,Yes,Yes,Two year,Yes,Credit card (automatic),100.4,6522.11,No
CUST-3382,Male,0,No,Yes,67,Yes,Yes,No,No internet service,No internet service,No internet service,No internet service,No internet service,No internet service,Month-to-month,Yes,Bank transfer (automatic),45.48,3055.23,No
CUST-3383,Female,0,No,No,15,Yes,Yes,No,No internet service,No internet service,No internet service,No internet service,No internet service,No internet service,Month-to-month,No,Credit card (automatic),44.4,669.18,No
CUST-3384,Female,1,Yes,Yes,3,Yes,Yes,DSL,No,No,Yes,No,Yes,No,One year,No,Electronic check,98.98,310.02,Yes
CUST-3385,Female,0,No,Yes,56,Yes,No,Fiber optic,Yes,Yes,No,Yes,No,No,One year,Yes,Credit card (automatic),103.45,5789.13,No
CUST-3386,Male,0,No,Yes,72,Yes,Yes,No,No internet service,No internet service,No internet service,No internet service,No internet service,No internet service,Month-to-month,No,Electronic check,46.69,3361.14,Yes
CUST-3387,Female,0,No,Yes,22,No,No phone service,Fiber optic,No,Yes,No,No,No,Yes,Month-to-month,Yes,Credit card (automatic),89.21,1961.34,Yes
CUST-3388,Female,1,Yes,Yes,1,Yes,No,Fiber optic,No,No,No,No,Yes,Yes,Month-to-month,Yes,Electronic check,100.79,100.79,Yes
CUST-3389,Female,0,No,Yes,66,Yes,Yes,Fiber optic,No,Yes,No,No,Yes,Yes,Month-to-month,Yes,Bank transfer (automatic),127.6,8420.74,No
CUST-3390,Male,0,No,Yes,25,No,No phone service,Fiber optic,No,No,Yes,Yes,No,Yes,Month-to-month,No,Credit card (automatic),98.64,2468.04,No
CUST-3391,Male,0,Yes,Yes,6,Yes,Yes,Fiber optic,No,No,No,No,No,No,One year,Yes,Mailed check,96.86,584.71,Yes
CUST-3392,Female,0,No,Yes,43,Yes,Yes,DSL,No,No,No,No,Yes,No,Month-to-month,Yes,Electronic check,83.57,3597.52,Yes
CUST-3393,Male,0,No,Yes,32,Yes,No,Fiber optic,Yes,No,No,No,Yes,No,Two year,Yes,Mailed check,100.99,3237.21,No
CUST-3394,Male,0,No,No,63,Yes,No,No,No internet service,No internet service,No internet service,No internet service,No internet service,No internet service,Month-to-month,No,Electronic check,30.86,1934.34,No
CUST-3395,Female,0,No,Yes,35,Yes,No,No,No internet service,No internet service,No internet service,No internet service,No internet service,No internet service,Two year,Yes,Bank transfer (automatic),30.7,1081.89,No
CUST-3396,Female,0,No,Yes,3,Yes,Yes,DSL,Yes,Yes,Yes,Yes,Yes,No,Month-to-month,No,Bank transfer (automatic),113.96,339.86,Yes
CUST-3397,Male,1,Yes,Yes,22,Yes,No,Fiber optic,No,No,Yes,No,No,Yes,Two year,Yes,Electronic check,102.04,2250.01,No
CUST-3398,Female,0,No,Yes,24,Yes,Yes,DSL,No,No,No,Yes,Yes,Yes,Two year,Yes,Bank transfer (automatic),104.84,2516.64,No
CUST-3399,Male,1,Yes,Yes,26,Yes,No,No,No internet service,No internet service,No internet service,No internet service,No internet service,No internet service,One year,No,Electronic check,31.81,835.25,No
CUST-3400,Male,0,No,Yes,50,Yes,No,DSL,Yes,No,No,No,Yes,No,One year,No,Electronic check,83.44,4180.19,No
CUST-3401,Male,0,Yes,No,68,Yes,Yes,Fiber optic,No,No,No,No,No,Yes,Two year,Yes,Mailed check,108.61,7390.81,Yes
CUST-3402,Male,0,Yes,Yes,22,Yes,Yes,DSL,No,Yes,Yes,Yes,No,No,Month-to-month,Yes,Mailed check,99.51,2197.49,Yes
CUST-3403,Male,0,Yes,Yes,8,Yes,Yes,Fiber optic,No,Yes,No,Yes,Yes,No,Month-to-month,No,Electronic check,122.64,976.27,No
CUST-3404,Male,0,No,Yes,32,Yes,No,Fiber optic,No,Yes,Yes,No,No,Yes,One year,Yes,Mailed check,108.3,3476.41,No
CUST-3405,Female,0,No,Yes,34,Yes,No,Fiber optic,No,No,No,Yes,Yes,Yes,Month-to-month,Yes,Credit card (automatic),109.95,3737.12,No
CUST-3406,Female,0,No,Yes,49,Yes,No,Fiber optic,No,Yes,No,No,Yes,No,One year,No,Mailed check,100.86,4938.44,Yes
CUST-3407,Male,0,No,Yes,23,Yes,No,Fiber optic,Yes,No,No,No,Yes,No,One year,Yes,Bank transfer (automatic),99.67,2285.31,No
CUST-3408,Male,0,No,No,23,Yes,Yes,Fiber optic,No,Yes,Yes,No,No,No,One year,Yes,Electronic check,108.69,2498.29,No
CUST-3409,Male,0,Yes,Yes,18,Yes,No,DSL,Yes,No,Yes,No,No,Yes,Month-to-month,No,Mailed check,86.07,1537.37,No
CUST-3410,Female,0,Yes,No,38,Yes,Yes,DSL,No,Yes,Yes,No,Yes,Yes,Month-to-month,Yes,Bank transfer (automatic),114.93,4365.88,Yes
CUST-3411,Male,0,Yes,Yes,60,Yes,Yes,Fiber optic,No,No,Yes,No,No,Yes,Two year,Yes,Bank transfer (automatic),112.36,6741.37,Yes
CUST-3412,Female,1,No,Yes,24,Yes,Yes,Fiber optic,No,Yes,No,No,Yes,No,Month-to-month,Yes,Bank transfer (automatic),115.1,2765.23,Yes
CUST-3413,Male,0,No,Yes,24,Yes,Yes,DSL,Yes,No,Yes,Yes,No,Yes,Month-to-month,No,Bank transfer (automatic),113.49,2721.16,Yes
CUST-3414,Male,0,Yes,Yes,26,Yes,No,Fiber optic,No,Yes,No,Yes,No,Yes,Two year,No,Electronic check,108.38,2812.54,No
CUST-3415,Female,0,No,No,31,No,No phone service,DSL,No,No,No,No,No,No,Two year,Yes,Electronic check,49.62,1538.74,No
CUST-3416,Female,0,No,Yes,10,Yes,No,Fiber optic,Yes,No,No,Yes,Yes,No,Month-to-month,Yes,Credit card (automatic),106.45,1068.44,Yes
CUST-3417,Male,1,Yes,Yes,68,Yes,Yes,No,No internet service,No internet service,No internet service,No internet service,No internet service,No internet service,Month-to-month,Yes,Mailed check,45.83,3117.61,Yes
CUST-3418,Male,0,Yes,No,32,Yes,No,Fiber optic,Yes,No,No,No,No,Yes,One year,Yes,Bank transfer (automatic),97.04,3095.2,No
CUST-3419,Male,0,No,No,18,Yes,Yes,Fiber optic,No,Yes,Yes,No,No,No,Two year,No,Bank transfer (automatic),110.8,1998.09,No
CUST-3420,Female,0,No,No,15,Yes,Yes,Fiber optic,No,Yes,No,Yes,No,Yes,Two year,Yes,Electronic check,123.27,1856.25,Yes
CUST-3421,Female,0,Yes,No,10,Yes,Yes,Fiber optic,Yes,No,No,No,No,Yes,Two year,Yes,Mailed check,113.73,1142.14,No
CUST-3422,Female,1,No,Yes,68,No,No phone service,Fiber optic,No,Yes,No,No,Yes,No,Month-to-month,Yes,Mailed check,90.55,6163.65,No
CUST-3423,Female,0,Yes,No,54,Yes,Yes,Fiber optic,Yes,No,No,No,No,No,Month-to-month,No,Credit card (automatic),106.89,5777.43,Yes
CUST-3424,Female,0,Yes,Yes,24,Yes,Yes,DSL,No,No,No,No,Yes,Yes,Month-to-month,No,Credit card (automatic),100.01,2400.23,No
CUST-3425,Female,0,Yes,No,33,Yes,Yes,No,No internet service,No internet service,No internet service,No internet service,No internet service,No internet service,One year,Yes,Electronic check,47.37,1562.3,No
CUST-3426,Male,0,No,No,11,Yes,No,Fiber optic,Yes,No,Yes,No,No,Yes,Month-to-month,Yes,Electronic check,109.7,1209.72,Yes
CUST-3427,Male,0,Yes,Yes,20,Yes,Yes,No,No internet service,No internet service,No internet service,No internet service,No internet service,No internet service,Month-to-month,Yes,Mailed check,47.97,960.76,No
CUST-3428,Female,0,Yes,No,28,Yes,No,Fiber optic,No,No,No,Yes,No,No,Month-to-month,No,Electronic check,87.06,2441.13,Yes
CUST-3429,Male,0,No,Yes,50,Yes,Yes,Fiber optic,Yes,No,No,No,No,No,Month-to-month,Yes,Mailed check,98.99,4946.47,No
CUST-3430,Male,1,Yes,Yes,22,Yes,Yes,Fiber optic,Yes,No,Yes,No,No,No,Month-to-month,No,Electronic check,110.39,2428.09,Yes
CUST-3431,Female,0,No,Yes,32,Yes,No,Fiber optic,No,No,No,Yes,Yes,Yes,Month-to-month,No,Electronic check,110.08,3524.96,No
CUST-3432,Male,0,No,No,7,Yes,No,Fiber optic,No,No,Yes,No,No,Yes,One year,Yes,Electronic check,98.94,694.06,Yes
CUST-3433,Female,0,No,Yes,41,Yes,No,No,No internet service,No internet service,No internet service,No internet service,No internet service,No internet service,One year,Yes,Electronic check,28.48,1158.76,No
CUST-3434,Female,1,Yes,Yes,68,Yes,Yes,No,No internet service,No internet service,No internet service,No internet service,No internet service,No internet service,One year,No,Electronic check,45.98,3134.2,No
CUST-3435,Male,0,Yes,Yes,40,No,No phone service,DSL,No,No,No,No,Yes,No,Two year,Yes,Credit card (automatic),64.84,2602.58,No
CUST-3436,Female,0,No,No,62,Yes,Yes,Fiber optic,Yes,No,Yes,No,Yes,Yes,One year,No,Electronic check,137.34,8512.99,No
CUST-3437,Female,0,No,Yes,13,Yes,Yes,Fiber optic,No,Yes,Yes,No,Yes,No,Month-to-month,No,Bank transfer (automatic),122.8,1593.53,Yes
CUST-3438,Female,0,No,No,61,Yes,Yes,Fiber optic,No,Yes,Yes,No,No,No,Month-to-month,Yes,Bank transfer (automatic),107.32,6543.59,Yes
CUST-3439,Female,0,Yes,No,45,Yes,No,Fiber optic,No,No,No,Yes,No,No,Two year,Yes,Electronic check,86.45,3889.24,Yes
CUST-3440,Female,0,No,Yes,66,Yes,Yes,Fiber optic,No,Yes,No,No,No,Yes,Month-to-month,Yes,Credit card (automatic),112.11,7398.93,Yes
CUST-3441,Female,0,No,Yes,52,Yes,Yes,Fiber optic,No,Yes,No,No,Yes,No,One year,Yes,Bank transfer (automatic),114.87,5970.25,Yes
CUST-3442,Female,0,No,No,51,Yes,No,DSL,No,No,Yes,No,Yes,Yes,Two year,No,Electronic check,93.52,4779.27,No
CUST-3443,Female,0,Yes,No,6,Yes,No,Fiber optic,Yes,No,Yes,No,Yes,No,Two year,No,Electronic check,112.22,674.78,Yes
CUST-3444,Male,1,No,No,53,Yes,Yes,DSL,No,Yes,No,No,Yes,Yes,Month-to-month,No,Mailed check,107.18,5684.44,No
CUST-3445,Male,1,Yes,Yes,10,Yes,Yes,Fiber optic,No,Yes,Yes,Yes,No,No,Month-to-month,Yes,Credit card (automatic),114.65,1151.59,No
CUST-3446,Male,0,Yes,No,24,Yes,Yes,No,No internet service,No internet service,No internet service,No internet service,No internet service,No internet service,Month-to-month,No,Electronic check,41.88,1011.18,No
CUST-3447,Female,0,No,Yes,58,Yes,Yes,DSL,No,Yes,Yes,Yes,No,No,Two year,Yes,Mailed check,98.64,5724.62,No
CUST-3448,Female,0,No,Yes,65,Yes,No,DSL,No,Yes,Yes,No,Yes,Yes,Two year,Yes,Mailed check,103.78,6745.04,No
CUST-3449,Male,0,No,No,26,Yes,Yes,DSL,No,Yes,Yes,No,Yes,No,Month-to-month,Yes,Mailed check,105.08,2731.9,No
CUST-3450,Male,0,Yes,Yes,57,Yes,No,Fiber optic,No,No,No,No,No,Yes,Month-to-month,No,Bank transfer (automatic),88.52,5049.96,Yes
CUST-3451,Male,0,Yes,No,10,Yes,No,DSL,No,Yes,Yes,No,No,No,Month-to-month,Yes,Bank transfer (automatic),72.97,735.24,No
CUST-3452,Female,0,Yes,Yes,54,Yes,No,Fiber optic,Yes,Yes,No,Yes,No,Yes,Month-to-month,No,Electronic check,111.12,5992.99,No
CUST-3453,Male,0,No,No,18,Yes,Yes,Fiber optic,No,No,No,No,Yes,No,Two year,Yes,Mailed check,108.34,1956.95,No
CUST-3454,Male,0,Yes,Yes,38,Yes,No,Fiber optic,No,Yes,No,No,Yes,No,Month-to-month,Yes,Bank transfer (automatic),98.72,3763.01,No
CUST-3455,Female,0,No,Yes,69,Yes,No,Fiber optic,Yes,No,Yes,No,Yes,Yes,Month-to-month,Yes,Bank transfer (automatic),118.67,8185.94,No
CUST-3456,Male,0,No,No,10,Yes,No,No,No internet service,No internet service,No internet service,No internet service,No internet service,No internet service,Month-to-month,Yes,Mailed check,31.95,319.58,Yes
CUST-3457,Female,0,No,Yes,13,Yes,No,DSL,No,No,Yes,No,No,Yes,Month-to-month,Yes,Bank transfer (automatic),77.97,1019.06,No
CUST-3458,Female,0,Yes,Yes,59,Yes,No,No,No internet service,No internet service,No internet service,No internet service,No internet service,No internet service,Month-to-month,Yes,Bank transfer (automatic),28.07,1650.15,Yes
CUST-3459,Female,0,Yes,No,35,Yes,Yes,DSL,No,No,No,No,No,Yes,One year,No,Credit card (automatic),87.37,3060.45,Yes
CUST-3460,Male,0,Yes,Yes,40,Yes,No,DSL,No,Yes,Yes,No,No,No,One year,No,Electronic check,75.65,3027.98,Yes
CUST-3461,Male,0,No,No,1,Yes,No,Fiber optic,Yes,No,No,Yes,Yes,Yes,Month-to-month,Yes,Mailed check,121.8,121.8,No
CUST-3462,Female,1,Yes,Yes,56,Yes,No,Fiber optic,No,No,Yes,No,Yes,Yes,Month-to-month,No,Bank transfer (automatic),109.87,6145.8,Yes
CUST-3463,Male,0,Yes,Yes,59,Yes,No,DSL,No,No,No,No,No,Yes,Month-to-month,No,Bank transfer (automatic),72.55,4290.87,Yes
CUST-3464,Male,0,No,No,19,Yes,No,DSL,No,No,No,No,Yes,Yes,Two year,Yes,Credit card (automatic),83.06,1580.39,No
CUST-3465,Male,0,No,Yes,21,Yes,Yes,No,No internet service,No internet service,No internet service,No internet service,No internet service,No internet service,Month-to-month,Yes,Mailed check,44.62,938.45,Yes
CUST-3466,Male,1,Yes,Yes,3,Yes,No,DSL,Yes,No,No,No,No,Yes,Month-to-month,Yes,Bank transfer (automatic),79.61,246.95,Yes
CUST-3467,Female,1,No,Yes,55,Yes,No,No,No internet service,No internet service,No internet service,No internet service,No internet service,No internet service,Month-to-month,Yes,Bank transfer (automatic),28.95,1600.33,No
CUST-3468,Male,0,Yes,No,57,Yes,Yes,Fiber optic,No,No,No,No,Yes,No,Two year,No,Electronic check,108.67,6188.11,No
CUST-3469,Female,1,No,Yes,64,Yes,Yes,DSL,No,Yes,Yes,No,No,Yes,Month-to-month,Yes,Electronic check,103.29,6608.2,No
CUST-3470,Female,0,No,Yes,57,Yes,No,Fiber optic,Yes,Yes,No,No,No,No,Month-to-month,Yes,Credit card (automatic),93.43,5324.51,Yes
CUST-3471,Male,0,Yes,Yes,29,Yes,No,DSL,No,Yes,Yes,Yes,Yes,Yes,Month-to-month,Yes,Electronic check,108.41,3146.42,No
CUST-3472,Female,0,No,Yes,18,Yes,No,DSL,No,Yes,No,No,Yes,No,One year,Yes,Mailed check,79.18,1421.39,No
CUST-3473,Male,0,No,Yes,61,Yes,No,DSL,No,No,No,No,No,No,One year,Yes,Bank transfer (automatic),59.04,3612.44,No
CUST-3474,Male,1,No,Yes,67,Yes,No,DSL,No,No,Yes,Yes,No,No,Month-to-month,Yes,Electronic check,77.31,5169.72,Yes
CUST-3475,Female,0,Yes,Yes,43,No,No phone service,DSL,Yes,Yes,No,No,No,Yes,Month-to-month,Yes,Bank transfer (automatic),77.43,3321.51,No
CUST-3476,Female,1,No,Yes,60,Yes,No,DSL,No,No,No,No,Yes,Yes,Month-to-month,Yes,Electronic check,84.25,5052.88,Yes
CUST-3477,Female,0,No,Yes,20,Yes,No,Fiber optic,Yes,No,No,Yes,No,Yes,Two year,Yes,Mailed check,109.26,2186.33,No
CUST-3478,Female,0,Yes,Yes,9,Yes,Yes,Fiber optic,No,Yes,No,Yes,No,No,Month-to-month,Yes,Mailed check,110.94,1010.27,Yes
CUST-3479,Male,0,Yes,Yes,29,Yes,Yes,No,No internet service,No internet service,No internet service,No internet service,No internet service,No internet service,One year,Yes,Credit card (automatic),40.29,1170.14,No
CUST-3480,Male,0,No,No,23,Yes,Yes,DSL,Yes,Yes,No,Yes,No,Yes,Two year,Yes,Credit card (automatic),113.01,2600.91,No
CUST-3481,Male,0,No,Yes,47,Yes,Yes,Fiber optic,No,Yes,No,No,No,Yes,Month-to-month,Yes,Bank transfer (automatic),111.12,5227.12,Yes
CUST-3482,Female,0,No,Yes,54,Yes,No,No,No internet service,No internet service,No internet service,No internet service,No internet service,No internet service,Month-to-month,Yes,Electronic check,27.74,1498.37,No
CUST-3483,Female,1,Yes,Yes,51,Yes,No,DSL,No,Yes,Yes,No,Yes,No,Month-to-month,Yes,Mailed check,87.2,4446.35,Yes
CUST-3484,Female,0,No,Yes,37,Yes,No,Fiber optic,Yes,Yes,No,No,Yes,Yes,Two year,Yes,Mailed check,119.9,4433.8,No
CUST-3485,Male,0,Yes,No,66,Yes,Yes,Fiber optic,Yes,No,No,No,No,Yes,Month-to-month,No,Electronic check,111.7,7372.3,No
CUST-3486,Female,0,Yes,No,7,Yes,Yes,No,No internet service,No internet service,No internet service,No internet service,No internet service,No internet service,Month-to-month,Yes,Credit card (automatic),45.41,324.83,Yes
CUST-3487,Male,0,No,Yes,28,Yes,Yes,Fiber optic,No,Yes,No,Yes,No,No,Month-to-month,No,Electronic check,112.84,3158.19,Yes
CUST-3488,Female,1,No,Yes,9,Yes,No,Fiber optic,No,No,Yes,Yes,No,No,Month-to-month,Yes,Credit card (automatic),95.53,859.16,Yes
CUST-3489,Male,0,Yes,Yes,68,Yes,No,Fiber optic,No,Yes,Yes,No,Yes,No,Two year,No,Mailed check,107.27,7292.17,No
CUST-3490,Male,0,No,Yes,67,No,No phone service,Fiber optic,Yes,No,Yes,No,No,No,One year,Yes,Credit card (automatic),88.34,5918.29,No
CUST-3491,Female,0,No,No,48,Yes,Yes,Fiber optic,Yes,Yes,Yes,Yes,Yes,No,Month-to-month,Yes,Mailed check,138.0,6626.4,Yes
CUST-3492,Female,0,Yes,Yes,57,Yes,Yes,No,No internet service,No internet service,No internet service,No internet service,No internet service,No internet service,Two year,No,Bank transfer (automatic),40.07,2278.72,No
CUST-3493,Male,0,No,Yes,34,Yes,No,Fiber optic,No,No,No,No,Yes,No,Two year,Yes,Bank transfer (automatic),92.51,3149.12,Yes
CUST-3494,Male,0,Yes,Yes,49,No,No phone service,DSL,No,Yes,Yes,No,Yes,No,Two year,Yes,Bank transfer (automatic),76.91,3769.5,No
CUST-3495,Female,0,No,No,39,Yes,Yes,No,No internet service,No internet service,No internet service,No internet service,No internet service,No internet service,Two year,No,Electronic check,43.61,1704.22,No
CUST-3496,Female,0,Yes,Yes,11,Yes,No,Fiber optic,No,Yes,Yes,No,No,Yes,Two year,No,Bank transfer (automatic),111.23,1227.04,Yes
CUST-3497,Male,0,Yes,No,15,Yes,Yes,Fiber optic,Yes,Yes,Yes,No,No,No,One year,Yes,Credit card (automatic),117.01,1751.22,No
CUST-3498,Female,0,No,Yes,47,Yes,No,Fiber optic,No,No,No,No,Yes,No,Month-to-month,No,Credit card (automatic),90.69,4260.6,Yes
CUST-3499,Male,0,Yes,Yes,0,Yes,Yes,No,No internet service,No internet service,No internet service,No internet service,No internet service,No internet service,Month-to-month,No,Credit card (automatic),43.06, ,Yes
CUST-3500,Male,0,Yes,No,64,Yes,Yes,Fiber optic,Yes,No,Yes,No,No,No,Month-to-month,No,Mailed check,112.3,7181.1,No
CUST-3501,Female,0,No,Yes,21,Yes,Yes,Fiber optic,No,No,Yes,No,Yes,Yes,Month-to-month,No,Mailed check,128.9,2704.16,No
CUST-3502,Female,0,No,Yes,14,Yes,Yes,No,No internet service,No internet service,No internet service,No internet service,No internet service,No internet service,One year,Yes,Credit card (automatic),46.3,646.66,No
CUST-3503,Female,1,No,Yes,66,Yes,No,DSL,Yes,Yes,No,No,No,No,Two year,No,Electronic check,76.35,5047.74,No
CUST-3504,Female,0,Yes,Yes,13,No,No phone service,DSL,Yes,Yes,No,No,No,No,One year,Yes,Bank transfer (automatic),66.7,870.6,Yes
CUST-3505,Female,0,Yes,Yes,72,No,No phone service,Fiber optic,No,No,No,Yes,No,No,Two year,Yes,Mailed check,79.03,5684.22,Yes
CUST-3506,Male,1,Yes,No,18,Yes,No,Fiber optic,Yes,Yes,Yes,Yes,No,No,Month-to-month,Yes,Electronic check,114.21,2049.89,No
CUST-3507,Male,0,No,Yes,39,Yes,No,Fiber optic,No,Yes,No,No,Yes,No,Two year,No,Bank transfer (automatic),104.33,4080.69,No
CUST-3508,Female,0,Yes,No,3,Yes,No,Fiber optic,No,No,No,No,No,Yes,Two year,Yes,Electronic check,92.87,280.15,No
CUST-3509,Female,0,Yes,Yes,32,No,No phone service,Fiber optic,No,No,No,No,No,No,Two year,No,Bank transfer (automatic),68.72,2190.99,No
CUST-3510,Female,0,No,Yes,42,No,No phone service,Fiber optic,Yes,No,Yes,Yes,Yes,Yes,One year,No,Mailed check,113.75,4773.67,Yes
CUST-3511,Male,0,Yes,Yes,36,Yes,No,No,No internet service,No internet service,No internet service,No internet service,No internet service,No internet service,Two year,Yes,Bank transfer (automatic),31.94,1142.11,No
CUST-3512,Female,0,No,No,65,Yes,No,Fiber optic,Yes,Yes,No,Yes,Yes,No,Two year,No,Mailed check,118.46,7699.25,No
CUST-3513,Female,1,No,No,26,Yes,Yes,No,No internet service,No internet service,No internet service,No internet service,No internet service,No internet service,Two year,Yes,Bank transfer (automatic),43.87,1141.45,No
CUST-3514,Male,0,No,No,44,Yes,No,No,No internet service,No internet service,No internet service,No internet service,No internet service,No internet service,Month-to-month,No,Credit card (automatic),30.23,1336.65,Yes
CUST-3515,Male,0,Yes,Yes,49,Yes,No,DSL,No,No,No,No,Yes,No,Two year,No,Mailed check,73.52,3596.11,No
CUST-3516,Female,0,Yes,Yes,62,Yes,Yes,Fiber optic,Yes,No,Yes,Yes,No,No,Month-to-month,No,Mailed check,115.89,7182.26,No
CUST-3517,Female,0,Yes,Yes,5,Yes,Yes,Fiber optic,Yes,No,No,Yes,No,No,Month-to-month,Yes,Electronic check,106.9,536.21,Yes
CUST-3518,Female,0,No,No,66,Yes,Yes,No,No internet service,No internet service,No internet service,No internet service,No internet service,No internet service,Month-to-month,No,Credit card (automatic),44.08,2912.79,No
CUST-3519,Male,0,No,Yes,66,Yes,Yes,Fiber optic,No,Yes,No,No,No,Yes,Month-to-month,Yes,Mailed check,113.44,7492.77,Yes
CUST-3520,Female,0,No,Yes,58,Yes,No,DSL,Yes,Yes,Yes,No,No,Yes,One year,Yes,Electronic check,99.0,5732.8,No
CUST-3521,Female,0,Yes,Yes,12,Yes,No,No,No internet service,No internet service,No internet service,No internet service,No internet service,No internet service,One year,No,Mailed check,30.14,362.62,No
CUST-3522,Female,1,Yes,Yes,20,Yes,Yes,Fiber optic,No,Yes,No,No,Yes,Yes,Two year,Yes,Electronic check,128.78,2578.07,Yes
CUST-3523,Male,1,Yes,Yes,63,No,No phone service,No,No internet service,No internet service,No internet service,No internet service,No internet service,No internet service,One year,No,Mailed check,18.0,1138.22,No
CUST-3524,Male,0,Yes,No,36,Yes,No,DSL,No,Yes,No,Yes,Yes,No,Two year,Yes,Electronic check,87.57,3152.28,No
CUST-3525,Female,0,Yes,Yes,47,Yes,No,No,No internet service,No internet service,No internet service,No internet service,No internet service,No internet service,One year,Yes,Electronic check,29.07,1368.75,No
CUST-3526,Female,0,No,No,55,Yes,No,Fiber optic,No,No,No,No,Yes,No,One year,Yes,Electronic check,92.38,5088.18,No
CUST-3527,Male,1,Yes,No,43,Yes,Yes,Fiber optic,No,No,Yes,No,Yes,No,Month-to-month,No,Bank transfer (automatic),116.57,5011.77,Yes
CUST-3528,Male,0,No,Yes,12,Yes,Yes,No,No internet service,No internet service,No internet service,No internet service,No internet service,No internet service,Two year,Yes,Credit card (automatic),44.27,531.97,No
CUST-3529,Male,0,No,Yes,3,Yes,Yes,Fiber optic,No,No,No,No,No,No,One year,No,Electronic check,97.05,290.82,No
CUST-3530,Male,0,Yes,Yes,72,Yes,No,Fiber optic,No,No,No,No,Yes,Yes,One year,No,Bank transfer (automatic),103.88,7477.63,No
CUST-3531,Male,0,No,No,32,Yes,Yes,DSL,No,Yes,No,No,Yes,Yes,Two year,Yes,Electronic check,105.63,3373.52,No
CUST-3532,Male,0,Yes,Yes,36,Yes,Yes,No,No internet service,No internet service,No internet service,No internet service,No internet service,No internet service,Month-to-month,No,Electronic check,44.45,1598.51,No
CUST-3533,Male,0,Yes,Yes,52,Yes,No,Fiber optic,No,Yes,Yes,Yes,No,Yes,Month-to-month,Yes,Electronic check,111.5,5801.51,Yes
CUST-3534,Male,0,No,Yes,23,Yes,Yes,No,No internet service,No internet service,No internet service,No internet service,No internet service,No internet service,Month-to-month,No,Electronic check,47.24,1089.74,Yes
CUST-3535,Male,0,Yes,Yes,50,Yes,No,Fiber optic,No,Yes,No,No,No,Yes,Two year,No,Mailed check,99.81,4990.15,Yes
CUST-3536,Female,0,Yes,Yes,40,Yes,No,Fiber optic,Yes,No,Yes,Yes,Yes,No,One year,Yes,Credit card (automatic),117.05,4682.03,No
CUST-3537,Female,0,No,Yes,28,Yes,No,DSL,No,Yes,Yes,No,Yes,No,Month-to-month,No,Credit card (automatic),90.4,2522.29,Yes
CUST-3538,Female,1,No,No,58,Yes,Yes,No,No internet service,No internet service,No internet service,No internet service,No internet service,No internet service,Month-to-month,No,Electronic check,41.41,2407.29,Yes
CUST-3539,Male,0,No,No,39,Yes,No,Fiber optic,No,No,No,No,No,No,One year,No,Bank transfer (automatic),74.87,2909.85,No
CUST-3540,Female,1,No,Yes,50,Yes,Yes,Fiber optic,No,No,Yes,Yes,Yes,No,Two year,Yes,Credit card (automatic),125.98,6292.44,No
CUST-3541,Male,0,No,Yes,49,Yes,Yes,Fiber optic,No,Yes,Yes,Yes,Yes,No,Month-to-month,No,Electronic check,129.13,6327.39,Yes
CUST-3542,Male,0,No,No,35,Yes,Yes,DSL,No,No,Yes,No,No,No,Month-to-month,No,Electronic check,83.01,2908.21,No
CUST-3543,Female,0,Yes,Yes,59,Yes,No,No,No internet service,No internet service,No internet service,No internet service,No internet service,No internet service,Two year,No,Bank transfer (automatic),29.01,1719.06,No
CUST-3544,Male,0,Yes,No,17,Yes,No,Fiber optic,No,Yes,Yes,No,No,No,Month-to-month,No,Electronic check,96.15,1639.41,Yes
CUST-3545,Female,0,Yes,Yes,19,Yes,No,No,No internet service,No internet service,No internet service,No internet service,No internet service,No internet service,Month-to-month,Yes,Credit card (automatic),32.08,613.14,Yes
CUST-3546,Female,0,No,Yes,4,Yes,No,DSL,No,Yes,No,No,Yes,No,Two year,Yes,Electronic check,77.75,313.12,Yes
CUST-3547,Female,0,Yes,Yes,17,Yes,Yes,Fiber optic,No,Yes,Yes,Yes,No,Yes,Two year,No,Bank transfer (automatic),134.43,2271.64,No
CUST-3548,Male,0,No,Yes,39,Yes,Yes,Fiber optic,No,No,Yes,No,Yes,No,Two year,No,Bank transfer (automatic),114.37,4462.77,No
CUST-3549,Female,0,Yes,No,0,Yes,No,Fiber optic,No,No,Yes,No,Yes,Yes,Two year,Yes,Mailed check,115.3, ,Yes
CUST-3550,Male,1,No,Yes,18,No,No phone service,DSL,Yes,Yes,No,No,No,Yes,Month-to-month,No,Electronic check,73.38,1326.28,No
CUST-3551,Female,0,Yes,Yes,25,Yes,No,Fiber optic,Yes,Yes,No,Yes,No,No,Month-to-month,No,Electronic check,102.37,2551.72,Yes
CUST-3552,Female,1,No,Yes,28,Yes,Yes,No,No internet service,No internet service,No internet service,No internet service,No internet service,No internet service,Two year,Yes,Credit card (automatic),42.55,1192.36,No
CUST-3553,Female,0,No,No,58,Yes,No,DSL,Yes,No,No,No,No,No,One year,Yes,Mailed check,65.42,3786.52,No
CUST-3554,Male,0,No,Yes,62,Yes,No,Fiber optic,No,No,Yes,No,Yes,No,One year,No,Electronic check,102.52,6360.1,Yes
CUST-3555,Male,0,No,No,61,Yes,No,Fiber optic,No,No,No,No,Yes,No,Two year,No,Electronic check,90.04,5487.68,No
CUST-3556,Male,0,Yes,Yes,47,Yes,Yes,DSL,No,No,No,No,No,No,One year,Yes,Electronic check,77.0,3630.88,No
CUST-3557,Female,0,Yes,Yes,61,Yes,Yes,Fiber optic,Yes,Yes,No,No,No,Yes,One year,Yes,Mailed check,124.48,7597.62,No
CUST-3558,Female,0,No,No,17,Yes,Yes,Fiber optic,Yes,Yes,No,Yes,No,No,Month-to-month,Yes,Bank transfer (automatic),121.25,2062.13,No
CUST-3559,Male,0,No,Yes,65,Yes,No,DSL,Yes,No,Yes,Yes,No,Yes,Month-to-month,No,Electronic check,92.58,6017.86,No
CUST-3560,Male,0,No,Yes,26,No,No phone service,Fiber optic,No,Yes,Yes,No,Yes,Yes,One year,Yes,Electronic check,111.31,2898.02,No
CUST-3561,Male,0,Yes,Yes,5,Yes,Yes,No,No internet service,No internet service,No internet service,No internet service,No internet service,No internet service,Two year,Yes,Electronic check,47.57,241.29,Yes
CUST-3562,Male,0,No,Yes,69,Yes,Yes,DSL,No,No,No,No,No,Yes,Month-to-month,No,Electronic check,89.02,6143.93,No
CUST-3563,Male,0,No,Yes,58,No,No phone service,Fiber optic,No,No,No,No,Yes,Yes,Month-to-month,Yes,Mailed check,93.88,5439.44,No
CUST-3564,Male,0,Yes,Yes,5,No,No phone service,Fiber optic,No,No,No,No,Yes,Yes,Month-to-month,Yes,Mailed check,90.56,456.74,Yes
CUST-3565,Female,0,No,Yes,30,Yes,No,DSL,No,Yes,Yes,No,No,No,Month-to-month,Yes,Electronic check,76.11,2280.69,No
CUST-3566,Male,0,No,Yes,55,Yes,No,No,No internet service,No internet service,No internet service,No internet service,No internet service,No internet service,Two year,Yes,Bank transfer (automatic),31.15,1705.47,No
CUST-3567,Female,0,Yes,Yes,53,Yes,Yes,DSL,No,Yes,No,Yes,Yes,No,Month-to-month,Yes,Electronic check,102.01,5405.99,Yes
CUST-3568,Female,0,No,Yes,40,Yes,No,Fiber optic,No,No,Yes,No,Yes,Yes,Month-to-month,No,Credit card (automatic),111.83,4471.25,Yes
CUST-3569,Male,0,No,No,17,Yes,No,Fiber optic,No,Yes,Yes,No,No,No,Month-to-month,Yes,Credit card (automatic),97.94,1666.21,Yes
CUST-3570,Male,0,Yes,No,22,Yes,No,DSL,Yes,No,Yes,No,No,Yes,One year,No,Electronic check,88.43,1944.12,Yes
CUST-3571,Female,1,No,Yes,35,Yes,Yes,Fiber optic,Yes,Yes,No,No,Yes,Yes,Two year,Yes,Mailed check,137.96,4825.68,No
CUST-3572,Male,0,Yes,Yes,24,Yes,Yes,No,No internet service,No internet service,No internet service,No internet service,No internet service,No internet service,One year,Yes,Mailed check,45.45,1093.34,No
CUST-3573,Male,0,No,No,6,Yes,Yes,DSL,Yes,No,No,No,No,Yes,Month-to-month,No,Credit card (automatic),94.55,570.05,Yes
CUST-3574,Female,0,No,Yes,19,Yes,No,Fiber optic,No,No,No,No,Yes,Yes,One year,No,Electronic check,105.87,2003.06,Yes
CUST-3575,Female,0,No,Yes,4,No,No phone service,DSL,Yes,No,No,Yes,No,Yes,Month-to-month,No,Bank transfer (automatic),79.51,316.7,Yes
CUST-3576,Female,0,No,No,17,Yes,Yes,No,No internet service,No internet service,No internet service,No internet service,No internet service,No internet service,Two year,Yes,Mailed check,44.68,760.43,Yes
CUST-3577,Male,0,No,Yes,32,Yes,Yes,DSL,No,Yes,Yes,No,Yes,No,Month-to-month,Yes,Bank transfer (automatic),105.53,3372.58,Yes
CUST-3578,Female,0,Yes,Yes,34,Yes,Yes,Fiber optic,No,No,Yes,No,Yes,No,Month-to-month,Yes,Electronic check,112.5,3827.23,Yes
CUST-3579,Male,0,No,No,64,Yes,No,Fiber optic,No,No,Yes,No,Yes,No,Month-to-month,No,Bank transfer (automatic),99.41,6362.35,Yes
CUST-3580,Female,0,No,Yes,62,Yes,No,Fiber optic,No,No,Yes,No,Yes,No,Month-to-month,Yes,Electronic check,104.73,6492.4,No
CUST-3581,Female,0,Yes,Yes,71,Yes,Yes,DSL,Yes,Yes,Yes,No,No,Yes,Month-to-month,Yes,Electronic check,113.75,8072.84,Yes
CUST-3582,Female,1,Yes,Yes,70,Yes,Yes,No,No internet service,No internet service,No internet service,No internet service,No internet service,No internet service,Month-to-month,No,Electronic check,46.92,3282.42,No
CUST-3583,Male,0,No,Yes,40,No,No phone service,Fiber optic,Yes,No,Yes,No,Yes,Yes,Month-to-month,Yes,Mailed check,108.15,4331.35,Yes
CUST-3584,Male,0,Yes,No,49,Yes,No,Fiber optic,No,Yes,No,No,No,No,Two year,No,Bank transfer (automatic),84.12,4128.74,No
CUST-3585,Female,0,No,Yes,29,Yes,No,DSL,No,Yes,No,No,Yes,No,Month-to-month,Yes,Mailed check,79.46,2300.28,Yes
CUST-3586,Female,0,Yes,Yes,37,Yes,Yes,No,No internet service,No internet service,No internet service,No internet service,No internet service,No internet service,Month-to-month,No,Electronic check,45.95,1699.28,Yes
CUST-3587,Female,0,Yes,No,34,Yes,No,DSL,Yes,No,Yes,No,No,Yes,Month-to-month,Yes,Mailed check,90.39,3068.48,No
CUST-3588,Male,0,No,Yes,65,Yes,No,DSL,No,No,Yes,No,No,No,Two year,Yes,Electronic check,65.79,4275.94,No
CUST-3589,Female,0,Yes,Yes,45,Yes,No,Fiber optic,Yes,No,No,No,No,No,Month-to-month,Yes,Credit card (automatic),88.43,3980.64,No
CUST-3590,Male,0,No,Yes,7,Yes,No,No,No internet service,No internet service,No internet service,No internet service,No internet service,No internet service,Month-to-month,No,Mailed check,29.41,206.19,No
CUST-3591,Female,0,Yes,Yes,67,Yes,Yes,DSL,No,Yes,No,No,Yes,No,Month-to-month,Yes,Mailed check,95.3,6371.91,Yes
CUST-3592,Female,0,Yes,Yes,36,Yes,No,DSL,No,No,Yes,Yes,No,Yes,One year,No,Electronic check,88.94,3207.94,No
CUST-3593,Female,0,Yes,No,12,Yes,No,Fiber optic,Yes,No,No,No,No,Yes,Month-to-month,Yes,Mailed check,99.42,1190.63,Yes
CUST-3594,Female,0,No,No,72,No,No phone service,Fiber optic,No,No,No,Yes,No,No,Two year,Yes,Credit card (automatic),76.77,5521.33,No
CUST-3595,Female,0,No,Yes,44,Yes,No,No,No internet service,No internet service,No internet service,No internet service,No internet service,No internet service,Month-to-month,Yes,Electronic check,29.65,1300.38,Yes
CUST-3596,Female,0,Yes,Yes,28,Yes,Yes,Fiber optic,No,Yes,No,No,No,Yes,Month-to-month,Yes,Bank transfer (automatic),116.08,3255.52,No
CUST-3597,Male,0,No,Yes,40,Yes,Yes,DSL,No,No,Yes,No,Yes,No,One year,Yes,Bank transfer (automatic),96.07,3846.36,No
CUST-3598,Female,1,No,Yes,55,Yes,Yes,Fiber optic,No,No,No,No,Yes,Yes,Month-to-month,Yes,Electronic check,116.91,6429.81,Yes
CUST-3599,Male,0,No,Yes,15,Yes,Yes,DSL,No,No,Yes,No,Yes,No,Month-to-month,Yes,Bank transfer (automatic),92.55,1387.91,Yes
CUST-3600,Female,1,Yes,No,11,No,No phone service,Fiber optic,No,Yes,No,No,No,No,Month-to-month,Yes,Bank transfer (automatic),79.96,873.21,Yes
CUST-3601,Female,0,No,Yes,65,Yes,No,Fiber optic,Yes,Yes,Yes,No,Yes,Yes,Month-to-month,Yes,Electronic check,125.35,8152.75,Yes
CUST-3602,Male,0,Yes,Yes,61,Yes,Yes,Fiber optic,Yes,Yes,No,No,No,Yes,Month-to-month,Yes,Mailed check,121.73,7430.11,Yes
CUST-3603,Female,0,Yes,Yes,18,Yes,Yes,DSL,No,No,No,No,Yes,No,Month-to-month,No,Mailed check,86.61,1565.47,Yes
CUST-3604,Male,1,Yes,Yes,29,Yes,Yes,DSL,No,Yes,Yes,No,Yes,Yes,Two year,Yes,Credit card (automatic),115.08,3338.33,No
CUST-3605,Male,0,Yes,Yes,15,Yes,No,No,No internet service,No internet service,No internet service,No internet service,No internet service,No internet service,Two year,No,Electronic check,29.9,454.47,No
CUST-3606,Female,0,Yes,Yes,12,No,No phone service,No,No internet service,No internet service,No internet service,No internet service,No internet service,No internet service,Two year,Yes,Credit card (automatic),21.33,251.47,No
CUST-3607,Male,0,No,Yes,68,Yes,No,Fiber optic,Yes,No,No,No,No,Yes,One year,Yes,Bank transfer (automatic),103.11,7011.81,No
CUST-3608,Male,0,No,Yes,22,Yes,Yes,DSL,No,No,No,No,Yes,Yes,One year,Yes,Mailed check,98.87,2179.78,Yes
CUST-3609,Female,0,Yes,Yes,61,Yes,No,No,No internet service,No internet service,No internet service,No internet service,No internet service,No internet service,Month-to-month,No,Bank transfer (automatic),28.14,1720.19,No
CUST-3610,Male,1,No,Yes,30,Yes,No,Fiber optic,No,No,Yes,No,Yes,No,Two year,No,Bank transfer (automatic),100.56,3024.86,No
CUST-3611,Female,1,No,Yes,52,Yes,Yes,Fiber optic,No,No,No,Yes,No,Yes,Month-to-month,Yes,Mailed check,114.44,5947.81,Yes
CUST-3612,Female,0,No,No,16,Yes,No,Fiber optic,No,No,No,Yes,No,Yes,Month-to-month,Yes,Electronic check,99.1,1589.89,No
CUST-3613,Female,1,No,Yes,48,No,No phone service,DSL,No,Yes,No,Yes,Yes,No,Two year,No,Credit card (automatic),79.45,3807.6,No
CUST-3614,Female,0,No,Yes,48,Yes,Yes,Fiber optic,No,No,No,Yes,No,No,One year,No,Credit card (automatic),100.63,4821.13,Yes
CUST-3615,Male,0,No,Yes,66,Yes,No,No,No internet service,No internet service,No internet service,No internet service,No internet service,No internet service,Month-to-month,No,Credit card (automatic),28.92,1910.57,No
CUST-3616,Female,0,No,No,25,Yes,Yes,DSL,No,No,No,No,Yes,No,Month-to-month,No,Electronic check,86.61,2174.16,Yes
CUST-3617,Female,0,Yes,Yes,12,Yes,No,Fiber optic,Yes,No,No,Yes,No,Yes,Month-to-month,No,Credit card (automatic),109.64,1323.06,No
CUST-3618,Male,1,Yes,Yes,37,Yes,Yes,Fiber optic,No,No,Yes,No,Yes,Yes,Month-to-month,No,Credit card (automatic),128.23,4740.18,Yes
CUST-3619,Female,0,Yes,Yes,21,Yes,No,No,No internet service,No internet service,No internet service,No internet service,No internet service,No internet service,Two year,Yes,Mailed check,31.96,671.15,Yes
CUST-3620,Female,0,No,Yes,28,Yes,Yes,DSL,Yes,No,Yes,No,No,No,Two year,Yes,Credit card (automatic),89.61,2503.5,No
CUST-3621,Male,0,No,Yes,44,Yes,No,No,No internet service,No internet service,No internet service,No internet service,No internet service,No internet service,Month-to-month,Yes,Electronic check,33.43,1471.64,Yes
CUST-3622,Male,0,Yes,Yes,45,Yes,No,Fiber optic,No,Yes,Yes,No,No,Yes,Month-to-month,Yes,Electronic check,107.36,4834.39,No
CUST-3623,Male,0,No,No,38,Yes,Yes,Fiber optic,Yes,Yes,Yes,No,No,No,Two year,Yes,Electronic check,120.18,4564.94,No
CUST-3624,Male,1,No,Yes,68,No,No phone service,DSL,Yes,No,No,No,No,Yes,Month-to-month,Yes,Electronic check,70.4,4788.44,No
CUST-3625,Male,0,Yes,Yes,67,Yes,Yes,No,No internet service,No internet service,No internet service,No internet service,No internet service,No internet service,Month-to-month,Yes,Bank transfer (automatic),43.54,2913.74,Yes
CUST-3626,Male,0,Yes,Yes,38,Yes,No,DSL,No,Yes,Yes,Yes,No,Yes,Two year,No,Credit card (automatic),95.35,3620.33,No
CUST-3627,Male,0,Yes,Yes,19,Yes,No,No,No internet service,No internet service,No internet service,No internet service,No internet service,No internet service,Month-to-month,Yes,Electronic check,31.18,587.71,No
CUST-3628,Female,0,No,Yes,67,Yes,No,Fiber optic,Yes,No,Yes,Yes,No,Yes,Two year,No,Bank transfer (automatic),117.09,7840.64,No
CUST-3629,Male,0,No,No,34,Yes,No,No,No internet service,No internet service,No internet service,No internet service,No internet service,No internet service,Month-to-month,Yes,Mailed check,30.7,1052.57,Yes
CUST-3630,Male,0,No,No,7,Yes,Yes,DSL,Yes,No,Yes,No,No,No,Month-to-month,No,Electronic check,93.31,655.88,Yes
CUST-3631,Male,0,Yes,Yes,51,Yes,No,DSL,No,No,Yes,No,Yes,Yes,Two year,Yes,Credit card (automatic),94.55,4812.91,No
CUST-3632,Female,0,Yes,Yes,39,Yes,Yes,Fiber optic,No,No,No,No,Yes,No,Month-to-month,Yes,Credit card (automatic),106.63,4160.77,Yes
CUST-3633,Female,0,No,Yes,35,Yes,No,Fiber optic,No,No,Yes,No,No,Yes,One year,No,Electronic check,98.42,3447.15,No
CUST-3634,Male,0,Yes,Yes,5,Yes,No,Fiber optic,Yes,No,Yes,No,No,Yes,Month-to-month,Yes,Bank transfer (automatic),105.71,537.76,Yes
CUST-3635,Male,0,Yes,Yes,69,Yes,No,Fiber optic,Yes,Yes,No,No,Yes,No,Two year,Yes,Electronic check,108.94,7510.84,Yes
CUST-3636,Male,0,No,No,72,No,No phone service,DSL,Yes,No,No,No,No,No,One year,Yes,Mailed check,60.82,4381.93,No
CUST-3637,Female,0,Yes,No,15,No,No phone service,Fiber optic,No,No,No,No,No,No,Month-to-month,Yes,Mailed check,70.45,1056.27,Yes
CUST-3638,Female,1,Yes,Yes,45,Yes,No,DSL,Yes,No,Yes,No,No,Yes,Month-to-month,No,Electronic check,87.66,3945.97,No
CUST-3639,Male,0,Yes,Yes,58,Yes,No,DSL,No,No,No,No,Yes,Yes,Month-to-month,No,Bank transfer (automatic),86.06,4994.86,Yes
CUST-3640,Female,0,No,Yes,37,Yes,No,No,No internet service,No internet service,No internet service,No internet service,No internet service,No internet service,Month-to-month,No,Credit card (automatic),28.32,1036.96,No
CUST-3641,Male,0,No,Yes,17,Yes,Yes,Fiber optic,Yes,No,Yes,No,No,No,Two year,Yes,Bank transfer (automatic),110.8,1886.28,Yes
CUST-3642,Female,0,Yes,Yes,11,Yes,No,No,No internet service,No internet service,No internet service,No internet service,No internet service,No internet service,Two year,Yes,Bank transfer (automatic),27.9,309.75,No
CUST-3643,Female,0,No,Yes,53,Yes,No,DSL,No,Yes,No,No,Yes,Yes,One year,Yes,Electronic check,93.32,4947.3,No
CUST-3644,Male,1,No,Yes,46,Yes,No,DSL,No,No,No,No,No,Yes,Two year,Yes,Electronic check,69.74,3202.7,Yes
CUST-3645,Male,0,No,Yes,0,Yes,No,Fiber optic,No,No,No,No,Yes,Yes,One year,No,Mailed check,105.99, ,No
CUST-3646,Male,0,Yes,Yes,14,Yes,No,Fiber optic,No,Yes,No,Yes,No,No,Month-to-month,No,Mailed check,95.2,1332.1,No
CUST-3647,Male,0,No,No,20,Yes,No,DSL,No,No,No,Yes,Yes,Yes,One year,No,Bank transfer (automatic),95.91,1925.29,No
CUST-3648,Female,0,Yes,Yes,0,Yes,Yes,DSL,No,No,Yes,No,No,Yes,One year,No,Mailed check,90.54, ,No
CUST-3649,Female,0,Yes,Yes,66,Yes,Yes,DSL,Yes,Yes,Yes,Yes,Yes,Yes,Month-to-month,Yes,Electronic check,131.54,8681.44,No
CUST-3650,Female,1,No,Yes,11,Yes,Yes,DSL,No,Yes,No,No,Yes,Yes,Month-to-month,Yes,Electronic check,107.78,1189.54,No
CUST-3651,Male,0,Yes,Yes,27,Yes,No,No,No internet service,No internet service,No internet service,No internet service,No internet service,No internet service,One year,No,Credit card (automatic),29.1,788.29,No
CUST-3652,Female,0,No,Yes,38,Yes,No,Fiber optic,No,No,Yes,No,Yes,Yes,Month-to-month,No,Electronic check,116.16,4419.81,No
CUST-3653,Male,0,No,Yes,36,Yes,Yes,Fiber optic,No,Yes,Yes,No,No,Yes,One year,Yes,Credit card (automatic),126.14,4549.2,No
CUST-3654,Female,0,Yes,Yes,59,Yes,Yes,DSL,No,No,Yes,No,No,No,Month-to-month,No,Electronic check,84.27,4961.61,No
CUST-3655,Male,0,Yes,Yes,30,Yes,No,No,No internet service,No internet service,No internet service,No internet service,No internet service,No internet service,Month-to-month,Yes,Mailed check,29.04,867.93,Yes
CUST-3656,Male,0,No,No,57,Yes,No,DSL,No,No,No,Yes,Yes,No,Month-to-month,No,Electronic check,79.13,4510.62,No
CUST-3657,Female,0,No,Yes,10,Yes,No,Fiber optic,No,No,No,No,Yes,No,Two year,No,Mailed check,90.16,912.19,Yes
CUST-3658,Male,0,No,Yes,28,Yes,Yes,DSL,No,Yes,No,No,Yes,No,Month-to-month,No,Credit card (automatic),96.01,2693.77,Yes
CUST-3659,Male,0,No,Yes,12,Yes,Yes,Fiber optic,No,No,No,No,Yes,No,Month-to-month,No,Credit card (automatic),103.56,1245.46,No
CUST-3660,Female,0,Yes,Yes,50,Yes,No,No,No internet service,No internet service,No internet service,No internet service,No internet service,No internet service,Month-to-month,Yes,Bank transfer (automatic),30.19,1512.32,No
CUST-3661,Male,0,Yes,No,53,Yes,No,Fiber optic,No,No,No,Yes,No,Yes,Two year,Yes,Bank transfer (automatic),100.27,5309.5,No
CUST-3662,Male,0,Yes,Yes,18,Yes,No,No,No internet service,No internet service,No internet service,No internet service,No internet service,No internet service,Month-to-month,Yes,Credit card (automatic),27.83,503.74,Yes
CUST-3663,Male,0,No,Yes,57,Yes,No,No,No internet service,No internet service,No internet service,No internet service,No internet service,No internet service,Month-to-month,No,Electronic check,30.97,1757.48,Yes
CUST-3664,Female,0,Yes,Yes,35,Yes,Yes,DSL,Yes,No,Yes,No,No,No,Month-to-month,Yes,Bank transfer (automatic),90.2,3157.82,Yes
CUST-3665,Female,0,Yes,Yes,27,Yes,Yes,Fiber optic,No,No,Yes,Yes,No,Yes,Month-to-month,Yes,Mailed check,123.06,3325.11,Yes
CUST-3666,Male,0,Yes,No,67,No,No phone service,No,No internet service,No internet service,No internet service,No internet service,No internet service,No internet service,One year,Yes,Electronic check,19.83,1333.21,Yes
CUST-3667,Female,0,Yes,Yes,2,Yes,No,DSL,No,Yes,Yes,No,Yes,Yes,Month-to-month,Yes,Electronic check,98.95,190.55,Yes
CUST-3668,Male,1,No,Yes,40,Yes,Yes,No,No internet service,No internet service,No internet service,No internet service,No internet service,No internet service,Two year,No,Electronic check,44.42,1775.08,No
CUST-3669,Male,0,Yes,No,34,Yes,No,No,No internet service,No internet service,No internet service,No internet service,No internet service,No internet service,One year,Yes,Bank transfer (automatic),31.09,1050.84,No
CUST-3670,Male,0,Yes,No,49,Yes,Yes,No,No internet service,No internet service,No internet service,No internet service,No internet service,No internet service,Month-to-month,No,Mailed check,47.22,2320.44,No
CUST-3671,Male,0,Yes,Yes,29,Yes,Yes,Fiber optic,No,No,No,No,Yes,Yes,Month-to-month,Yes,Electronic check,120.62,3506.66,Yes
CUST-3672,Male,0,Yes,Yes,71,Yes,No,No,No internet service,No internet service,No internet service,No internet service,No internet service,No internet service,Month-to-month,No,Mailed check,32.03,2278.73,Yes
CUST-3673,Female,0,No,Yes,69,Yes,Yes,Fiber optic,Yes,No,No,No,Yes,Yes,Month-to-month,No,Mailed check,124.02,8551.21,Yes
CUST-3674,Male,0,No,Yes,53,Yes,No,Fiber optic,Yes,Yes,No,No,No,Yes,Month-to-month,No,Electronic check,106.33,5635.37,No
CUST-3675,Female,0,Yes,No,70,Yes,No,DSL,Yes,No,Yes,No,No,Yes,Two year,Yes,Credit card (automatic),85.96,6020.02,No
CUST-3676,Female,0,No,Yes,50,Yes,No,No,No internet service,No internet service,No internet service,No internet service,No internet service,No internet service,Month-to-month,No,Electronic check,27.74,1388.4,No
CUST-3677,Male,0,No,Yes,27,No,No phone service,No,No internet service,No internet service,No internet service,No internet service,No internet service,No internet service,Month-to-month,Yes,Mailed check,19.17,520.31,Yes
CUST-3678,Male,0,No,No,63,Yes,No,Fiber optic,No,No,Yes,Yes,No,No,Month-to-month,Yes,Mailed check,93.57,5896.0,No
CUST-3679,Female,0,No,Yes,20,Yes,Yes,Fiber optic,No,No,No,No,No,No,Month-to-month,Yes,Mailed check,94.34,1888.18,Yes
CUST-3680,Female,0,Yes,Yes,26,Yes,No,Fiber optic,Yes,Yes,No,No,No,No,Two year,Yes,Electronic check,94.73,2457.98,No
CUST-3681,Female,0,No,No,26,Yes,Yes,No,No internet service,No internet service,No internet service,No internet service,No internet service,No internet service,Two year,Yes,Mailed check,47.61,1242.2,Yes
CUST-3682,Male,0,No,No,49,Yes,Yes,DSL,Yes,No,No,No,No,No,One year,No,Electronic check,82.69,4043.02,No
CUST-3683,Female,0,Yes,No,28,Yes,No,Fiber optic,Yes,No,No,No,Yes,No,Month-to-month,Yes,Mailed check,103.43,2900.67,No
CUST-3684,Male,1,Yes,Yes,38,Yes,No,No,No internet service,No internet service,No internet service,No internet service,No internet service,No internet service,Month-to-month,Yes,Electronic check,33.08,1245.38,No
CUST-3685,Male,0,Yes,No,56,Yes,No,DSL,No,Yes,No,No,No,No,One year,No,Electronic check,67.59,3791.02,No
CUST-3686,Male,0,Yes,Yes,36,No,No phone service,No,No internet service,No internet service,No internet service,No internet service,No internet service,No internet service,Two year,Yes,Electronic check,19.79,712.5,No
CUST-3687,Female,0,No,Yes,63,Yes,No,No,No internet service,No internet service,No internet service,No internet service,No internet service,No internet service,Month-to-month,No,Mailed check,31.55,1985.74,No
CUST-3688,Male,0,Yes,No,47,Yes,No,No,No internet service,No internet service,No internet service,No internet service,No internet service,No internet service,Month-to-month,No,Bank transfer (automatic),27.08,1278.65,No
CUST-3689,Male,0,No,Yes,21,Yes,Yes,Fiber optic,No,Yes,Yes,No,No,Yes,Month-to-month,No,Credit card (automatic),124.63,2620.92,Yes
CUST-3690,Male,0,No,No,29,Yes,No,Fiber optic,Yes,Yes,No,Yes,No,Yes,Two year,Yes,Electronic check,119.04,3449.85,No
CUST-3691,Male,0,Yes,Yes,27,Yes,Yes,Fiber optic,No,No,No,No,Yes,No,Month-to-month,No,Mailed check,105.37,2852.8,No
CUST-3692,Male,0,Yes,Yes,22,Yes,No,Fiber optic,No,Yes,No,Yes,Yes,No,One year,Yes,Bank transfer (automatic),108.21,2380.65,Yes
CUST-3693,Female,0,No,No,3,Yes,No,DSL,Yes,No,Yes,No,Yes,No,Month-to-month,Yes,Credit card (automatic),86.87,260.71,Yes
CUST-3694,Male,1,No,Yes,2,Yes,No,No,No internet service,No internet service,No internet service,No internet service,No internet service,No internet service,One year,Yes,Mailed check,32.01,65.64,No
CUST-3695,Male,0,Yes,Yes,60,Yes,No,Fiber optic,Yes,No,No,Yes,Yes,Yes,One year,Yes,Electronic check,123.37,7403.73,No
CUST-3696,Female,0,Yes,Yes,3,Yes,No,DSL,No,Yes,Yes,No,No,Yes,One year,No,Mailed check,85.35,256.82,Yes
CUST-3697,Male,0,Yes,No,64,No,No phone service,DSL,Yes,Yes,Yes,Yes,Yes,Yes,One year,Yes,Electronic check,106.18,6799.9,No
CUST-3698,Female,0,No,Yes,11,Yes,Yes,Fiber optic,Yes,Yes,No,Yes,No,No,Month-to-month,Yes,Electronic check,119.73,1315.61,Yes
CUST-3699,Male,0,No,Yes,12,Yes,Yes,No,No internet service,No internet service,No internet service,No internet service,No internet service,No internet service,One year,Yes,Electronic check,46.41,561.48,Yes
CUST-3700,Female,0,Yes,Yes,33,Yes,No,Fiber optic,No,Yes,No,No,No,Yes,Month-to-month,Yes,Mailed check,98.69,3252.04,Yes
CUST-3701,Female,0,No,No,58,Yes,Yes,DSL,No,No,No,No,Yes,No,Month-to-month,No,Electronic check,85.96,4986.31,No
CUST-3702,Male,0,Yes,No,72,Yes,No,Fiber optic,No,No,No,Yes,No,Yes,Month-to-month,No,Credit card (automatic),103.04,7420.83,Yes
CUST-3703,Male,1,No,No,30,Yes,No,DSL,Yes,Yes,Yes,No,Yes,No,One year,No,Bank transfer (automatic),92.89,2783.26,No
CUST-3704,Male,0,No,Yes,70,Yes,Yes,DSL,Yes,Yes,No,No,Yes,No,Two year,No,Mailed check,103.25,7226.49,No
CUST-3705,Female,0,Yes,Yes,12,Yes,Yes,Fiber optic,Yes,Yes,No,No,No,No,Month-to-month,Yes,Bank transfer (automatic),109.95,1322.63,Yes
CUST-3706,Female,1,Yes,Yes,53,Yes,Yes,Fiber optic,Yes,No,No,No,No,Yes,Month-to-month,Yes,Electronic check,114.31,6054.21,No
CUST-3707,Female,0,Yes,Yes,1,Yes,No,Fiber optic,Yes,No,Yes,No,Yes,Yes,Two year,No,Electronic check,123.46,127.25,No
CUST-3708,Male,0,No,Yes,32,Yes,Yes,No,No internet service,No internet service,No internet service,No internet service,No internet service,No internet service,One year,Yes,Credit card (automatic),45.07,1444.95,No
CUST-3709,Female,0,No,No,49,Yes,Yes,Fiber optic,Yes,Yes,Yes,No,Yes,Yes,Two year,No,Credit card (automatic),145.96,7151.54,Yes
CUST-3710,Female,0,Yes,No,6,Yes,No,No,No internet service,No internet service,No internet service,No internet service,No internet service,No internet service,Month-to-month,No,Bank transfer (automatic),32.82,194.8,Yes
CUST-3711,Male,0,No,Yes,17,Yes,Yes,No,No internet service,No internet service,No internet service,No internet service,No internet service,No internet service,Month-to-month,No,Electronic check,47.22,798.47,No
CUST-3712,Female,0,Yes,Yes,50,Yes,Yes,Fiber optic,No,No,Yes,No,No,No,Two year,Yes,Electronic check,100.12,5014.83,Yes
CUST-3713,Female,0,No,No,7,Yes,Yes,DSL,No,Yes,No,No,Yes,Yes,One year,Yes,Mailed check,106.98,746.9,No
CUST-3714,Male,0,Yes,Yes,54,Yes,Yes,No,No internet service,No internet service,No internet service,No internet service,No internet service,No internet service,Month-to-month,Yes,Electronic check,47.34,2549.27,No
CUST-3715,Female,0,No,Yes,42,Yes,No,No,No internet service,No internet service,No internet service,No internet service,No internet service,No internet service,Month-to-month,No,Bank transfer (automatic),32.46,1357.38,Yes
CUST-3716,Male,0,No,Yes,58,Yes,Yes,Fiber optic,Yes,No,No,Yes,No,Yes,Two year,No,Electronic check,123.3,7152.69,No
CUST-3717,Male,0,No,Yes,29,Yes,No,Fiber optic,Yes,Yes,Yes,No,No,No,Two year,No,Electronic check,104.51,3027.81,Yes
CUST-3718,Male,0,No,No,58,Yes,Yes,DSL,Yes,No,Yes,No,Yes,No,Month-to-month,Yes,Electronic check,101.09,5856.01,No
CUST-3719,Male,0,Yes,Yes,8,Yes,Yes,DSL,No,Yes,No,No,Yes,No,Month-to-month,Yes,Bank transfer (automatic),89.94,714.83,Yes
CUST-3720,Male,0,No,Yes,67,Yes,Yes,Fiber optic,No,Yes,Yes,No,Yes,No,Month-to-month,No,Credit card (automatic),121.44,8141.9,No
CUST-3721,Female,0,Yes,Yes,38,Yes,No,DSL,No,No,No,No,Yes,No,Month-to-month,Yes,Mailed check,75.49,2873.17,No
CUST-3722,Female,0,Yes,No,10,Yes,Yes,DSL,Yes,No,No,No,Yes,Yes,Month-to-month,Yes,Credit card (automatic),104.57,1038.39,No
CUST-3723,Male,0,Yes,Yes,1,Yes,No,Fiber optic,Yes,Yes,No,No,No,No,Two year,No,Credit card (automatic),96.57,96.57,No
CUST-3724,Male,0,Yes,Yes,22,Yes,Yes,No,No internet service,No internet service,No internet service,No internet service,No internet service,No internet service,Month-to-month,No,Bank transfer (automatic),46.51,1031.11,No
CUST-3725,Female,0,No,No,62,Yes,Yes,No,No internet service,No internet service,No internet service,No internet service,No internet service,No internet service,Month-to-month,Yes,Electronic check,43.72,2703.94,No
CUST-3726,Male,0,Yes,No,21,Yes,No,No,No internet service,No internet service,No internet service,No internet service,No internet service,No internet service,Month-to-month,No,Mailed check,29.17,610.0,Yes
CUST-3727,Male,0,No,No,60,Yes,No,Fiber optic,Yes,No,No,No,No,Yes,One year,No,Bank transfer (automatic),99.28,5956.8,No
CUST-3728,Male,1,No,No,25,Yes,No,Fiber optic,Yes,No,Yes,No,No,Yes,Month-to-month,No,Electronic check,107.95,2690.66,Yes
CUST-3729,Female,0,No,Yes,11,Yes,No,No,No internet service,No internet service,No internet service,No internet service,No internet service,No internet service,One year,No,Bank transfer (automatic),31.09,343.51,No
CUST-3730,Female,0,No,Yes,31,Yes,No,Fiber optic,No,No,Yes,No,No,Yes,One year,Yes,Electronic check,101.15,3128.89,Yes
CUST-3731,Male,0,Yes,Yes,8,Yes,No,DSL,Yes,Yes,No,No,No,Yes,Two year,No,Mailed check,85.97,684.83,No
CUST-3732,Male,1,No,Yes,68,Yes,No,Fiber optic,Yes,No,Yes,No,No,No,One year,No,Bank transfer (automatic),98.74,6724.72,No
CUST-3733,Female,0,Yes,No,70,Yes,Yes,No,No internet service,No internet service,No internet service,No internet service,No internet service,No internet service,Month-to-month,No,Electronic check,44.85,3137.88,No
CUST-3734,Female,0,No,No,32,Yes,Yes,DSL,Yes,No,Yes,No,No,No,Two year,Yes,Bank transfer (automatic),86.31,2761.46,Yes
CUST-3735,Male,0,No,No,23,Yes,Yes,DSL,No,No,No,No,No,No,One year,No,Bank transfer (automatic),72.67,1664.73,No
CUST-3736,Male,0,Yes,Yes,68,Yes,No,Fiber optic,No,Yes,Yes,Yes,No,Yes,Month-to-month,Yes,Mailed check,115.31,7828.9,No
CUST-3737,Female,0,No,No,37,No,No phone service,No,No internet service,No internet service,No internet service,No internet service,No internet service,No internet service,Month-to-month,Yes,Mailed check,18.57,692.23,Yes
CUST-3738,Female,0,No,No,10,Yes,Yes,DSL,Yes,No,No,Yes,No,No,Month-to-month,No,Credit card (automatic),88.72,891.73,Yes
CUST-3739,Female,1,No,Yes,31,Yes,No,Fiber optic,No,No,No,Yes,No,No,Month-to-month,Yes,Bank transfer (automatic),87.75,2722.08,Yes
CUST-3740,Male,1,No,No,63,Yes,Yes,DSL,No,Yes,Yes,No,Yes,No,Month-to-month,No,Bank transfer (automatic),105.64,6655.03,Yes
CUST-3741,Female,1,No,Yes,71,Yes,No,Fiber optic,Yes,No,Yes,Yes,Yes,No,Month-to-month,No,Credit card (automatic),117.16,8319.31,No
CUST-3742,Male,0,Yes,Yes,19,Yes,No,Fiber optic,Yes,No,No,Yes,Yes,Yes,Month-to-month,Yes,Electronic check,118.13,2252.22,No
CUST-3743,Female,0,No,Yes,33,No,No phone service,DSL,No,Yes,Yes,No,Yes,Yes,Month-to-month,No,Electronic check,93.54,3090.71,Yes
CUST-3744,Female,0,No,Yes,41,Yes,Yes,No,No internet service,No internet service,No internet service,No internet service,No internet service,No internet service,Month-to-month,Yes,Electronic check,46.69,1918.31,Yes
CUST-3745,Female,0,Yes,Yes,7,Yes,No,No,No internet service,No internet service,No internet service,No internet service,No internet service,No internet service,Two year,Yes,Mailed check,27.92,196.05,No
CUST-3746,Female,0,No,Yes,65,Yes,Yes,Fiber optic,No,No,Yes,No,Yes,No,Month-to-month,No,Credit card (automatic),113.07,7343.25,Yes
CUST-3747,Male,0,Yes,No,20,Yes,Yes,DSL,Yes,Yes,Yes,No,Yes,Yes,Two year,Yes,Credit card (automatic),122.79,2452.48,Yes
CUST-3748,Male,0,No,Yes,69,No,No phone service,Fiber optic,No,Yes,No,No,No,Yes,Month-to-month,Yes,Mailed check,90.96,6259.76,Yes
CUST-3749,Female,0,No,No,4,Yes,No,No,No internet service,No internet service,No internet service,No internet service,No internet service,No internet service,Two year,Yes,Electronic check,32.18,126.77,No
CUST-3750,Male,0,Yes,Yes,66,Yes,Yes,DSL,No,Yes,No,No,No,No,Month-to-month,Yes,Credit card (automatic),80.03,5276.36,No
CUST-3751,Female,0,No,Yes,42,Yes,No,Fiber optic,Yes,No,No,Yes,No,No,Two year,Yes,Credit card (automatic),95.94,4039.39,No
CUST-3752,Female,0,No,Yes,15,Yes,No,Fiber optic,No,No,No,No,Yes,No,Month-to-month,Yes,Electronic check,92.47,1388.06,No
CUST-3753,Female,0,Yes,Yes,72,Yes,No,DSL,Yes,No,Yes,No,No,Yes,Month-to-month,Yes,Credit card (automatic),88.55,6384.91,No
CUST-3754,Female,0,Yes,Yes,34,Yes,No,DSL,Yes,Yes,No,No,No,Yes,Month-to-month,Yes,Mailed check,86.98,2952.45,Yes
CUST-3755,Male,0,No,Yes,42,Yes,No,Fiber optic,No,Yes,Yes,Yes,No,No,Two year,Yes,Electronic check,104.61,4399.56,Yes
CUST-3756,Female,0,Yes,Yes,38,Yes,No,Fiber optic,No,No,Yes,No,No,No,Month-to-month,Yes,Credit card (automatic),89.34,3397.15,No
CUST-3757,Female,0,No,Yes,9,Yes,No,No,No internet service,No internet service,No internet service,No internet service,No internet service,No internet service,Month-to-month,Yes,Electronic check,26.7,245.35,Yes
CUST-3758,Male,0,Yes,No,19,Yes,No,No,No internet service,No internet service,No internet service,No internet service,No internet service,No internet service,Month-to-month,Yes,Electronic check,29.96,568.09,Yes
CUST-3759,Female,0,No,Yes,0,Yes,Yes,Fiber optic,No,Yes,No,No,Yes,No,Month-to-month,No,Credit card (automatic),110.76, ,Yes
CUST-3760,Female,0,Yes,Yes,5,Yes,No,Fiber optic,Yes,No,No,Yes,No,No,Month-to-month,Yes,Electronic check,93.06,464.75,Yes
CUST-3761,Female,0,Yes,Yes,52,Yes,No,Fiber optic,Yes,No,No,No,No,Yes,One year,No,Mailed check,97.15,5054.65,No
CUST-3762,Male,1,Yes,Yes,45,Yes,No,Fiber optic,No,No,Yes,No,Yes,No,Month-to-month,No,Credit card (automatic),97.96,4409.03,No
CUST-3763,Female,0,Yes,Yes,65,Yes,No,DSL,No,Yes,Yes,No,Yes,Yes,Month-to-month,No,Credit card (automatic),100.87,6554.12,No
CUST-3764,Male,1,Yes,No,37,Yes,Yes,DSL,Yes,Yes,Yes,No,No,Yes,Two year,Yes,Electronic check,109.98,4062.41,Yes
CUST-3765,Female,0,Yes,No,32,No,No phone service,No,No internet service,No internet service,No internet service,No internet service,No internet service,No internet service,One year,Yes,Mailed check,21.75,703.53,No
CUST-3766,Female,0,Yes,Yes,66,Yes,Yes,DSL,Yes,No,No,Yes,No,No,Month-to-month,Yes,Electronic check,91.27,6015.06,Yes
CUST-3767,Male,1,Yes,Yes,34,Yes,Yes,Fiber optic,No,No,Yes,No,No,No,Month-to-month,No,Electronic check,103.42,3518.21,Yes
CUST-3768,Female,0,Yes,Yes,44,Yes,No,Fiber optic,Yes,No,Yes,Yes,No,Yes,Two year,No,Credit card (automatic),118.05,5194.68,No
CUST-3769,Female,0,No,No,21,No,No phone service,DSL,Yes,Yes,No,No,Yes,Yes,One year,Yes,Mailed check,87.67,1828.09,No
CUST-3770,Male,0,Yes,Yes,67,Yes,Yes,No,No internet service,No internet service,No internet service,No internet service,No internet service,No internet service,Two year,Yes,Electronic check,45.36,3040.21,No
CUST-3771,Male,0,No,Yes,16,Yes,Yes,No,No internet service,No internet service,No internet service,No internet service,No internet service,No internet service,Month-to-month,Yes,Bank transfer (automatic),45.14,722.24,Yes
CUST-3772,Male,1,Yes,No,4,Yes,No,DSL,No,No,Yes,Yes,No,Yes,One year,Yes,Electronic check,87.73,351.31,No
CUST-3773,Male,0,No,No,56,No,No phone service,No,No internet service,No internet service,No internet service,No internet service,No internet service,No internet service,Month-to-month,No,Credit card (automatic),22.53,1264.32,No
CUST-3774,Male,0,No,No,39,Yes,No,DSL,Yes,Yes,No,No,No,Yes,One year,Yes,Bank transfer (automatic),88.96,3461.95,No
CUST-3775,Female,0,Yes,No,29,Yes,No,No,No internet service,No internet service,No internet service,No internet service,No internet service,No internet service,Month-to-month,Yes,Mailed check,28.78,838.29,Yes
CUST-3776,Male,0,Yes,No,41,Yes,Yes,Fiber optic,No,Yes,No,No,Yes,No,One year,Yes,Mailed check,113.43,4646.77,No
CUST-3777,Female,0,No,Yes,6,No,No phone service,Fiber optic,Yes,Yes,No,Yes,Yes,No,Two year,Yes,Credit card (automatic),105.72,632.22,No
CUST-3778,Female,0,No,Yes,70,Yes,No,DSL,No,Yes,No,No,Yes,No,Month-to-month,Yes,Credit card (automatic),82.13,5748.78,No
CUST-3779,Female,0,Yes,No,18,Yes,Yes,Fiber optic,Yes,No,No,No,Yes,No,Month-to-month,Yes,Credit card (automatic),116.23,2098.58,Yes
CUST-3780,Male,0,Yes,Yes,40,Yes,No,No,No internet service,No internet service,No internet service,No internet service,No internet service,No internet service,Month-to-month,Yes,Mailed check,30.6,1223.38,Yes
CUST-3781,Male,0,Yes,No,33,Yes,Yes,Fiber optic,Yes,No,Yes,No,Yes,Yes,One year,No,Credit card (automatic),133.55,4402.64,No
CUST-3782,Female,0,No,Yes,21,Yes,Yes,Fiber optic,No,No,Yes,No,No,Yes,One year,Yes,Mailed check,114.17,2403.98,No
CUST-3783,Male,0,Yes,Yes,51,Yes,Yes,No,No internet service,No internet service,No internet service,No internet service,No internet service,No internet service,Month-to-month,No,Bank transfer (automatic),40.49,2059.61,No
CUST-3784,Male,0,Yes,Yes,5,No,No phone service,Fiber optic,Yes,Yes,No,Yes,Yes,No,Two year,Yes,Mailed check,107.63,535.59,Yes
CUST-3785,Male,0,Yes,Yes,24,Yes,Yes,Fiber optic,No,No,No,Yes,No,No,Two year,Yes,Bank transfer (automatic),104.05,2503.84,Yes
CUST-3786,Male,0,Yes,Yes,65,No,No phone service,No,No internet service,No internet service,No internet service,No internet service,No internet service,No internet service,One year,Yes,Mailed check,25.28,1646.09,No
CUST-3787,Female,1,Yes,No,9,Yes,Yes,No,No internet service,No internet service,No internet service,No internet service,No internet service,No internet service,Month-to-month,Yes,Electronic check,45.49,406.05,Yes
CUST-3788,Female,0,No,Yes,25,Yes,Yes,Fiber optic,No,No,Yes,No,No,Yes,Two year,No,Electronic check,117.26,2926.37,No
CUST-3789,Male,1,No,No,4,Yes,Yes,Fiber optic,Yes,Yes,No,No,Yes,Yes,Month-to-month,Yes,Credit card (automatic),135.89,546.64,Yes
CUST-3790,Female,0,Yes,Yes,67,Yes,No,No,No internet service,No internet service,No internet service,No internet service,No internet service,No internet service,Month-to-month,No,Mailed check,30.01,2003.93,Yes
CUST-3791,Male,0,Yes,Yes,70,Yes,No,DSL,No,No,Yes,Yes,Yes,Yes,Month-to-month,No,Credit card (automatic),100.91,7070.37,Yes
CUST-3792,Male,0,No,Yes,49,Yes,No,DSL,No,Yes,Yes,No,No,Yes,Two year,Yes,Bank transfer (automatic),88.97,4360.73,No
CUST-3793,Female,1,Yes,Yes,16,No,No phone service,Fiber optic,Yes,No,No,No,Yes,No,Month-to-month,No,Electronic check,90.02,1436.41,No
CUST-3794,Female,0,No,No,10,Yes,No,DSL,Yes,No,No,No,Yes,No,Month-to-month,Yes,Electronic check,81.12,814.09,Yes
CUST-3795,Female,1,Yes,No,52,Yes,Yes,Fiber optic,No,No,Yes,Yes,No,No,Month-to-month,No,Bank transfer (automatic),113.96,5936.45,Yes
CUST-3796,Male,1,No,No,49,Yes,No,Fiber optic,Yes,No,Yes,No,Yes,No,Month-to-month,No,Electronic check,108.3,5310.04,No
CUST-3797,Female,0,No,No,7,Yes,Yes,DSL,Yes,Yes,No,Yes,Yes,Yes,One year,Yes,Electronic check,125.27,875.67,No
CUST-3798,Male,0,Yes,Yes,61,Yes,No,No,No internet service,No internet service,No internet service,No internet service,No internet service,No internet service,One year,No,Electronic check,32.43,1981.08,No
CUST-3799,Female,0,No,No,28,Yes,No,DSL,No,No,No,No,Yes,No,Two year,Yes,Mailed check,72.78,2047.3,No
CUST-3800,Female,0,Yes,No,43,Yes,No,Fiber optic,No,No,No,No,Yes,Yes,Month-to-month,Yes,Electronic check,105.86,4558.1,Yes
CUST-3801,Male,0,No,No,44,Yes,No,Fiber optic,No,No,No,No,Yes,Yes,Month-to-month,Yes,Electronic check,100.2,4408.46,Yes
CUST-3802,Male,0,Yes,Yes,28,No,No phone service,No,No internet service,No internet service,No internet service,No internet service,No internet service,No internet service,One year,No,Bank transfer (automatic),19.16,536.81,No
CUST-3803,Male,0,Yes,No,58,Yes,No,DSL,No,Yes,Yes,No,No,No,Two year,Yes,Credit card (automatic),75.9,4404.88,No
CUST-3804,Male,0,Yes,Yes,14,No,No phone service,DSL,No,No,No,No,No,Yes,Month-to-month,Yes,Credit card (automatic),62.29,872.0,Yes
CUST-3805,Male,0,No,No,69,Yes,Yes,No,No internet service,No internet service,No internet service,No internet service,No internet service,No internet service,Month-to-month,No,Credit card (automatic),46.59,3211.49,No
CUST-3806,Male,0,Yes,Yes,43,Yes,Yes,No,No internet service,No internet service,No internet service,No internet service,No internet service,No internet service,Month-to-month,No,Electronic check,43.67,1883.25,Yes
CUST-3807,Male,0,Yes,Yes,35,Yes,Yes,DSL,No,No,No,No,No,No,One year,Yes,Electronic check,72.3,2533.0,No
CUST-3808,Male,0,Yes,Yes,56,Yes,Yes,DSL,No,No,Yes,Yes,Yes,Yes,Month-to-month,No,Electronic check,114.98,6444.41,No
CUST-3809,Female,0,No,Yes,63,Yes,Yes,Fiber optic,Yes,No,No,No,No,Yes,One year,Yes,Bank transfer (automatic),112.66,7091.64,Yes
CUST-3810,Male,0,Yes,Yes,37,Yes,Yes,Fiber optic,No,No,Yes,Yes,No,Yes,Month-to-month,No,Credit card (automatic),121.89,4509.26,Yes
CUST-3811,Male,0,No,No,16,Yes,No,No,No internet service,No internet service,No internet service,No internet service,No internet service,No internet service,Two year,Yes,Mailed check,27.42,436.68,Yes
CUST-3812,Female,0,No,Yes,26,Yes,No,DSL,Yes,No,No,Yes,No,Yes,Two year,No,Electronic check,90.91,2361.08,No
CUST-3813,Male,0,No,Yes,16,Yes,No,DSL,No,No,No,No,Yes,Yes,Month-to-month,No,Credit card (automatic),84.35,1348.35,No
CUST-3814,Female,0,Yes,Yes,62,Yes,No,Fiber optic,No,Yes,Yes,No,Yes,Yes,Month-to-month,No,Mailed check,118.99,7372.72,No
CUST-3815,Female,0,Yes,Yes,10,Yes,No,Fiber optic,Yes,No,No,No,No,Yes,One year,Yes,Electronic check,98.33,990.46,No
CUST-3816,Male,1,No,Yes,63,Yes,Yes,Fiber optic,No,No,No,No,No,No,Month-to-month,No,Mailed check,94.0,5919.51,Yes
CUST-3817,Female,0,Yes,Yes,38,Yes,No,No,No internet service,No internet service,No internet service,No internet service,No internet service,No internet service,One year,No,Electronic check,33.03,1253.15,No
CUST-3818,Male,0,Yes,Yes,1,Yes,Yes,Fiber optic,No,No,Yes,Yes,Yes,No,Two year,Yes,Electronic check,120.03,120.33,Yes
CUST-3819,Female,0,No,Yes,65,Yes,No,DSL,No,Yes,Yes,No,Yes,Yes,Month-to-month,No,Bank transfer (automatic),99.44,6469.17,Yes
CUST-3820,Female,0,No,Yes,53,Yes,No,Fiber optic,No,No,Yes,No,No,Yes,Month-to-month,Yes,Bank transfer (automatic),100.39,5311.22,Yes
CUST-3821,Female,0,Yes,Yes,28,Yes,Yes,Fiber optic,Yes,Yes,No,No,Yes,Yes,One year,Yes,Electronic check,132.96,3725.63,No
CUST-3822,Male,0,No,Yes,44,Yes,No,Fiber optic,No,No,Yes,No,No,Yes,Month-to-month,No,Mailed check,98.13,4313.22,Yes
CUST-3823,Male,0,Yes,No,30,Yes,Yes,No,No internet service,No internet service,No internet service,No internet service,No internet service,No internet service,Month-to-month,Yes,Bank transfer (automatic),42.93,1282.2,Yes
CUST-3824,Female,0,No,Yes,48,Yes,No,Fiber optic,Yes,No,Yes,No,No,No,Month-to-month,Yes,Credit card (automatic),96.19,4613.67,Yes
CUST-3825,Female,0,Yes,Yes,8,Yes,Yes,DSL,Yes,No,No,No,No,No,Month-to-month,Yes,Mailed check,84.12,669.09,Yes
CUST-3826,Male,0,Yes,Yes,26,Yes,Yes,Fiber optic,Yes,No,No,No,Yes,Yes,Two year,No,Electronic check,128.94,3354.44,No
CUST-3827,Male,1,No,Yes,55,Yes,Yes,DSL,Yes,No,Yes,No,Yes,Yes,One year,Yes,Electronic check,114.25,6272.06,No
CUST-3828,Female,0,Yes,Yes,44,Yes,Yes,DSL,No,Yes,Yes,No,No,No,Two year,No,Credit card (automatic),91.97,4041.97,No
CUST-3829,Female,0,Yes,Yes,42,No,No phone service,Fiber optic,No,Yes,No,Yes,Yes,Yes,Two year,No,Electronic check,112.07,4712.33,No
CUST-3830,Male,0,No,Yes,21,Yes,No,Fiber optic,Yes,No,No,No,No,Yes,Month-to-month,Yes,Credit card (automatic),100.71,2121.07,Yes
CUST-3831,Male,0,Yes,Yes,32,No,No phone service,Fiber optic,No,Yes,Yes,No,No,No,Month-to-month,Yes,Mailed check,86.14,2753.77,Yes
CUST-3832,Male,0,Yes,Yes,26,Yes,No,Fiber optic,Yes,Yes,No,No,No,No,Month-to-month,Yes,Mailed check,94.74,2457.74,Yes
CUST-3833,Male,0,Yes,Yes,39,Yes,No,Fiber optic,No,Yes,No,No,Yes,Yes,Month-to-month,Yes,Mailed check,110.41,4302.66,No
CUST-3834,Male,0,No,No,25,Yes,No,DSL,No,Yes,No,Yes,Yes,Yes,One year,Yes,Electronic check,102.81,2571.53,Yes
CUST-3835,Female,0,No,Yes,44,Yes,No,DSL,No,No,No,Yes,No,Yes,One year,No,Bank transfer (automatic),79.46,3499.49,No
CUST-3836,Male,0,No,Yes,44,Yes,Yes,No,No internet service,No internet service,No internet service,No internet service,No internet service,No internet service,Two year,No,Electronic check,44.83,1972.78,No
CUST-3837,Female,0,No,No,25,Yes,No,No,No internet service,No internet service,No internet service,No internet service,No internet service,No internet service,Two year,No,Mailed check,35.1,879.53,No
CUST-3838,Male,0,No,No,69,Yes,Yes,No,No internet service,No internet service,No internet service,No internet service,No internet service,No internet service,Month-to-month,No,Electronic check,44.46,3070.05,Yes
CUST-3839,Female,0,Yes,Yes,66,Yes,Yes,Fiber optic,No,Yes,Yes,No,Yes,No,Two year,Yes,Electronic check,122.27,8070.02,No
CUST-3840,Male,0,Yes,No,5,Yes,Yes,Fiber optic,No,No,No,No,No,No,Two year,Yes,Electronic check,95.42,478.72,Yes
CUST-3841,Male,0,Yes,Yes,27,Yes,Yes,DSL,Yes,No,No,Yes,Yes,No,One year,No,Electronic check,99.91,2709.71,No
CUST-3842,Female,0,No,Yes,66,Yes,Yes,DSL,No,No,Yes,No,No,No,Month-to-month,Yes,Electronic check,81.94,5404.99,No
CUST-3843,Female,0,Yes,Yes,12,Yes,No,Fiber optic,No,No,Yes,No,Yes,Yes,Month-to-month,No,Electronic check,110.68,1321.35,Yes
CUST-3844,Male,0,No,Yes,62,No,No phone service,Fiber optic,No,No,Yes,Yes,Yes,No,Month-to-month,Yes,Credit card (automatic),96.48,5991.2,No
CUST-3845,Male,0,Yes,Yes,12,No,No phone service,No,No internet service,No internet service,No internet service,No internet service,No internet service,No internet service,Month-to-month,No,Mailed check,22.68,281.27,No
CUST-3846,Male,0,No,Yes,0,Yes,Yes,Fiber optic,Yes,No,No,Yes,Yes,Yes,Month-to-month,No,Credit card (automatic),133.39, ,No
CUST-3847,Male,0,Yes,Yes,39,Yes,Yes,No,No internet service,No internet service,No internet service,No internet service,No internet service,No internet service,One year,Yes,Credit card (automatic),43.6,1709.86,No
CUST-3848,Male,1,Yes,Yes,36,Yes,No,Fiber optic,Yes,No,No,No,Yes,Yes,Month-to-month,No,Mailed check,111.79,4022.22,Yes
CUST-3849,Female,0,No,Yes,30,Yes,No,Fiber optic,Yes,No,Yes,Yes,Yes,No,Month-to-month,Yes,Mailed check,114.43,3436.67,No
CUST-3850,Female,0,Yes,Yes,16,No,No phone service,No,No internet service,No internet service,No internet service,No internet service,No internet service,No internet service,Month-to-month,Yes,Bank transfer (automatic),19.39,313.0,Yes
CUST-3851,Male,0,Yes,Yes,8,No,No phone service,Fiber optic,No,Yes,No,Yes,No,Yes,Month-to-month,Yes,Bank transfer (automatic),97.21,768.43,Yes
CUST-3852,Female,0,No,Yes,63,Yes,No,No,No internet service,No internet service,No internet service,No internet service,No internet service,No internet service,Two year,No,Mailed check,29.38,1848.61,No
CUST-3853,Female,0,Yes,No,56,Yes,No,DSL,Yes,Yes,No,No,No,Yes,Month-to-month,Yes,Mailed check,85.27,4771.75,Yes
CUST-3854,Female,0,Yes,Yes,12,Yes,Yes,Fiber optic,No,No,Yes,No,Yes,Yes,Month-to-month,Yes,Mailed check,128.37,1538.04,Yes
CUST-3855,Male,1,No,Yes,36,Yes,No,DSL,No,Yes,Yes,No,No,Yes,Month-to-month,Yes,Credit card (automatic),88.69,3197.02,Yes
CUST-3856,Female,1,No,No,13,Yes,No,DSL,No,No,No,Yes,No,No,One year,No,Bank transfer (automatic),67.34,871.49,No
CUST-3857,Male,0,No,Yes,24,No,No phone service,Fiber optic,Yes,No,No,Yes,Yes,Yes,One year,Yes,Electronic check,110.42,2648.79,No
CUST-3858,Female,0,No,No,56,Yes,No,DSL,No,Yes,No,Yes,No,Yes,One year,Yes,Electronic check,87.08,4880.01,No
CUST-3859,Male,1,No,Yes,70,No,No phone service,DSL,No,No,No,No,Yes,Yes,One year,No,Mailed check,73.81,5161.71,No
CUST-3860,Female,0,Yes,Yes,41,Yes,No,No,No internet service,No internet service,No internet service,No internet service,No internet service,No internet service,Month-to-month,No,Electronic check,26.23,1070.25,No
CUST-3861,Male,0,No,Yes,41,Yes,No,No,No internet service,No internet service,No internet service,No internet service,No internet service,No internet service,Month-to-month,Yes,Credit card (automatic),30.96,1266.32,Yes
CUST-3862,Male,0,No,Yes,46,Yes,No,DSL,No,No,No,No,Yes,No,Month-to-month,Yes,Mailed check,69.88,3214.71,No
CUST-3863,Female,0,Yes,Yes,43,Yes,Yes,Fiber optic,No,Yes,No,No,Yes,Yes,One year,Yes,Bank transfer (automatic),126.64,5449.44,No
CUST-3864,Male,0,Yes,No,40,Yes,No,Fiber optic,No,No,No,Yes,No,No,Month-to-month,Yes,Electronic check,88.62,3545.5,Yes
CUST-3865,Male,0,Yes,No,2,Yes,Yes,No,No internet service,No internet service,No internet service,No internet service,No internet service,No internet service,One year,No,Bank transfer (automatic),48.58,84.58,Yes
CUST-3866,Male,0,Yes,Yes,0,No,No phone service,No,No internet service,No internet service,No internet service,No internet service,No internet service,No internet service,Month-to-month,Yes,Mailed check,21.74, ,Yes
CUST-3867,Male,0,Yes,No,10,Yes,No,DSL,No,Yes,No,Yes,Yes,No,One year,Yes,Credit card (automatic),83.84,837.47,No
CUST-3868,Male,0,No,Yes,6,Yes,Yes,Fiber optic,No,No,No,No,Yes,No,Month-to-month,Yes,Credit card (automatic),105.68,634.37,Yes
CUST-3869,Male,0,Yes,Yes,11,Yes,Yes,DSL,Yes,Yes,Yes,No,No,Yes,One year,Yes,Bank transfer (automatic),110.48,1212.51,No
CUST-3870,Male,0,No,Yes,37,Yes,Yes,Fiber optic,Yes,Yes,No,No,No,Yes,Month-to-month,Yes,Electronic check,122.27,4523.4,No
CUST-3871,Male,0,Yes,No,53,Yes,Yes,DSL,Yes,Yes,Yes,No,Yes,No,Month-to-month,Yes,Mailed check,107.57,5695.65,No
CUST-3872,Female,0,No,Yes,66,Yes,Yes,DSL,No,No,No,Yes,No,Yes,Two year,No,Electronic check,96.64,6372.77,No
CUST-3873,Female,1,Yes,Yes,52,Yes,No,Fiber optic,Yes,Yes,No,No,Yes,No,Month-to-month,Yes,Mailed check,108.73,5649.59,Yes
CUST-3874,Male,1,No,No,31,Yes,No,DSL,Yes,Yes,No,No,No,Yes,Two year,No,Mailed check,86.68,2685.3,Yes
CUST-3875,Male,0,No,Yes,44,Yes,No,No,No internet service,No internet service,No internet service,No internet service,No internet service,No internet service,Month-to-month,Yes,Mailed check,28.84,1265.27,No
CUST-3876,Female,0,No,Yes,50,Yes,No,Fiber optic,No,Yes,No,No,No,Yes,One year,Yes,Electronic check,100.07,5007.89,No
CUST-3877,Female,0,No,Yes,36,Yes,No,DSL,No,Yes,No,Yes,Yes,Yes,Month-to-month,Yes,Mailed check,101.7,3663.96,Yes
CUST-3878,Female,0,No,Yes,58,Yes,Yes,No,No internet service,No internet service,No internet service,No internet service,No internet service,No internet service,Two year,No,Electronic check,45.81,2661.66,Yes
CUST-3879,Male,1,No,Yes,53,No,No phone service,No,No internet service,No internet service,No internet service,No internet service,No internet service,No internet service,Two year,No,Electronic check,18.7,991.41,No
CUST-3880,Female,1,No,No,17,Yes,No,Fiber optic,No,No,No,Yes,No,No,Two year,Yes,Bank transfer (automatic),87.49,1484.11,No
CUST-3881,Male,0,No,Yes,0,No,No phone service,Fiber optic,Yes,No,Yes,No,No,Yes,Month-to-month,Yes,Bank transfer (automatic),99.08, ,Yes
CUST-3882,Male,0,No,Yes,20,Yes,No,DSL,Yes,Yes,No,No,No,Yes,Month-to-month,Yes,Mailed check,88.57,1770.35,Yes
CUST-3883,Female,0,No,Yes,27,Yes,Yes,DSL,No,Yes,No,No,Yes,Yes,Month-to-month,Yes,Credit card (automatic),104.71,2826.55,No
CUST-3884,Male,0,Yes,Yes,15,Yes,Yes,Fiber optic,Yes,No,No,Yes,Yes,Yes,Two year,No,Mailed check,133.23,2001.64,No
CUST-3885,Male,0,No,Yes,47,No,No phone service,DSL,No,No,Yes,No,No,Yes,Month-to-month,Yes,Electronic check,71.99,3381.73,Yes
CUST-3886,Male,0,No,No,27,Yes,Yes,Fiber optic,Yes,No,Yes,No,No,No,One year,Yes,Electronic check,112.87,3046.4,No
CUST-3887,Male,0,Yes,Yes,21,Yes,Yes,DSL,Yes,Yes,No,Yes,Yes,No,Month-to-month,No,Mailed check,112.06,2350.93,Yes
CUST-3888,Female,0,No,Yes,0,Yes,No,Fiber optic,No,Yes,Yes,No,Yes,No,Month-to-month,Yes,Credit card (automatic),109.42, ,No
CUST-3889,Female,0,No,Yes,41,Yes,Yes,Fiber optic,Yes,Yes,Yes,Yes,No,Yes,Month-to-month,No,Electronic check,136.13,5584.45,Yes
CUST-3890,Male,0,Yes,Yes,69,Yes,No,Fiber optic,Yes,No,No,No,Yes,Yes,Two year,Yes,Electronic check,108.28,7482.45,No
CUST-3891,Male,0,Yes,No,2,No,No phone service,Fiber optic,Yes,Yes,No,No,No,Yes,Two year,Yes,Mailed check,96.75,197.8,No
CUST-3892,Female,0,No,No,43,No,No phone service,Fiber optic,No,No,No,No,No,Yes,Month-to-month,No,Electronic check,83.64,3595.84,No
CUST-3893,Male,0,Yes,Yes,26,Yes,No,No,No internet service,No internet service,No internet service,No internet service,No internet service,No internet service,Month-to-month,Yes,Mailed check,29.56,771.48,Yes
CUST-3894,Female,0,No,No,50,Yes,No,Fiber optic,Yes,No,No,Yes,Yes,No,Two year,No,Electronic check,107.38,5359.38,No
CUST-3895,Male,1,No,Yes,23,Yes,Yes,Fiber optic,No,No,Yes,No,No,No,Month-to-month,No,Electronic check,108.58,2497.41,Yes
CUST-3896,Male,0,No,Yes,19,Yes,No,No,No internet service,No internet service,No internet service,No internet service,No internet service,No internet service,Month-to-month,No,Credit card (automatic),30.42,576.89,Yes
CUST-3897,Female,0,Yes,Yes,31,Yes,Yes,No,No internet service,No internet service,No internet service,No internet service,No internet service,No internet service,Two year,Yes,Bank transfer (automatic),44.6,1382.53,No
CUST-3898,Female,0,No,Yes,12,Yes,No,DSL,No,No,Yes,Yes,No,Yes,Two year,No,Electronic check,87.13,1049.69,No
CUST-3899,Female,0,No,No,42,Yes,No,DSL,No,No,Yes,No,No,No,Month-to-month,Yes,Mailed check,69.18,2900.78,No
CUST-3900,Female,1,Yes,Yes,19,Yes,No,DSL,No,Yes,Yes,No,Yes,Yes,Month-to-month,No,Electronic check,100.81,1921.85,Yes
CUST-3901,Male,0,No,Yes,1,Yes,No,Fiber optic,No,No,Yes,Yes,No,No,Month-to-month,No,Bank transfer (automatic),96.11,99.74,Yes
CUST-3902,Female,1,No,No,67,Yes,Yes,Fiber optic,No,Yes,Yes,Yes,No,Yes,Month-to-month,Yes,Credit card (automatic),128.81,8634.19,No
CUST-3903,Male,0,No,Yes,59,Yes,Yes,Fiber optic,No,Yes,Yes,Yes,No,Yes,Month-to-month,No,Mailed check,131.93,7783.92,No
CUST-3904,Female,1,No,No,3,Yes,No,No,No internet service,No internet service,No internet service,No internet service,No internet service,No internet service,Month-to-month,No,Mailed check,28.54,84.46,Yes
CUST-3905,Female,0,No,Yes,16,Yes,Yes,DSL,No,No,No,No,No,No,Two year,Yes,Electronic check,73.23,1171.23,No
CUST-3906,Male,1,No,Yes,0,Yes,Yes,Fiber optic,No,No,No,No,No,Yes,One year,Yes,Electronic check,106.74, ,No
CUST-3907,Female,0,Yes,No,32,Yes,No,Fiber optic,No,No,No,Yes,No,Yes,Two year,Yes,Mailed check,100.89,3227.33,No
CUST-3908,Female,0,No,Yes,29,Yes,Yes,No,No internet service,No internet service,No internet service,No internet service,No internet service,No internet service,Month-to-month,No,Mailed check,45.86,1330.06,No
CUST-3909,Female,0,No,No,4,Yes,Yes,DSL,No,Yes,Yes,No,Yes,Yes,Two year,Yes,Electronic check,120.47,483.7,No
CUST-3910,Female,1,Yes,Yes,11,Yes,No,DSL,Yes,No,Yes,Yes,Yes,No,Two year,Yes,Mailed check,96.89,1072.18,No
CUST-3911,Male,0,No,No,31,Yes,No,DSL,No,No,No,Yes,Yes,No,Month-to-month,No,Mailed check,79.19,2451.94,No
CUST-3912,Male,0,No,Yes,37,Yes,No,Fiber optic,No,Yes,Yes,No,No,Yes,Month-to-month,Yes,Electronic check,106.67,3947.59,Yes
CUST-3913,Female,1,Yes,Yes,16,Yes,No,Fiber optic,Yes,No,Yes,Yes,Yes,Yes,Month-to-month,No,Bank transfer (automatic),127.45,2033.01,No
CUST-3914,Female,0,Yes,No,57,Yes,No,No,No internet service,No internet service,No internet service,No internet service,No internet service,No internet service,Month-to-month,No,Electronic check,29.27,1670.05,No
CUST-3915,Female,0,Yes,Yes,39,Yes,Yes,Fiber optic,No,No,No,No,No,Yes,Month-to-month,No,Mailed check,110.22,4290.27,Yes
CUST-3916,Male,0,Yes,No,23,Yes,Yes,DSL,Yes,No,Yes,Yes,Yes,Yes,Month-to-month,Yes,Mailed check,121.13,2781.52,No
CUST-3917,Male,0,Yes,No,11,Yes,No,Fiber optic,No,Yes,No,Yes,No,Yes,Month-to-month,Yes,Credit card (automatic),107.18,1177.32,Yes
CUST-3918,Male,1,Yes,No,18,Yes,No,No,No internet service,No internet service,No internet service,No internet service,No internet service,No internet service,Two year,Yes,Mailed check,33.38,592.9,Yes
CUST-3919,Male,0,Yes,No,28,Yes,Yes,Fiber optic,Yes,No,Yes,Yes,No,Yes,Month-to-month,Yes,Electronic check,132.8,3714.55,Yes
CUST-3920,Female,0,No,Yes,51,Yes,No,No,No internet service,No internet service,No internet service,No internet service,No internet service,No internet service,Month-to-month,Yes,Electronic check,28.79,1472.07,Yes
CUST-3921,Female,1,No,Yes,16,Yes,Yes,Fiber optic,No,Yes,Yes,No,Yes,No,Month-to-month,No,Electronic check,126.68,2015.74,Yes
CUST-3922,Female,0,No,Yes,72,Yes,Yes,DSL,No,No,No,No,No,Yes,One year,Yes,Bank transfer (automatic),83.2,5991.21,No
CUST-3923,Male,0,Yes,Yes,20,Yes,Yes,No,No internet service,No internet service,No internet service,No internet service,No internet service,No internet service,Month-to-month,No,Credit card (automatic),44.56,895.36,No
CUST-3924,Female,0,No,Yes,59,Yes,Yes,DSL,No,Yes,Yes,Yes,Yes,Yes,One year,No,Bank transfer (automatic),122.76,7252.41,No
CUST-3925,Male,0,Yes,Yes,19,Yes,No,DSL,No,No,No,No,Yes,No,Two year,Yes,Credit card (automatic),73.03,1382.78,No
CUST-3926,Male,0,No,Yes,52,Yes,No,DSL,No,No,Yes,No,No,No,Month-to-month,Yes,Mailed check,66.38,3451.84,No
CUST-3927,Female,1,No,Yes,62,Yes,Yes,DSL,No,No,Yes,No,Yes,Yes,Month-to-month,Yes,Mailed check,105.72,6561.22,Yes
CUST-3928,Female,0,No,Yes,56,Yes,Yes,Fiber optic,No,No,Yes,No,Yes,No,Month-to-month,No,Credit card (automatic),114.24,6393.11,No
CUST-3929,Female,0,No,No,28,Yes,No,Fiber optic,No,No,Yes,Yes,Yes,Yes,Two year,No,Electronic check,119.32,3342.53,No
CUST-3930,Male,0,Yes,Yes,0,Yes,No,Fiber optic,Yes,No,Yes,Yes,Yes,No,One year,Yes,Electronic check,120.41, ,No
CUST-3931,Male,0,Yes,Yes,58,Yes,Yes,Fiber optic,Yes,No,No,No,No,Yes,Two year,No,Credit card (automatic),118.09,6854.91,Yes
CUST-3932,Female,1,No,No,63,Yes,No,Fiber optic,No,No,No,No,Yes,Yes,Month-to-month,Yes,Mailed check,101.65,6409.98,Yes
CUST-3933,Female,1,Yes,Yes,71,Yes,No,DSL,No,Yes,Yes,Yes,No,Yes,Two year,No,Bank transfer (automatic),95.76,6798.61,No
CUST-3934,Male,0,Yes,No,70,Yes,Yes,Fiber optic,Yes,No,No,Yes,Yes,No,One year,No,Bank transfer (automatic),119.06,8333.4,No
CUST-3935,Female,0,No,Yes,43,Yes,No,Fiber optic,Yes,Yes,No,No,Yes,Yes,Month-to-month,Yes,Bank transfer (automatic),118.89,5110.26,Yes
CUST-3936,Male,0,Yes,Yes,47,Yes,No,Fiber optic,No,No,No,No,No,Yes,Month-to-month,No,Mailed check,91.5,4300.29,Yes
CUST-3937,Male,0,Yes,Yes,14,Yes,Yes,Fiber optic,Yes,Yes,No,Yes,No,No,One year,Yes,Bank transfer (automatic),117.38,1652.11,Yes
CUST-3938,Female,0,Yes,No,34,Yes,Yes,Fiber optic,No,Yes,No,No,Yes,No,Month-to-month,No,Electronic check,112.72,3834.38,Yes
CUST-3939,Female,0,Yes,Yes,22,Yes,No,Fiber optic,No,Yes,Yes,Yes,No,No,Two year,Yes,Electronic check,103.3,2262.98,No
CUST-3940,Female,0,No,No,52,Yes,No,Fiber optic,Yes,No,No,No,No,No,Two year,Yes,Mailed check,85.62,4450.79,No
CUST-3941,Female,0,No,Yes,44,Yes,Yes,Fiber optic,Yes,Yes,No,Yes,Yes,Yes,Month-to-month,No,Bank transfer (automatic),143.59,6329.03,Yes
CUST-3942,Male,0,Yes,Yes,12,Yes,No,Fiber optic,No,Yes,No,Yes,No,Yes,Two year,No,Electronic check,108.26,1300.74,No
CUST-3943,Male,0,No,Yes,33,Yes,No,Fiber optic,No,No,Yes,No,Yes,Yes,Month-to-month,Yes,Credit card (automatic),108.28,3571.09,Yes
CUST-3944,Male,0,No,Yes,37,Yes,No,Fiber optic,Yes,Yes,Yes,No,Yes,No,Month-to-month,Yes,Electronic check,116.72,4308.36,No
CUST-3945,Female,0,No,Yes,69,Yes,Yes,DSL,No,Yes,Yes,No,Yes,No,Two year,Yes,Bank transfer (automatic),100.83,6963.91,No
CUST-3946,Male,0,Yes,No,67,Yes,Yes,DSL,No,No,No,No,No,No,One year,Yes,Bank transfer (automatic),75.06,5042.07,No
CUST-3947,Female,1,Yes,Yes,4,Yes,Yes,Fiber optic,Yes,No,No,No,Yes,Yes,Month-to-month,Yes,Electronic check,124.66,503.34,Yes
CUST-3948,Female,0,No,Yes,39,Yes,Yes,DSL,Yes,No,No,No,Yes,No,One year,No,Electronic check,97.42,3799.37,No
CUST-3949,Female,0,No,Yes,69,Yes,Yes,DSL,No,No,Yes,Yes,No,No,Month-to-month,Yes,Credit card (automatic),91.32,6297.67,No
CUST-3950,Female,0,Yes,No,20,Yes,No,No,No internet service,No internet service,No internet service,No internet service,No internet service,No internet service,One year,No,Electronic check,30.9,617.72,No
CUST-3951,Female,0,No,No,27,Yes,Yes,DSL,Yes,No,Yes,No,Yes,No,Two year,Yes,Electronic check,99.88,2695.32,No
CUST-3952,Female,1,Yes,No,2,Yes,Yes,Fiber optic,Yes,Yes,No,No,No,No,Month-to-month,Yes,Credit card (automatic),110.72,225.7,Yes
CUST-3953,Male,0,No,No,22,Yes,No,No,No internet service,No internet service,No internet service,No internet service,No internet service,No internet service,Two year,Yes,Electronic check,31.5,696.5,No
CUST-3954,Female,0,Yes,No,71,Yes,No,DSL,Yes,No,Yes,Yes,No,Yes,One year,Yes,Mailed check,101.35,7197.35,No
CUST-3955,Male,1,Yes,No,18,Yes,Yes,No,No internet service,No internet service,No internet service,No internet service,No internet service,No internet service,Month-to-month,Yes,Electronic check,46.85,845.37,Yes
CUST-3956,Male,0,Yes,No,49,Yes,Yes,DSL,No,No,No,Yes,No,Yes,Two year,No,Mailed check,97.68,4782.03,No
CUST-3957,Female,0,Yes,Yes,57,Yes,No,DSL,Yes,No,No,Yes,Yes,No,One year,Yes,Bank transfer (automatic),89.29,5097.89,No
CUST-3958,Female,0,No,Yes,19,Yes,Yes,DSL,No,Yes,No,No,Yes,Yes,One year,Yes,Mailed check,104.74,1985.39,Yes
CUST-3959,Female,0,Yes,Yes,71,No,No phone service,Fiber optic,No,Yes,No,Yes,No,Yes,Month-to-month,No,Credit card (automatic),97.69,6932.97,No
CUST-3960,Male,0,No,Yes,52,Yes,Yes,No,No internet service,No internet service,No internet service,No internet service,No internet service,No internet service,Month-to-month,No,Bank transfer (automatic),48.21,2511.03,Yes
CUST-3961,Female,0,Yes,Yes,8,Yes,Yes,No,No internet service,No internet service,No internet service,No internet service,No internet service,No internet service,Two year,No,Mailed check,44.91,357.56,No
CUST-3962,Male,0,Yes,Yes,3,Yes,No,Fiber optic,No,Yes,Yes,Yes,No,Yes,Month-to-month,No,Bank transfer (automatic),118.26,355.08,Yes
CUST-3963,Female,1,No,No,40,Yes,No,DSL,No,No,No,No,No,Yes,Month-to-month,Yes,Electronic check,70.98,2838.62,No
CUST-3964,Female,0,No,Yes,24,Yes,Yes,No,No internet service,No internet service,No internet service,No internet service,No internet service,No internet service,Month-to-month,Yes,Mailed check,44.2,1063.83,Yes
CUST-3965,Male,0,No,No,33,Yes,Yes,No,No internet service,No internet service,No internet service,No internet service,No internet service,No internet service,Month-to-month,No,Bank transfer (automatic),41.96,1379.45,No
CUST-3966,Male,0,Yes,No,72,Yes,No,DSL,Yes,No,No,No,Yes,No,Month-to-month,No,Bank transfer (automatic),83.4,6008.05,No
CUST-3967,Female,0,Yes,No,8,Yes,Yes,No,No internet service,No internet service,No internet service,No internet service,No internet service,No internet service,One year,No,Electronic check,42.82,336.15,No
CUST-3968,Male,0,No,No,12,Yes,No,No,No internet service,No internet service,No internet service,No internet service,No internet service,No internet service,Month-to-month,No,Credit card (automatic),29.7,367.1,Yes
CUST-3969,Male,1,Yes,No,8,Yes,Yes,Fiber optic,No,No,No,No,No,Yes,Month-to-month,No,Bank transfer (automatic),106.17,845.84,Yes
CUST-3970,Male,0,No,Yes,3,Yes,Yes,DSL,Yes,Yes,No,No,No,No,Month-to-month,Yes,Electronic check,90.49,270.75,Yes
CUST-3971,Male,0,Yes,Yes,33,Yes,Yes,No,No internet service,No internet service,No internet service,No internet service,No internet service,No internet service,Two year,Yes,Electronic check,42.5,1396.43,No
CUST-3972,Male,0,Yes,Yes,6,Yes,Yes,DSL,No,No,Yes,No,No,No,One year,Yes,Bank transfer (automatic),80.84,481.23,Yes
CUST-3973,Female,0,Yes,No,14,Yes,Yes,Fiber optic,No,Yes,No,No,No,No,One year,Yes,Bank transfer (automatic),101.66,1413.63,No
CUST-3974,Female,1,No,No,37,Yes,Yes,DSL,No,No,Yes,Yes,No,Yes,Month-to-month,Yes,Credit card (automatic),104.78,3873.01,No
CUST-3975,Male,0,Yes,No,51,Yes,No,No,No internet service,No internet service,No internet service,No internet service,No internet service,No internet service,Month-to-month,Yes,Electronic check,30.75,1566.05,Yes
CUST-3976,Female,1,No,Yes,6,Yes,No,Fiber optic,No,Yes,Yes,No,Yes,Yes,Month-to-month,Yes,Mailed check,118.08,714.62,Yes
CUST-3977,Female,0,No,Yes,44,Yes,No,Fiber optic,Yes,Yes,No,Yes,Yes,No,Month-to-month,No,Credit card (automatic),120.98,5329.18,Yes
CUST-3978,Male,0,Yes,Yes,58,Yes,No,DSL,Yes,Yes,Yes,No,No,Yes,Month-to-month,Yes,Credit card (automatic),94.77,5499.27,Yes
CUST-3979,Female,0,No,Yes,20,Yes,No,Fiber optic,No,No,No,Yes,No,Yes,Month-to-month,Yes,Mailed check,97.15,1935.04,Yes
CUST-3980,Male,0,No,Yes,27,Yes,Yes,No,No internet service,No internet service,No internet service,No internet service,No internet service,No internet service,One year,Yes,Mailed check,43.08,1163.38,No
CUST-3981,Male,0,Yes,Yes,2,Yes,Yes,No,No internet service,No internet service,No internet service,No internet service,No internet service,No internet service,Month-to-month,Yes,Credit card (automatic),45.69,94.14,No
CUST-3982,Female,0,No,No,13,Yes,Yes,DSL,Yes,No,No,No,No,Yes,One year,Yes,Electronic check,93.31,1207.35,No
CUST-3983,Male,0,No,Yes,1,Yes,No,Fiber optic,No,Yes,Yes,No,Yes,No,One year,No,Credit card (automatic),109.85,109.85,Yes
CUST-3984,Male,0,Yes,Yes,28,Yes,Yes,DSL,Yes,No,No,No,No,Yes,Month-to-month,No,Credit card (automatic),91.12,2551.14,No
CUST-3985,Male,0,Yes,No,17,Yes,No,Fiber optic,No,No,No,No,No,Yes,Month-to-month,Yes,Credit card (automatic),93.34,1593.19,Yes
CUST-3986,Male,0,Yes,Yes,36,No,No phone service,No,No internet service,No internet service,No internet service,No internet service,No internet service,No internet service,Month-to-month,Yes,Credit card (automatic),18.24,660.43,Yes
CUST-3987,Male,1,No,Yes,44,Yes,Yes,Fiber optic,No,No,No,No,No,No,Two year,Yes,Electronic check,97.23,4271.26,No
CUST-3988,Female,0,No,Yes,44,Yes,Yes,Fiber optic,No,Yes,Yes,No,No,No,Two year,Yes,Electronic check,108.76,4787.5,Yes
CUST-3989,Female,0,Yes,Yes,23,Yes,Yes,Fiber optic,No,No,Yes,No,No,Yes,Two year,No,Electronic check,115.66,2663.48,No
CUST-3990,Male,0,No,Yes,45,Yes,No,Fiber optic,Yes,No,No,Yes,Yes,No,Month-to-month,Yes,Electronic check,109.98,4947.86,Yes
CUST-3991,Male,0,Yes,Yes,11,Yes,Yes,DSL,Yes,Yes,Yes,No,No,No,One year,Yes,Mailed check,97.24,1066.39,No
CUST-3992,Female,0,Yes,Yes,52,No,No phone service,DSL,No,Yes,Yes,No,No,No,Month-to-month,No,Bank transfer (automatic),65.0,3378.33,No
CUST-3993,Male,0,Yes,Yes,44,Yes,Yes,DSL,Yes,Yes,No,Yes,Yes,Yes,One year,Yes,Credit card (automatic),121.41,5348.43,No
CUST-3994,Female,0,No,Yes,31,Yes,No,DSL,No,Yes,Yes,No,No,Yes,Month-to-month,Yes,Electronic check,89.31,2768.17,No
CUST-3995,Male,1,No,No,17,Yes,No,Fiber optic,No,No,No,No,No,No,Month-to-month,Yes,Mailed check,81.62,1391.99,Yes
CUST-3996,Male,0,Yes,Yes,12,No,No phone service,No,No internet service,No internet service,No internet service,No internet service,No internet service,No internet service,One year,Yes,Mailed check,18.0,215.38,Yes
CUST-3997,Male,0,Yes,No,3,Yes,No,DSL,Yes,Yes,No,No,Yes,Yes,Two year,No,Bank transfer (automatic),100.25,304.17,No
CUST-3998,Male,0,No,Yes,22,Yes,No,No,No internet service,No internet service,No internet service,No internet service,No internet service,No internet service,Month-to-month,No,Electronic check,29.64,664.0,Yes
CUST-3999,Male,0,Yes,Yes,61,No,No phone service,Fiber optic,Yes,Yes,Yes,No,No,No,Month-to-month,Yes,Electronic check,93.91,5719.29,Yes
CUST-4000,Male,0,No,No,53,No,No phone service,Fiber optic,No,No,Yes,Yes,No,No,Month-to-month,Yes,Electronic check,88.21,4672.91,No
CUST-4001,Male,0,Yes,Yes,54,No,No phone service,DSL,No,Yes,Yes,No,Yes,Yes,Month-to-month,Yes,Mailed check,90.6,4895.75,No
CUST-4002,Female,0,Yes,Yes,68,Yes,Yes,DSL,No,No,No,No,Yes,No,Month-to-month,Yes,Credit card (automatic),84.99,5772.42,No
CUST-4003,Female,0,No,Yes,39,Yes,No,DSL,Yes,No,No,No,Yes,Yes,Month-to-month,No,Mailed check,91.89,3587.37,Yes
CUST-4004,Female,0,No,Yes,13,Yes,Yes,Fiber optic,Yes,No,Yes,No,No,No,Month-to-month,No,Mailed check,114.62,1495.87,Yes
CUST-4005,Male,0,No,No,27,Yes,Yes,Fiber optic,No,No,No,No,Yes,Yes,One year,Yes,Mailed check,119.79,3226.09,No
CUST-4006,Male,0,No,No,71,Yes,Yes,No,No internet service,No internet service,No internet service,No internet service,No internet service,No internet service,Month-to-month,No,Mailed check,42.53,3025.87,No
CUST-4007,Male,0,No,Yes,70,Yes,No,Fiber optic,No,Yes,No,No,Yes,No,One year,Yes,Bank transfer (automatic),98.24,6872.34,No
CUST-4008,Male,1,Yes,Yes,66,Yes,Yes,Fiber optic,No,Yes,No,Yes,No,Yes,Two year,No,Credit card (automatic),123.51,8159.79,No
CUST-4009,Male,1,Yes,Yes,28,Yes,Yes,Fiber optic,No,No,No,No,No,No,Two year,Yes,Credit card (automatic),93.31,2613.2,Yes
CUST-4010,Male,0,No,No,60,Yes,Yes,DSL,No,No,No,Yes,Yes,No,Month-to-month,No,Mailed check,92.84,5573.41,Yes
CUST-4011,Male,0,No,No,67,Yes,Yes,Fiber optic,Yes,No,Yes,No,No,Yes,Month-to-month,No,Credit card (automatic),123.5,8268.56,No
CUST-4012,Female,0,Yes,No,8,Yes,No,No,No internet service,No internet service,No internet service,No internet service,No internet service,No internet service,One year,Yes,Credit card (automatic),32.15,251.86,No
CUST-4013,Male,0,Yes,Yes,16,Yes,Yes,Fiber optic,Yes,Yes,No,No,No,Yes,One year,Yes,Bank transfer (automatic),121.4,1935.62,Yes
CUST-4014,Female,0,No,No,48,Yes,Yes,No,No internet service,No internet service,No internet service,No internet service,No internet service,No internet service,Two year,No,Electronic check,42.85,2055.51,No
CUST-4015,Female,0,No,Yes,62,Yes,No,Fiber optic,No,Yes,Yes,No,Yes,No,One year,No,Bank transfer (automatic),106.98,6631.67,Yes
CUST-4016,Male,0,Yes,Yes,45,Yes,No,Fiber optic,No,Yes,No,No,Yes,Yes,Month-to-month,No,Electronic check,112.02,5047.87,No
CUST-4017,Male,0,No,No,12,No,No phone service,Fiber optic,No,No,No,Yes,Yes,Yes,Month-to-month,Yes,Credit card (automatic),103.44,1238.47,Yes
CUST-4018,Female,0,Yes,Yes,44,Yes,Yes,DSL,No,No,No,No,No,No,Two year,Yes,Electronic check,76.57,3367.16,No
CUST-4019,Female,1,Yes,No,52,Yes,No,No,No internet service,No internet service,No internet service,No internet service,No internet service,No internet service,Month-to-month,Yes,Credit card (automatic),28.8,1499.22,Yes
CUST-4020,Male,0,No,Yes,16,No,No phone service,No,No internet service,No internet service,No internet service,No internet service,No internet service,No internet service,One year,Yes,Bank transfer (automatic),20.39,330.31,No
CUST-4021,Male,0,Yes,No,46,Yes,Yes,Fiber optic,Yes,Yes,No,No,Yes,Yes,Month-to-month,No,Bank transfer (automatic),131.5,6047.45,Yes
CUST-4022,Female,0,Yes,Yes,61,Yes,No,No,No internet service,No internet service,No internet service,No internet service,No internet service,No internet service,One year,Yes,Credit card (automatic),29.3,1793.24,No
CUST-4023,Male,0,Yes,Yes,49,Yes,Yes,DSL,No,Yes,Yes,No,No,Yes,Two year,No,Credit card (automatic),101.15,4953.99,No
CUST-4024,Male,0,No,Yes,42,Yes,Yes,Fiber optic,No,No,No,No,No,Yes,Two year,No,Electronic check,104.11,4368.84,No
CUST-4025,Male,0,Yes,Yes,67,Yes,Yes,No,No internet service,No internet service,No internet service,No internet service,No internet service,No internet service,Two year,Yes,Electronic check,47.29,3171.56,No
CUST-4026,Female,1,No,Yes,71,Yes,Yes,Fiber optic,Yes,No,No,No,No,No,One year,Yes,Bank transfer (automatic),100.47,7122.51,No
CUST-4027,Female,0,Yes,Yes,27,Yes,Yes,DSL,Yes,No,No,No,Yes,No,Month-to-month,Yes,Electronic check,97.04,2622.8,Yes
CUST-4028,Female,0,Yes,Yes,44,No,No phone service,DSL,No,No,Yes,No,Yes,Yes,Month-to-month,Yes,Mailed check,86.09,3790.15,Yes
CUST-4029,Male,0,Yes,Yes,40,Yes,Yes,Fiber optic,No,Yes,Yes,No,Yes,Yes,One year,Yes,Electronic check,132.89,5317.99,Yes
CUST-4030,Male,0,Yes,Yes,35,Yes,Yes,Fiber optic,No,Yes,No,Yes,No,Yes,Two year,No,Mailed check,122.94,4303.46,Yes
CUST-4031,Female,0,Yes,Yes,32,Yes,Yes,DSL,No,Yes,No,No,No,Yes,Month-to-month,No,Electronic check,95.48,3062.22,Yes
CUST-4032,Female,1,No,No,24,Yes,No,Fiber optic,No,Yes,No,No,Yes,Yes,Month-to-month,Yes,Bank transfer (automatic),114.41,2748.92,Yes
CUST-4033,Female,1,No,No,18,Yes,Yes,DSL,Yes,Yes,No,No,No,Yes,Two year,Yes,Mailed check,104.28,1881.09,No
CUST-4034,Male,0,Yes,Yes,46,Yes,No,Fiber optic,No,No,No,Yes,No,No,One year,Yes,Credit card (automatic),88.11,4060.79,Yes
CUST-4035,Female,0,No,Yes,32,Yes,Yes,No,No internet service,No internet service,No internet service,No internet service,No internet service,No internet service,One year,No,Mailed check,44.97,1439.74,No
CUST-4036,Female,0,No,No,66,Yes,No,Fiber optic,No,Yes,No,Yes,Yes,Yes,Month-to-month,Yes,Mailed check,118.3,7814.22,No
CUST-4037,Male,0,Yes,Yes,13,Yes,No,Fiber optic,No,No,Yes,No,Yes,Yes,Two year,No,Electronic check,113.87,1477.48,No
CUST-4038,Male,1,No,Yes,32,Yes,No,DSL,Yes,No,No,No,Yes,Yes,Month-to-month,Yes,Bank transfer (automatic),93.3,2990.5,No
CUST-4039,Male,0,No,Yes,41,Yes,No,DSL,No,No,Yes,No,Yes,Yes,Month-to-month,No,Electronic check,94.0,3855.67,Yes
CUST-4040,Female,0,No,Yes,64,Yes,No,DSL,No,No,No,No,No,Yes,Month-to-month,No,Credit card (automatic),71.57,4579.25,Yes
CUST-4041,Male,0,No,Yes,46,No,No phone service,Fiber optic,No,Yes,No,No,No,Yes,One year,No,Credit card (automatic),90.73,4177.92,Yes
CUST-4042,Male,0,Yes,Yes,34,Yes,No,DSL,Yes,No,Yes,No,Yes,Yes,Month-to-month,Yes,Bank transfer (automatic),101.47,3444.93,No
CUST-4043,Female,1,No,Yes,31,Yes,Yes,Fiber optic,No,No,No,Yes,Yes,Yes,Two year,No,Electronic check,124.57,3856.8,Yes
CUST-4044,Male,0,Yes,Yes,54,Yes,No,Fiber optic,No,Yes,No,No,No,Yes,Two year,Yes,Mailed check,102.59,5538.06,No
CUST-4045,Female,0,Yes,Yes,53,Yes,No,Fiber optic,Yes,No,No,No,Yes,No,Month-to-month,No,Electronic check,101.34,5370.32,Yes
CUST-4046,Female,0,No,Yes,50,Yes,Yes,Fiber optic,No,Yes,No,No,No,No,One year,No,Electronic check,100.35,5017.33,Yes
CUST-4047,Male,0,Yes,Yes,58,Yes,No,Fiber optic,No,No,No,No,No,No,Two year,No,Mailed check,77.48,4499.12,No
CUST-4048,Male,0,No,Yes,71,Yes,Yes,DSL,No,No,No,No,Yes,Yes,One year,No,Mailed check,99.57,7067.71,Yes
CUST-4049,Male,0,Yes,No,13,Yes,No,DSL,No,Yes,No,No,No,Yes,One year,No,Mailed check,84.53,1104.98,No
CUST-4050,Male,0,No,Yes,17,No,No phone service,Fiber optic,No,Yes,Yes,Yes,No,No,Two year,Yes,Credit card (automatic),93.82,1597.19,No
CUST-4051,Male,0,No,Yes,54,Yes,Yes,Fiber optic,No,No,No,Yes,Yes,Yes,Two year,Yes,Mailed check,128.72,6950.46,Yes
CUST-4052,Male,0,Yes,Yes,55,Yes,No,DSL,No,No,No,Yes,No,No,Month-to-month,No,Credit card (automatic),67.52,3708.84,No
CUST-4053,Female,0,No,Yes,48,Yes,No,No,No internet service,No internet service,No internet service,No internet service,No internet service,No internet service,Month-to-month,No,Electronic check,30.15,1438.46,Yes
CUST-4054,Female,0,No,Yes,59,Yes,Yes,Fiber optic,No,Yes,Yes,Yes,Yes,Yes,Two year,No,Electronic check,144.96,8553.25,No
CUST-4055,Male,0,No,Yes,52,Yes,No,Fiber optic,Yes,No,No,No,No,Yes,One year,Yes,Mailed check,102.37,5313.94,No
CUST-4056,Female,0,No,No,70,Yes,Yes,DSL,No,Yes,Yes,No,No,No,One year,No,Credit card (automatic),89.53,6275.09,No
CUST-4057,Male,0,Yes,Yes,5,Yes,No,Fiber optic,No,No,Yes,No,No,No,Two year,Yes,Electronic check,87.65,443.66,No
CUST-4058,Female,0,Yes,No,69,Yes,Yes,Fiber optic,Yes,Yes,Yes,No,No,Yes,Two year,Yes,Mailed check,129.29,8918.81,No
CUST-4059,Female,0,Yes,Yes,7,Yes,Yes,DSL,Yes,No,Yes,Yes,No,No,Two year,Yes,Electronic check,99.7,692.99,No
CUST-4060,Female,1,No,No,14,Yes,No,Fiber optic,Yes,Yes,No,No,Yes,Yes,Month-to-month,No,Bank transfer (automatic),120.38,1679.11,Yes
CUST-4061,Male,0,Yes,No,25,Yes,Yes,Fiber optic,No,Yes,No,No,Yes,Yes,Two year,No,Electronic check,125.08,3124.25,No
CUST-4062,Female,0,No,No,38,Yes,No,DSL,Yes,Yes,Yes,Yes,Yes,No,Month-to-month,Yes,Mailed check,104.01,3951.04,No
CUST-4063,Male,0,No,Yes,2,Yes,Yes,Fiber optic,No,Yes,Yes,No,No,Yes,Month-to-month,Yes,Credit card (automatic),125.08,241.22,No
CUST-4064,Female,0,No,Yes,56,Yes,Yes,No,No internet service,No internet service,No internet service,No internet service,No internet service,No internet service,Month-to-month,No,Electronic check,45.47,2543.56,Yes
CUST-4065,Female,0,Yes,No,9,Yes,No,No,No internet service,No internet service,No internet service,No internet service,No internet service,No internet service,Two year,No,Credit card (automatic),28.09,250.84,No
CUST-4066,Female,0,Yes,No,2,Yes,No,No,No internet service,No internet service,No internet service,No internet service,No internet service,No internet service,Two year,Yes,Mailed check,30.64,66.05,Yes
CUST-4067,Female,0,Yes,No,45,Yes,Yes,Fiber optic,No,No,No,No,Yes,Yes,Two year,Yes,Electronic check,118.0,5311.35,No
CUST-4068,Female,0,Yes,Yes,21,Yes,Yes,No,No internet service,No internet service,No internet service,No internet service,No internet service,No internet service,Month-to-month,No,Electronic check,45.36,949.74,No
CUST-4069,Male,0,No,No,66,Yes,Yes,No,No internet service,No internet service,No internet service,No internet service,No internet service,No internet service,One year,Yes,Mailed check,41.71,2750.09,No
CUST-4070,Male,0,Yes,Yes,64,Yes,Yes,Fiber optic,No,Yes,No,No,Yes,Yes,Month-to-month,Yes,Credit card (automatic),128.31,8206.1,Yes
CUST-4071,Female,0,Yes,Yes,18,No,No phone service,Fiber optic,No,Yes,Yes,No,No,Yes,Two year,No,Mailed check,99.86,1802.69,No
CUST-4072,Female,0,Yes,Yes,61,Yes,No,Fiber optic,Yes,No,No,Yes,No,No,Month-to-month,Yes,Mailed check,93.32,5692.37,No
CUST-4073,Female,0,Yes,Yes,56,Yes,Yes,No,No internet service,No internet service,No internet service,No internet service,No internet service,No internet service,Two year,No,Electronic check,45.57,2551.56,No
CUST-4074,Female,1,No,No,12,Yes,Yes,No,No internet service,No internet service,No internet service,No internet service,No internet service,No internet service,Month-to-month,No,Electronic check,43.34,516.86,No
CUST-4075,Male,0,Yes,Yes,15,Yes,No,DSL,No,No,No,No,No,No,Two year,No,Electronic check,61.57,918.15,No
CUST-4076,Female,0,Yes,Yes,15,Yes,No,No,No internet service,No internet service,No internet service,No internet service,No internet service,No internet service,Month-to-month,Yes,Electronic check,30.87,465.83,No
CUST-4077,Male,1,Yes,Yes,51,Yes,Yes,Fiber optic,No,No,No,Yes,Yes,Yes,Month-to-month,Yes,Mailed check,129.35,6601.89,Yes
CUST-4078,Female,0,No,Yes,40,Yes,Yes,Fiber optic,No,Yes,Yes,Yes,Yes,Yes,Month-to-month,Yes,Electronic check,145.63,5821.9,Yes
CUST-4079,Male,0,Yes,Yes,47,Yes,No,No,No internet service,No internet service,No internet service,No internet service,No internet service,No internet service,One year,No,Mailed check,29.34,1371.03,No
CUST-4080,Female,0,Yes,Yes,38,Yes,Yes,No,No internet service,No internet service,No internet service,No internet service,No internet service,No internet service,Month-to-month,Yes,Mailed check,45.23,1720.1,Yes
CUST-4081,Female,1,Yes,Yes,12,Yes,No,Fiber optic,No,Yes,No,Yes,No,Yes,Month-to-month,Yes,Electronic check,111.6,1331.97,Yes
CUST-4082,Male,1,No,No,3,No,No phone service,No,No internet service,No internet service,No internet service,No internet service,No internet service,No internet service,Month-to-month,No,Bank transfer (automatic),18.0,58.64,Yes
CUST-4083,Female,0,No,No,42,Yes,Yes,Fiber optic,No,No,No,No,Yes,Yes,Month-to-month,Yes,Credit card (automatic),116.51,4888.39,Yes
CUST-4084,Female,0,Yes,Yes,45,Yes,No,Fiber optic,No,No,No,Yes,No,No,One year,Yes,Electronic check,89.97,4053.01,No
CUST-4085,Female,0,Yes,Yes,46,No,No phone service,No,No internet service,No internet service,No internet service,No internet service,No internet service,No internet service,One year,No,Electronic check,18.1,831.42,No
CUST-4086,Male,0,No,Yes,52,Yes,No,No,No internet service,No internet service,No internet service,No internet service,No internet service,No internet service,Two year,Yes,Electronic check,33.25,1734.49,No
CUST-4087,Female,0,No,No,24,Yes,No,Fiber optic,No,No,Yes,Yes,No,No,Month-to-month,No,Bank transfer (automatic),94.28,2256.67,Yes
CUST-4088,Female,0,No,Yes,40,Yes,Yes,Fiber optic,Yes,Yes,No,No,No,Yes,Month-to-month,No,Bank transfer (automatic),124.17,4958.53,Yes
CUST-4089,Male,0,No,Yes,2,Yes,No,Fiber optic,No,Yes,No,No,Yes,Yes,Month-to-month,Yes,Bank transfer (automatic),112.52,225.57,No
CUST-4090,Male,0,No,Yes,12,Yes,Yes,No,No internet service,No internet service,No internet service,No internet service,No internet service,No internet service,Month-to-month,Yes,Mailed check,44.78,543.42,No
CUST-4091,Male,0,Yes,No,17,Yes,No,No,No internet service,No internet service,No internet service,No internet service,No internet service,No internet service,Month-to-month,Yes,Mailed check,30.76,525.39,No
CUST-4092,Female,0,Yes,Yes,36,No,No phone service,No,No internet service,No internet service,No internet service,No internet service,No internet service,No internet service,Month-to-month,Yes,Bank transfer (automatic),20.49,737.04,No
CUST-4093,Female,0,Yes,Yes,42,Yes,Yes,Fiber optic,No,No,Yes,No,Yes,Yes,Two year,Yes,Credit card (automatic),128.12,5382.94,Yes
CUST-4094,Female,1,Yes,No,33,No,No phone service,Fiber optic,No,Yes,Yes,No,No,No,Month-to-month,Yes,Mailed check,89.03,2930.16,Yes
CUST-4095,Male,0,No,Yes,54,Yes,No,No,No internet service,No internet service,No internet service,No internet service,No internet service,No internet service,Month-to-month,Yes,Electronic check,31.41,1698.35,No
CUST-4096,Female,0,No,No,51,No,No phone service,DSL,No,No,No,No,No,Yes,One year,Yes,Mailed check,64.27,3277.87,No
CUST-4097,Female,0,No,Yes,35,Yes,No,Fiber optic,Yes,Yes,No,No,Yes,Yes,Month-to-month,No,Bank transfer (automatic),119.41,4176.73,Yes
CUST-4098,Male,0,No,No,53,Yes,No,Fiber optic,No,Yes,Yes,Yes,No,Yes,One year,Yes,Credit card (automatic),113.13,5988.0,Yes
CUST-4099,Male,1,No,Yes,58,Yes,No,Fiber optic,Yes,No,Yes,No,Yes,Yes,Month-to-month,No,Bank transfer (automatic),118.15,6855.88,No
CUST-4100,Male,0,Yes,No,51,Yes,Yes,Fiber optic,No,No,Yes,No,No,No,Month-to-month,No,Credit card (automatic),106.32,5418.48,No
CUST-4101,Male,0,Yes,Yes,18,Yes,No,No,No internet service,No internet service,No internet service,No internet service,No internet service,No internet service,One year,Yes,Credit card (automatic),33.84,604.42,No
CUST-4102,Male,0,Yes,No,11,Yes,No,Fiber optic,No,No,Yes,Yes,No,No,Two year,No,Mailed check,93.77,1041.43,No
CUST-4103,Female,0,Yes,Yes,10,Yes,No,DSL,Yes,No,No,No,No,No,Two year,Yes,Mailed check,66.45,665.84,No
CUST-4104,Male,0,Yes,Yes,47,Yes,No,No,No internet service,No internet service,No internet service,No internet service,No internet service,No internet service,Month-to-month,Yes,Electronic check,29.38,1376.01,No
CUST-4105,Female,0,No,No,15,Yes,No,Fiber optic,No,Yes,No,No,No,No,Two year,Yes,Bank transfer (automatic),88.0,1324.8,Yes
CUST-4106,Female,0,No,Yes,70,No,No phone service,DSL,Yes,No,Yes,Yes,Yes,No,Two year,Yes,Mailed check,88.61,6202.46,No
CUST-4107,Male,0,No,Yes,46,Yes,No,Fiber optic,No,Yes,Yes,No,Yes,Yes,Month-to-month,No,Electronic check,121.94,5615.05,No
CUST-4108,Male,0,No,Yes,66,Yes,Yes,DSL,Yes,Yes,Yes,No,No,Yes,Month-to-month,No,Bank transfer (automatic),108.7,7166.61,Yes
CUST-4109,Male,1,No,No,30,Yes,No,No,No internet service,No internet service,No internet service,No internet service,No internet service,No internet service,Two year,No,Credit card (automatic),27.62,829.95,Yes
CUST-4110,Female,0,Yes,Yes,7,Yes,Yes,Fiber optic,No,Yes,Yes,Yes,No,No,One year,Yes,Electronic check,116.19,810.66,No
CUST-4111,Male,1,Yes,No,60,Yes,No,Fiber optic,No,Yes,Yes,No,No,Yes,Month-to-month,No,Electronic check,106.3,6377.3,Yes
CUST-4112,Male,0,Yes,Yes,43,Yes,No,Fiber optic,No,Yes,Yes,No,Yes,Yes,Month-to-month,Yes,Bank transfer (automatic),117.28,5050.75,Yes
CUST-4113,Male,0,No,Yes,49,Yes,Yes,Fiber optic,No,No,Yes,Yes,No,Yes,Month-to-month,Yes,Electronic check,124.56,6105.83,No
CUST-4114,Male,0,No,Yes,34,Yes,Yes,DSL,No,Yes,Yes,No,No,Yes,Two year,No,Credit card (automatic),100.42,3404.44,No
CUST-4115,Male,0,No,Yes,60,Yes,No,No,No internet service,No internet service,No internet service,No internet service,No internet service,No internet service,Month-to-month,Yes,Bank transfer (automatic),30.5,1832.47,No
CUST-4116,Female,0,No,Yes,54,Yes,No,Fiber optic,No,Yes,No,No,No,No,One year,No,Electronic check,85.31,4599.56,Yes
CUST-4117,Female,0,Yes,Yes,65,Yes,No,DSL,Yes,No,No,Yes,No,Yes,Two year,Yes,Bank transfer (automatic),93.88,6099.12,No
CUST-4118,Female,0,No,Yes,13,Yes,Yes,Fiber optic,No,No,Yes,No,Yes,Yes,Month-to-month,Yes,Mailed check,127.98,1661.07,No
CUST-4119,Male,0,Yes,No,3,Yes,Yes,Fiber optic,Yes,No,No,No,Yes,Yes,Month-to-month,Yes,Mailed check,128.79,387.53,Yes
CUST-4120,Male,0,No,Yes,16,Yes,Yes,DSL,No,No,Yes,No,No,Yes,Two year,No,Electronic check,94.31,1509.24,No
CUST-4121,Male,0,Yes,Yes,68,Yes,No,DSL,No,No,No,No,No,Yes,Month-to-month,No,Electronic check,73.44,4991.42,No
CUST-4122,Female,0,No,Yes,23,Yes,Yes,No,No internet service,No internet service,No internet service,No internet service,No internet service,No internet service,Two year,Yes,Mailed check,44.22,1016.0,No
CUST-4123,Male,0,No,Yes,48,No,No phone service,Fiber optic,No,Yes,No,No,Yes,Yes,Month-to-month,Yes,Electronic check,105.46,5070.37,Yes
CUST-4124,Male,0,Yes,Yes,54,Yes,Yes,DSL,No,No,No,Yes,Yes,Yes,Two year,No,Bank transfer (automatic),104.87,5662.92,Yes
CUST-4125,Male,0,Yes,Yes,70,Yes,Yes,No,No internet service,No internet service,No internet service,No internet service,No internet service,No internet service,Month-to-month,Yes,Bank transfer (automatic),44.95,3137.41,Yes
CUST-4126,Female,0,No,No,22,Yes,No,No,No internet service,No internet service,No internet service,No internet service,No internet service,No internet service,Month-to-month,Yes,Bank transfer (automatic),29.54,643.55,No
CUST-4127,Male,0,Yes,Yes,11,No,No phone service,Fiber optic,Yes,Yes,No,No,No,No,Two year,Yes,Bank transfer (automatic),83.34,911.71,No
CUST-4128,Female,0,No,Yes,10,Yes,Yes,DSL,No,No,Yes,No,Yes,Yes,Two year,Yes,Electronic check,108.97,1100.36,No
CUST-4129,Male,0,No,Yes,28,Yes,Yes,Fiber optic,Yes,No,No,No,Yes,No,Month-to-month,No,Bank transfer (automatic),113.12,3162.42,Yes
CUST-4130,Female,0,Yes,Yes,61,Yes,Yes,DSL,No,Yes,No,No,Yes,Yes,Two year,No,Electronic check,103.74,6323.5,No
CUST-4131,Female,0,No,Yes,52,Yes,No,Fiber optic,No,No,Yes,No,No,Yes,Month-to-month,No,Electronic check,101.35,5271.13,Yes
CUST-4132,Female,0,No,Yes,47,Yes,Yes,Fiber optic,Yes,Yes,No,No,No,No,Month-to-month,Yes,Electronic check,107.98,5082.55,No
CUST-4133,Male,0,Yes,Yes,65,Yes,Yes,Fiber optic,No,No,No,No,No,Yes,Two year,Yes,Credit card (automatic),108.27,7035.84,No
CUST-4134,Male,0,No,Yes,47,Yes,No,Fiber optic,Yes,No,Yes,No,Yes,No,Month-to-month,No,Credit card (automatic),110.1,5171.29,Yes
CUST-4135,Female,0,No,No,58,Yes,No,Fiber optic,No,Yes,Yes,Yes,No,No,One year,No,Mailed check,101.82,5912.37,No
CUST-4136,Female,0,No,Yes,70,No,No phone service,No,No internet service,No internet service,No internet service,No internet service,No internet service,No internet service,One year,No,Mailed check,21.43,1500.42,No
CUST-4137,Male,1,No,Yes,56,No,No phone service,Fiber optic,No,Yes,No,No,Yes,Yes,Month-to-month,Yes,Credit card (automatic),99.87,5593.8,Yes
CUST-4138,Male,0,Yes,Yes,2,Yes,No,Fiber optic,No,No,Yes,No,No,Yes,Two year,No,Bank transfer (automatic),99.22,202.78,Yes
CUST-4139,Female,0,Yes,Yes,31,No,No phone service,No,No internet service,No internet service,No internet service,No internet service,No internet service,No internet service,Month-to-month,Yes,Bank transfer (automatic),19.97,619.68,No
CUST-4140,Male,0,Yes,Yes,7,Yes,No,DSL,No,No,Yes,Yes,Yes,No,One year,Yes,Mailed check,85.5,602.11,No
CUST-4141,Male,0,No,Yes,29,Yes,Yes,DSL,No,No,No,No,Yes,No,Month-to-month,Yes,Electronic check,84.59,2450.85,Yes
CUST-4142,Male,0,Yes,No,14,No,No phone service,No,No internet service,No internet service,No internet service,No internet service,No internet service,No internet service,Two year,Yes,Electronic check,22.32,309.39,No
CUST-4143,Male,0,Yes,Yes,54,Yes,No,Fiber optic,No,Yes,Yes,No,Yes,Yes,Month-to-month,Yes,Electronic check,115.71,6249.94,Yes
CUST-4144,Female,1,Yes,Yes,37,Yes,Yes,Fiber optic,Yes,Yes,Yes,No,No,Yes,Month-to-month,Yes,Credit card (automatic),130.3,4825.85,Yes
CUST-4145,Male,0,No,Yes,14,Yes,No,No,No internet service,No internet service,No internet service,No internet service,No internet service,No internet service,Month-to-month,Yes,Credit card (automatic),30.5,425.58,No
CUST-4146,Male,0,Yes,Yes,29,Yes,No,Fiber optic,Yes,No,No,No,Yes,No,Month-to-month,No,Electronic check,101.01,2926.3,No
CUST-4147,Female,1,Yes,Yes,45,Yes,Yes,No,No internet service,No internet service,No internet service,No internet service,No internet service,No internet service,Month-to-month,Yes,Electronic check,47.82,2160.45,No
CUST-4148,Female,1,No,Yes,63,Yes,Yes,No,No internet service,No internet service,No internet service,No internet service,No internet service,No internet service,Month-to-month,Yes,Electronic check,46.53,2934.49,No
CUST-4149,Male,0,No,Yes,25,Yes,No,DSL,No,Yes,No,No,No,No,One year,Yes,Credit card (automatic),68.54,1714.3,No
CUST-4150,Male,1,No,Yes,66,No,No phone service,Fiber optic,No,No,No,No,Yes,Yes,Month-to-month,Yes,Electronic check,93.71,6177.9,Yes
CUST-4151,Male,0,No,Yes,35,Yes,Yes,No,No internet service,No internet service,No internet service,No internet service,No internet service,No internet service,One year,No,Credit card (automatic),44.24,1550.9,No
CUST-4152,Male,1,No,No,30,No,No phone service,Fiber optic,No,No,Yes,No,Yes,No,Month-to-month,Yes,Credit card (automatic),89.37,2675.1,Yes
CUST-4153,Female,0,No,Yes,39,Yes,No,Fiber optic,No,No,No,No,No,Yes,Month-to-month,Yes,Credit card (automatic),91.51,3573.24,Yes
CUST-4154,Female,0,Yes,Yes,72,Yes,No,Fiber optic,Yes,Yes,Yes,No,Yes,Yes,One year,Yes,Mailed check,128.83,9283.41,No
CUST-4155,Female,0,Yes,No,45,Yes,Yes,DSL,No,No,No,No,No,No,Two year,Yes,Credit card (automatic),74.07,3339.45,No
CUST-4156,Male,0,No,No,41,Yes,No,DSL,Yes,No,Yes,No,Yes,No,Two year,No,Bank transfer (automatic),89.61,3680.66,No
CUST-4157,Male,0,No,No,17,Yes,Yes,Fiber optic,No,No,No,No,Yes,No,Two year,No,Credit card (automatic),107.43,1822.49,Yes
CUST-4158,Male,0,Yes,Yes,35,Yes,Yes,Fiber optic,No,No,No,Yes,Yes,Yes,Month-to-month,Yes,Bank transfer (automatic),124.84,4373.96,Yes
CUST-4159,Male,0,No,No,49,Yes,No,Fiber optic,Yes,No,No,Yes,Yes,Yes,Month-to-month,Yes,Mailed check,120.04,5880.08,No
CUST-4160,Female,0,No,Yes,60,Yes,Yes,No,No internet service,No internet service,No internet service,No internet service,No internet service,No internet service,Two year,Yes,Credit card (automatic),44.9,2699.65,Yes
CUST-4161,Female,0,Yes,Yes,39,No,No phone service,DSL,No,No,No,Yes,Yes,Yes,Month-to-month,No,Credit card (automatic),81.42,3176.62,Yes
CUST-4162,Male,0,No,Yes,2,Yes,No,Fiber optic,No,No,No,No,No,No,Month-to-month,No,Bank transfer (automatic),80.78,160.34,Yes
CUST-4163,Female,0,No,No,6,Yes,Yes,Fiber optic,No,Yes,Yes,Yes,No,No,One year,Yes,Mailed check,115.75,693.02,Yes
CUST-4164,Male,0,Yes,Yes,30,Yes,No,No,No internet service,No internet service,No internet service,No internet service,No internet service,No internet service,Two year,No,Electronic check,29.25,879.81,Yes
CUST-4165,Male,1,Yes,Yes,64,Yes,Yes,Fiber optic,No,No,Yes,Yes,Yes,No,Month-to-month,Yes,Credit card (automatic),122.74,7852.64,Yes
CUST-4166,Female,0,Yes,Yes,63,Yes,Yes,No,No internet service,No internet service,No internet service,No internet service,No internet service,No internet service,Two year,Yes,Mailed check,43.99,2763.44,No
CUST-4167,Male,0,Yes,Yes,2,Yes,No,Fiber optic,No,No,Yes,Yes,Yes,Yes,One year,No,Mailed check,120.52,246.48,No
CUST-4168,Male,0,Yes,No,34,Yes,Yes,Fiber optic,No,Yes,No,No,Yes,No,One year,No,Electronic check,114.22,3881.81,No
CUST-4169,Female,0,No,Yes,14,Yes,Yes,DSL,Yes,Yes,No,No,Yes,No,One year,Yes,Mailed check,102.25,1438.74,No
CUST-4170,Male,0,No,Yes,20,Yes,Yes,DSL,No,Yes,No,No,Yes,Yes,Month-to-month,Yes,Credit card (automatic),106.82,2141.55,Yes
CUST-4171,Male,0,No,No,61,Yes,Yes,DSL,No,Yes,Yes,No,No,No,Month-to-month,No,Electronic check,89.23,5444.71,Yes
CUST-4172,Female,0,No,Yes,27,Yes,No,DSL,Yes,No,Yes,Yes,No,Yes,One year,Yes,Credit card (automatic),93.57,2534.07,No
CUST-4173,Male,0,No,Yes,3,Yes,No,Fiber optic,No,Yes,No,No,Yes,Yes,Month-to-month,Yes,Mailed check,115.84,345.24,Yes
CUST-4174,Female,0,Yes,No,12,Yes,No,Fiber optic,Yes,No,No,No,No,Yes,One year,Yes,Credit card (automatic),99.01,1192.44,No
CUST-4175,Male,0,No,No,50,Yes,No,DSL,Yes,Yes,No,No,No,No,Two year,Yes,Bank transfer (automatic),75.72,3786.7,No
CUST-4176,Female,1,No,No,47,Yes,No,DSL,Yes,No,No,No,Yes,Yes,Month-to-month,Yes,Mailed check,94.31,4423.38,No
CUST-4177,Female,0,No,Yes,38,Yes,No,Fiber optic,Yes,No,No,No,No,No,Month-to-month,Yes,Credit card (automatic),88.61,3365.15,Yes
CUST-4178,Female,0,No,Yes,66,Yes,No,DSL,No,No,No,No,No,Yes,Two year,Yes,Mailed check,70.54,4651.56,No
CUST-4179,Male,0,No,Yes,57,Yes,Yes,DSL,No,Yes,No,No,Yes,No,One year,Yes,Bank transfer (automatic),91.33,5202.76,Yes
CUST-4180,Female,0,Yes,Yes,1,No,No phone service,No,No internet service,No internet service,No internet service,No internet service,No internet service,No internet service,One year,No,Mailed check,18.0,18.0,Yes
CUST-4181,Female,0,No,Yes,24,Yes,No,DSL,Yes,No,No,No,No,Yes,Month-to-month,Yes,Electronic check,78.02,1862.72,Yes
CUST-4182,Female,0,No,Yes,10,Yes,No,Fiber optic,No,No,No,Yes,No,No,Month-to-month,Yes,Credit card (automatic),87.03,872.34,Yes
CUST-4183,Female,1,No,No,0,Yes,No,DSL,No,No,No,Yes,Yes,Yes,Month-to-month,Yes,Electronic check,93.16, ,Yes
CUST-4184,Female,0,No,Yes,47,Yes,Yes,No,No internet service,No internet service,No internet service,No internet service,No internet service,No internet service,One year,Yes,Credit card (automatic),43.17,2025.83,No
CUST-4185,Male,0,No,Yes,47,Yes,Yes,Fiber optic,No,No,No,No,Yes,No,Month-to-month,Yes,Credit card (automatic),105.13,4940.45,No
CUST-4186,Male,0,No,Yes,9,Yes,No,DSL,No,Yes,No,No,No,No,One year,No,Electronic check,70.2,635.09,No
CUST-4187,Male,0,Yes,Yes,29,Yes,Yes,Fiber optic,No,No,No,No,No,Yes,Two year,Yes,Electronic check,110.52,3204.39,Yes
CUST-4188,Male,0,No,No,34,Yes,Yes,DSL,No,No,No,No,No,No,Month-to-month,Yes,Bank transfer (automatic),75.94,2585.71,No
CUST-4189,Male,0,Yes,Yes,18,Yes,Yes,Fiber optic,Yes,No,Yes,Yes,Yes,No,Two year,Yes,Electronic check,130.68,2354.66,No
CUST-4190,Male,0,Yes,Yes,52,Yes,Yes,Fiber optic,Yes,No,Yes,Yes,Yes,Yes,Month-to-month,Yes,Mailed check,142.65,7415.92,No
CUST-4191,Male,0,No,Yes,33,No,No phone service,DSL,No,Yes,No,No,Yes,No,Month-to-month,No,Mailed check,68.03,2246.31,No
CUST-4192,Female,0,No,Yes,31,Yes,No,Fiber optic,Yes,No,Yes,No,Yes,Yes,Two year,Yes,Electronic check,121.95,3784.27,No
CUST-4193,Male,0,No,Yes,5,Yes,No,Fiber optic,Yes,No,Yes,Yes,No,No,Two year,No,Bank transfer (automatic),104.1,519.39,No
CUST-4194,Female,0,Yes,No,12,Yes,No,No,No internet service,No internet service,No internet service,No internet service,No internet service,No internet service,Month-to-month,No,Mailed check,28.04,339.57,No
CUST-4195,Female,0,No,Yes,63,Yes,Yes,No,No internet service,No internet service,No internet service,No internet service,No internet service,No internet service,One year,No,Mailed check,43.79,2763.01,No
CUST-4196,Male,0,No,Yes,6,Yes,No,Fiber optic,Yes,No,No,No,No,Yes,Month-to-month,No,Electronic check,101.92,609.35,Yes
CUST-4197,Female,0,No,Yes,44,No,No phone service,No,No internet service,No internet service,No internet service,No internet service,No internet service,No internet service,Month-to-month,No,Credit card (automatic),18.36,811.25,No
CUST-4198,Female,0,Yes,No,44,Yes,Yes,Fiber optic,Yes,Yes,No,No,Yes,Yes,Two year,Yes,Electronic check,133.66,5879.0,Yes
CUST-4199,Female,0,Yes,No,64,Yes,No,No,No internet service,No internet service,No internet service,No internet service,No internet service,No internet service,Month-to-month,Yes,Electronic check,35.22,2257.98,No
CUST-4200,Female,0,No,Yes,18,Yes,No,Fiber optic,Yes,Yes,No,Yes,No,Yes,Two year,Yes,Credit card (automatic),114.33,2052.7,No
CUST-4201,Male,0,Yes,Yes,46,Yes,Yes,Fiber optic,No,Yes,No,No,No,Yes,One year,No,Electronic check,115.59,5318.38,No
CUST-4202,Male,0,No,No,45,Yes,Yes,No,No internet service,No internet service,No internet service,No internet service,No internet service,No internet service,Two year,Yes,Electronic check,44.28,1993.67,No
CUST-4203,Male,0,Yes,No,28,Yes,Yes,No,No internet service,No internet service,No internet service,No internet service,No internet service,No internet service,Month-to-month,No,Credit card (automatic),50.07,1404.89,No
CUST-4204,Male,0,No,No,60,Yes,No,DSL,No,No,No,No,Yes,No,Month-to-month,Yes,Bank transfer (automatic),74.43,4466.08,No
CUST-4205,Male,0,Yes,No,64,Yes,Yes,DSL,No,No,No,Yes,Yes,Yes,Month-to-month,Yes,Bank transfer (automatic),107.57,6883.5,No
CUST-4206,Male,0,No,Yes,22,Yes,No,No,No internet service,No internet service,No internet service,No internet service,No internet service,No internet service,Two year,Yes,Mailed check,28.22,615.08,No
CUST-4207,Male,1,No,Yes,50,Yes,Yes,Fiber optic,No,No,No,No,Yes,Yes,Month-to-month,No,Electronic check,117.2,5858.77,Yes
CUST-4208,Male,0,Yes,No,62,Yes,No,No,No internet service,No internet service,No internet service,No internet service,No internet service,No internet service,One year,No,Mailed check,33.35,2064.58,No
CUST-4209,Male,0,Yes,No,21,Yes,Yes,No,No internet service,No internet service,No internet service,No internet service,No internet service,No internet service,Two year,No,Bank transfer (automatic),42.18,890.54,No
CUST-4210,Male,1,Yes,Yes,70,Yes,Yes,No,No internet service,No internet service,No internet service,No internet service,No internet service,No internet service,Month-to-month,Yes,Mailed check,46.05,3226.43,No
CUST-4211,Female,0,Yes,Yes,32,No,No phone service,Fiber optic,No,No,Yes,No,Yes,Yes,Month-to-month,Yes,Bank transfer (automatic),103.03,3287.47,Yes
CUST-4212,Male,0,Yes,No,43,Yes,Yes,DSL,No,No,No,No,Yes,No,Month-to-month,Yes,Electronic check,91.35,3937.17,Yes
CUST-4213,Female,0,No,Yes,6,Yes,Yes,Fiber optic,Yes,Yes,No,Yes,No,No,One year,Yes,Bank transfer (automatic),115.95,699.14,No
CUST-4214,Female,0,No,No,1,Yes,Yes,No,No internet service,No internet service,No internet service,No internet service,No internet service,No internet service,One year,Yes,Mailed check,46.02,46.02,Yes
CUST-4215,Female,1,Yes,Yes,16,Yes,No,Fiber optic,Yes,Yes,No,No,Yes,Yes,Month-to-month,Yes,Credit card (automatic),121.11,1940.81,Yes
CUST-4216,Female,0,No,Yes,64,Yes,Yes,Fiber optic,Yes,Yes,Yes,Yes,Yes,Yes,Month-to-month,Yes,Credit card (automatic),151.98,9721.7,No
CUST-4217,Male,0,No,Yes,57,Yes,No,No,No internet service,No internet service,No internet service,No internet service,No internet service,No internet service,Month-to-month,Yes,Bank transfer (automatic),30.58,1738.78,Yes
CUST-4218,Female,0,Yes,Yes,29,Yes,No,Fiber optic,No,No,No,No,No,Yes,Month-to-month,Yes,Mailed check,94.98,2747.28,Yes
CUST-4219,Male,0,No,Yes,25,Yes,Yes,No,No internet service,No internet service,No internet service,No internet service,No internet service,No internet service,Month-to-month,No,Electronic check,45.07,1126.4,Yes
CUST-4220,Male,0,No,Yes,34,Yes,Yes,DSL,No,No,Yes,No,Yes,No,Month-to-month,Yes,Credit card (automatic),93.64,3188.77,Yes
CUST-4221,Female,0,Yes,No,62,Yes,No,DSL,Yes,No,Yes,No,No,Yes,Two year,No,Bank transfer (automatic),84.96,5270.0,No
CUST-4222,Male,0,Yes,No,70,Yes,No,Fiber optic,Yes,No,No,Yes,Yes,Yes,Two year,No,Mailed check,119.65,8376.09,No
CUST-4223,Female,0,No,Yes,27,Yes,No,Fiber optic,No,No,No,No,No,No,One year,No,Credit card (automatic),79.0,2133.79,No
CUST-4224,Female,0,Yes,Yes,24,Yes,Yes,No,No internet service,No internet service,No internet service,No internet service,No internet service,No internet service,Two year,No,Bank transfer (automatic),46.86,1134.25,No
CUST-4225,Male,0,No,Yes,60,Yes,No,DSL,No,No,No,No,No,No,Month-to-month,No,Mailed check,57.29,3443.62,No
CUST-4226,Male,0,Yes,Yes,30,Yes,No,No,No internet service,No internet service,No internet service,No internet service,No internet service,No internet service,Month-to-month,Yes,Mailed check,34.4,1027.91,No
CUST-4227,Female,0,Yes,Yes,53,Yes,No,No,No internet service,No internet service,No internet service,No internet service,No internet service,No internet service,One year,Yes,Credit card (automatic),30.01,1584.14,No
CUST-4228,Male,0,Yes,Yes,66,Yes,No,DSL,No,Yes,No,Yes,No,No,Two year,No,Bank transfer (automatic),78.11,5155.35,No
CUST-4229,Male,1,Yes,Yes,50,Yes,Yes,No,No internet service,No internet service,No internet service,No internet service,No internet service,No internet service,Month-to-month,Yes,Mailed check,46.93,2344.89,Yes
CUST-4230,Male,0,No,Yes,57,Yes,Yes,Fiber optic,Yes,Yes,No,No,No,No,Two year,Yes,Bank transfer (automatic),109.07,6221.99,No
CUST-4231,Female,0,Yes,Yes,33,Yes,No,No,No internet service,No internet service,No internet service,No internet service,No internet service,No internet service,One year,No,Electronic check,29.86,981.97,No
CUST-4232,Female,0,Yes,No,58,No,No phone service,DSL,No,Yes,Yes,Yes,Yes,No,One year,Yes,Credit card (automatic),88.58,5143.67,No
CUST-4233,Male,1,No,Yes,20,Yes,No,No,No internet service,No internet service,No internet service,No internet service,No internet service,No internet service,One year,Yes,Bank transfer (automatic),31.56,632.95,Yes
CUST-4234,Male,0,No,No,55,Yes,Yes,Fiber optic,No,Yes,No,No,No,Yes,Month-to-month,No,Credit card (automatic),115.6,6354.06,Yes
CUST-4235,Male,0,No,No,36,Yes,Yes,No,No internet service,No internet service,No internet service,No internet service,No internet service,No internet service,Two year,Yes,Electronic check,46.05,1651.93,No
CUST-4236,Male,0,No,No,63,Yes,No,Fiber optic,Yes,Yes,Yes,Yes,No,Yes,Two year,Yes,Electronic check,122.77,7735.28,Yes
CUST-4237,Male,1,Yes,No,18,Yes,No,Fiber optic,No,No,Yes,No,No,Yes,Two year,Yes,Credit card (automatic),96.65,1737.06,No
CUST-4238,Female,0,No,Yes,52,Yes,Yes,DSL,No,No,Yes,No,No,No,Month-to-month,Yes,Electronic check,85.85,4468.6,No
CUST-4239,Male,0,Yes,Yes,70,Yes,Yes,DSL,No,No,Yes,No,Yes,No,One year,No,Mailed check,93.74,6560.96,No
CUST-4240,Female,1,No,Yes,62,Yes,Yes,Fiber optic,No,Yes,No,Yes,Yes,No,One year,Yes,Credit card (automatic),120.73,7470.56,No
CUST-4241,Male,0,Yes,No,61,No,No phone service,No,No internet service,No internet service,No internet service,No internet service,No internet service,No internet service,Two year,No,Mailed check,23.43,1429.3,No
CUST-4242,Female,0,No,No,71,No,No phone service,DSL,Yes,No,No,Yes,No,No,Month-to-month,No,Electronic check,66.5,4713.26,Yes
CUST-4243,Male,0,Yes,No,18,Yes,No,No,No internet service,No internet service,No internet service,No internet service,No internet service,No internet service,Two year,Yes,Mailed check,25.96,463.04,No
CUST-4244,Female,1,Yes,Yes,1,Yes,Yes,No,No internet service,No internet service,No internet service,No internet service,No internet service,No internet service,Month-to-month,No,Bank transfer (automatic),42.59,42.59,Yes
CUST-4245,Male,0,No,No,5,Yes,Yes,Fiber optic,No,No,Yes,No,No,Yes,One year,No,Electronic check,115.3,575.54,No
CUST-4246,Female,1,Yes,Yes,28,Yes,Yes,DSL,No,No,No,No,No,Yes,Month-to-month,Yes,Credit card (automatic),85.84,2395.32,Yes
CUST-4247,Female,0,Yes,Yes,40,Yes,Yes,No,No internet service,No internet service,No internet service,No internet service,No internet service,No internet service,One year,Yes,Mailed check,45.81,1826.12,No
CUST-4248,Female,0,Yes,No,50,No,No phone service,DSL,No,Yes,Yes,No,Yes,Yes,Month-to-month,Yes,Bank transfer (automatic),89.42,4477.46,Yes
CUST-4249,Female,1,Yes,Yes,4,Yes,No,Fiber optic,No,Yes,No,Yes,No,Yes,One year,Yes,Bank transfer (automatic),107.16,429.18,Yes
CUST-4250,Female,0,No,No,40,Yes,Yes,DSL,Yes,No,No,No,Yes,No,One year,Yes,Bank transfer (automatic),95.81,3830.54,Yes
CUST-4251,Female,0,Yes,Yes,61,Yes,No,No,No internet service,No internet service,No internet service,No internet service,No internet service,No internet service,One year,Yes,Mailed check,27.34,1664.2,No
CUST-4252,Male,0,Yes,No,29,Yes,Yes,Fiber optic,Yes,No,No,No,Yes,No,Month-to-month,No,Electronic check,112.19,3248.63,Yes
CUST-4253,Female,0,No,Yes,61,Yes,Yes,Fiber optic,No,No,Yes,No,No,Yes,Two year,Yes,Bank transfer (automatic),116.5,7115.74,No
CUST-4254,Male,0,No,No,26,Yes,Yes,DSL,No,Yes,No,No,No,Yes,Two year,Yes,Credit card (automatic),95.24,2474.2,Yes
CUST-4255,Male,0,No,No,49,Yes,No,Fiber optic,No,No,No,No,No,Yes,Two year,No,Mailed check,94.57,4624.13,No
CUST-4256,Male,0,Yes,No,51,No,No phone service,DSL,No,No,No,Yes,Yes,No,Month-to-month,No,Credit card (automatic),67.68,3446.81,Yes
CUST-4257,Male,0,Yes,Yes,48,Yes,No,No,No internet service,No internet service,No internet service,No internet service,No internet service,No internet service,Two year,Yes,Mailed check,30.18,1454.04,No
CUST-4258,Male,0,No,No,61,Yes,No,Fiber optic,Yes,Yes,Yes,No,Yes,Yes,Month-to-month,Yes,Electronic check,126.01,7693.45,Yes
CUST-4259,Female,1,Yes,Yes,59,Yes,No,Fiber optic,Yes,No,No,Yes,No,No,Two year,Yes,Electronic check,95.97,5653.05,No
CUST-4260,Female,0,No,Yes,53,Yes,No,DSL,No,No,No,Yes,No,Yes,Month-to-month,Yes,Credit card (automatic),82.71,4379.3,No
CUST-4261,Female,0,Yes,Yes,4,Yes,Yes,Fiber optic,No,Yes,Yes,No,Yes,Yes,Month-to-month,No,Bank transfer (automatic),136.43,538.97,Yes
CUST-4262,Male,0,No,No,8,No,No phone service,DSL,No,No,No,Yes,No,Yes,Month-to-month,Yes,Mailed check,68.78,541.72,Yes
CUST-4263,Female,0,Yes,Yes,33,Yes,No,No,No internet service,No internet service,No internet service,No internet service,No internet service,No internet service,Month-to-month,No,Bank transfer (automatic),30.15,997.71,No
CUST-4264,Female,0,No,No,35,Yes,Yes,No,No internet service,No internet service,No internet service,No internet service,No internet service,No internet service,One year,No,Bank transfer (automatic),44.56,1560.6,Yes
CUST-4265,Female,0,Yes,No,19,Yes,Yes,DSL,No,No,No,No,No,No,One year,No,Credit card (automatic),73.31,1391.6,No
CUST-4266,Female,1,No,Yes,62,Yes,Yes,DSL,Yes,No,No,No,No,Yes,Month-to-month,Yes,Credit card (automatic),93.72,5808.52,No
CUST-4267,Female,1,Yes,No,66,Yes,No,No,No internet service,No internet service,No internet service,No internet service,No internet service,No internet service,One year,No,Bank transfer (automatic),28.41,1877.62,No
CUST-4268,Male,0,Yes,Yes,29,Yes,No,DSL,No,No,No,Yes,No,No,Two year,Yes,Credit card (automatic),69.97,2031.36,No
CUST-4269,Female,1,Yes,No,68,Yes,No,Fiber optic,Yes,Yes,Yes,Yes,Yes,No,Month-to-month,Yes,Mailed check,123.53,8401.1,No
CUST-4270,Male,0,No,Yes,69,Yes,No,Fiber optic,No,Yes,No,No,Yes,Yes,Month-to-month,No,Credit card (automatic),111.49,7694.27,No
CUST-4271,Male,0,Yes,Yes,2,Yes,Yes,DSL,No,Yes,Yes,No,No,Yes,Month-to-month,Yes,Credit card (automatic),102.06,215.73,No
CUST-4272,Male,1,Yes,Yes,48,No,No phone service,Fiber optic,No,No,Yes,Yes,No,No,Month-to-month,Yes,Electronic check,89.91,4308.7,No
CUST-4273,Male,0,Yes,Yes,41,Yes,Yes,Fiber optic,No,No,No,No,No,No,Month-to-month,Yes,Credit card (automatic),92.13,3771.8,Yes
CUST-4274,Male,0,No,Yes,23,Yes,Yes,Fiber optic,Yes,No,No,Yes,Yes,Yes,Month-to-month,No,Mailed check,133.79,3081.22,No
CUST-4275,Female,0,Yes,Yes,43,Yes,Yes,Fiber optic,No,No,No,No,No,No,Month-to-month,Yes,Mailed check,94.88,4084.6,Yes
CUST-4276,Female,0,No,Yes,0,No,No phone service,No,No internet service,No internet service,No internet service,No internet service,No internet service,No internet service,Month-to-month,Yes,Bank transfer (automatic),19.72, ,No
CUST-4277,Female,0,Yes,Yes,53,Yes,Yes,DSL,No,Yes,Yes,Yes,No,No,Month-to-month,Yes,Electronic check,100.5,5341.09,Yes
CUST-4278,Male,0,No,Yes,51,Yes,Yes,Fiber optic,No,Yes,No,No,No,No,Month-to-month,No,Electronic check,108.09,5508.83,Yes
CUST-4279,Female,1,No,No,35,No,No phone service,DSL,No,No,No,No,Yes,Yes,Month-to-month,No,Electronic check,70.45,2469.52,Yes
CUST-4280,Female,0,Yes,Yes,37,Yes,Yes,No,No internet service,No internet service,No internet service,No internet service,No internet service,No internet service,Month-to-month,Yes,Bank transfer (automatic),42.72,1579.67,Yes
CUST-4281,Male,0,No,No,43,Yes,No,DSL,No,No,Yes,Yes,Yes,Yes,Month-to-month,No,Credit card (automatic),100.0,4303.6,Yes
CUST-4282,Male,0,No,Yes,46,Yes,No,No,No internet service,No internet service,No internet service,No internet service,No internet service,No internet service,One year,Yes,Mailed check,30.84,1408.12,No
CUST-4283,Male,0,Yes,Yes,28,Yes,No,Fiber optic,No,Yes,No,Yes,Yes,Yes,One year,Yes,Bank transfer (automatic),117.7,3295.22,No
CUST-4284,Male,0,No,Yes,50,Yes,Yes,No,No internet service,No internet service,No internet service,No internet service,No internet service,No internet service,Month-to-month,Yes,Electronic check,45.56,2277.29,Yes
CUST-4285,Female,0,No,Yes,40,Yes,Yes,Fiber optic,No,No,Yes,Yes,No,Yes,Month-to-month,No,Credit card (automatic),121.56,4857.42,No
CUST-4286,Male,1,No,Yes,63,Yes,No,Fiber optic,Yes,No,No,No,No,Yes,Month-to-month,No,Bank transfer (automatic),100.92,6359.54,Yes
CUST-4287,Male,1,No,Yes,47,Yes,Yes,No,No internet service,No internet service,No internet service,No internet service,No internet service,No internet service,Two year,Yes,Mailed check,45.02,2110.96,No
CUST-4288,Female,0,Yes,No,21,Yes,No,Fiber optic,No,No,Yes,No,Yes,No,Month-to-month,Yes,Credit card (automatic),100.71,2115.17,Yes
CUST-4289,Female,1,No,No,16,Yes,Yes,No,No internet service,No internet service,No internet service,No internet service,No internet service,No internet service,Month-to-month,No,Electronic check,46.06,734.94,No
CUST-4290,Male,0,No,Yes,4,Yes,No,DSL,Yes,No,Yes,No,Yes,Yes,One year,No,Bank transfer (automatic),101.31,402.57,Yes
CUST-4291,Female,0,Yes,No,60,Yes,No,Fiber optic,No,No,No,No,No,No,Month-to-month,Yes,Electronic check,77.02,4622.39,Yes
CUST-4292,Male,0,Yes,Yes,5,Yes,No,No,No internet service,No internet service,No internet service,No internet service,No internet service,No internet service,Month-to-month,Yes,Credit card (automatic),30.4,154.07,Yes
CUST-4293,Male,0,No,Yes,52,Yes,No,No,No internet service,No internet service,No internet service,No internet service,No internet service,No internet service,Two year,Yes,Electronic check,31.99,1660.83,Yes
CUST-4294,Female,0,Yes,Yes,16,Yes,No,No,No internet service,No internet service,No internet service,No internet service,No internet service,No internet service,Two year,Yes,Electronic check,30.8,488.57,No
CUST-4295,Female,0,Yes,No,58,Yes,Yes,Fiber optic,No,Yes,No,No,No,Yes,One year,No,Electronic check,113.48,6581.02,Yes
CUST-4296,Male,0,Yes,No,38,Yes,No,No,No internet service,No internet service,No internet service,No internet service,No internet service,No internet service,One year,Yes,Electronic check,29.98,1141.32,No
CUST-4297,Male,1,Yes,No,53,Yes,Yes,DSL,No,Yes,No,No,No,Yes,Month-to-month,No,Bank transfer (automatic),94.78,5026.52,Yes
CUST-4298,Male,0,Yes,Yes,47,Yes,No,DSL,No,No,Yes,No,Yes,No,Month-to-month,No,Mailed check,79.83,3749.37,Yes
CUST-4299,Female,0,Yes,Yes,36,Yes,No,DSL,Yes,No,No,No,No,Yes,Month-to-month,No,Electronic check,79.48,2855.88,No
CUST-4300,Male,0,Yes,No,47,Yes,Yes,No,No internet service,No internet service,No internet service,No internet service,No internet service,No internet service,One year,No,Credit card (automatic),44.61,2094.84,Yes
CUST-4301,Male,0,Yes,Yes,67,Yes,No,Fiber optic,Yes,No,Yes,Yes,No,No,One year,No,Mailed check,105.14,7044.64,No
CUST-4302,Male,0,Yes,Yes,26,Yes,Yes,No,No internet service,No internet service,No internet service,No internet service,No internet service,No internet service,Month-to-month,Yes,Electronic check,41.78,1075.62,Yes
CUST-4303,Male,0,No,Yes,26,Yes,No,DSL,Yes,Yes,Yes,Yes,Yes,No,Month-to-month,Yes,Bank transfer (automatic),103.02,2677.84,Yes
CUST-4304,Male,0,No,Yes,71,Yes,No,DSL,Yes,No,Yes,Yes,Yes,Yes,Month-to-month,Yes,Mailed check,106.41,7549.45,No
CUST-4305,Female,0,No,Yes,62,No,No phone service,Fiber optic,Yes,No,No,Yes,No,Yes,Month-to-month,Yes,Electronic check,99.55,6170.4,No
CUST-4306,Male,0,No,Yes,51,Yes,No,Fiber optic,No,No,Yes,No,No,No,Two year,Yes,Mailed check,87.37,4453.92,No
CUST-4307,Male,0,No,Yes,46,Yes,No,DSL,Yes,No,No,No,Yes,No,Two year,No,Electronic check,79.09,3634.85,No
CUST-4308,Male,0,Yes,Yes,20,Yes,No,Fiber optic,Yes,No,Yes,Yes,No,No,Two year,Yes,Bank transfer (automatic),103.33,2064.35,No
CUST-4309,Male,0,Yes,Yes,56,Yes,Yes,DSL,No,No,Yes,No,Yes,No,Two year,Yes,Credit card (automatic),93.93,5265.89,No
CUST-4310,Female,0,No,Yes,41,No,No phone service,Fiber optic,Yes,No,Yes,No,Yes,No,Two year,Yes,Electronic check,100.56,4121.4,Yes
CUST-4311,Female,0,No,Yes,47,Yes,Yes,DSL,Yes,No,No,No,Yes,No,Month-to-month,No,Credit card (automatic),94.75,4468.44,Yes
CUST-4312,Female,0,Yes,Yes,26,Yes,No,Fiber optic,No,No,Yes,Yes,No,Yes,Two year,No,Electronic check,109.68,2848.83,No
CUST-4313,Male,0,No,Yes,71,Yes,Yes,DSL,No,No,No,Yes,No,No,Month-to-month,Yes,Electronic check,82.37,5842.23,Yes
CUST-4314,Male,0,Yes,Yes,32,Yes,No,Fiber optic,No,No,No,Yes,No,Yes,Month-to-month,Yes,Bank transfer (automatic),102.8,3294.67,Yes
CUST-4315,Female,0,No,No,34,No,No phone service,DSL,No,Yes,Yes,No,No,Yes,Month-to-month,Yes,Electronic check,80.28,2724.46,Yes
CUST-4316,Female,0,Yes,No,15,Yes,Yes,Fiber optic,Yes,No,No,Yes,Yes,Yes,One year,Yes,Electronic check,134.89,2020.8,No
CUST-4317,Female,0,No,Yes,35,Yes,Yes,Fiber optic,No,No,No,No,Yes,No,Month-to-month,No,Mailed check,108.28,3778.67,Yes
CUST-4318,Male,1,Yes,Yes,65,Yes,No,No,No internet service,No internet service,No internet service,No internet service,No internet service,No internet service,One year,Yes,Electronic check,30.44,1977.43,No
CUST-4319,Male,1,No,No,55,Yes,Yes,Fiber optic,No,Yes,Yes,Yes,No,No,One year,Yes,Mailed check,118.96,6553.44,No
CUST-4320,Female,0,No,Yes,16,Yes,No,No,No internet service,No internet service,No internet service,No internet service,No internet service,No internet service,Month-to-month,Yes,Bank transfer (automatic),29.4,472.87,Yes
CUST-4321,Female,0,Yes,Yes,19,No,No phone service,No,No internet service,No internet service,No internet service,No internet service,No internet service,No internet service,One year,No,Electronic check,20.1,381.08,No
CUST-4322,Female,0,Yes,Yes,7,Yes,No,Fiber optic,No,No,No,No,No,No,Month-to-month,Yes,Credit card (automatic),80.0,556.84,Yes
CUST-4323,Male,1,No,Yes,17,No,No phone service,No,No internet service,No internet service,No internet service,No internet service,No internet service,No internet service,Month-to-month,Yes,Electronic check,18.55,308.19,Yes
CUST-4324,Male,1,No,Yes,17,No,No phone service,Fiber optic,No,No,No,No,No,Yes,Month-to-month,Yes,Electronic check,82.77,1417.33,No
CUST-4325,Male,0,Yes,No,17,Yes,Yes,Fiber optic,No,Yes,No,No,Yes,No,Month-to-month,Yes,Credit card (automatic),112.64,1904.53,Yes
CUST-4326,Female,0,Yes,No,1,Yes,Yes,Fiber optic,No,No,No,No,No,No,Month-to-month,No,Bank transfer (automatic),95.38,99.56,Yes
CUST-4327,Female,0,Yes,Yes,71,Yes,Yes,Fiber optic,No,No,No,No,Yes,Yes,One year,Yes,Mailed check,117.35,8331.54,No
CUST-4328,Male,0,No,Yes,50,Yes,No,Fiber optic,No,Yes,No,No,Yes,No,Two year,Yes,Electronic check,102.73,5137.97,Yes
CUST-4329,Female,0,No,Yes,9,Yes,Yes,Fiber optic,No,No,Yes,Yes,No,No,Month-to-month,No,Bank transfer (automatic),112.48,1020.61,Yes
CUST-4330,Male,0,Yes,Yes,13,Yes,No,Fiber optic,No,Yes,No,Yes,No,No,One year,No,Mailed check,96.6,1249.96,Yes
CUST-4331,Female,1,No,Yes,25,Yes,No,Fiber optic,No,No,No,No,No,Yes,Month-to-month,Yes,Electronic check,93.22,2332.96,Yes
CUST-4332,Female,0,No,Yes,46,Yes,No,DSL,Yes,No,Yes,No,No,No,Month-to-month,Yes,Credit card (automatic),77.2,3544.34,Yes
CUST-4333,Female,0,Yes,Yes,29,Yes,No,Fiber optic,No,Yes,No,Yes,Yes,No,One year,No,Bank transfer (automatic),109.32,3181.49,No
CUST-4334,Female,1,No,Yes,55,Yes,No,No,No internet service,No internet service,No internet service,No internet service,No internet service,No internet service,Month-to-month,Yes,Credit card (automatic),26.81,1473.82,Yes
CUST-4335,Male,1,Yes,Yes,41,Yes,Yes,DSL,No,No,No,No,No,Yes,Month-to-month,No,Credit card (automatic),85.88,3514.38,Yes
CUST-4336,Female,0,Yes,No,3,Yes,No,Fiber optic,Yes,No,No,No,Yes,No,Month-to-month,Yes,Electronic check,98.74,294.9,Yes
CUST-4337,Male,0,No,Yes,10,Yes,Yes,No,No internet service,No internet service,No internet service,No internet service,No internet service,No internet service,Month-to-month,Yes,Electronic check,43.55,437.35,Yes
CUST-4338,Male,0,No,No,23,Yes,No,Fiber optic,Yes,Yes,No,Yes,No,No,Month-to-month,No,Electronic check,107.24,2475.24,Yes
CUST-4339,Male,0,Yes,Yes,66,Yes,Yes,No,No internet service,No internet service,No internet service,No internet service,No internet service,No internet service,One year,Yes,Electronic check,44.93,2963.68,No
CUST-4340,Female,1,Yes,Yes,36,Yes,No,No,No internet service,No internet service,No internet service,No internet service,No internet service,No internet service,Two year,Yes,Credit card (automatic),32.01,1148.74,No
CUST-4341,Male,1,Yes,Yes,1,Yes,Yes,Fiber optic,No,No,No,Yes,Yes,No,One year,No,Credit card (automatic),114.72,119.95,No
CUST-4342,Male,0,No,Yes,11,Yes,Yes,DSL,Yes,Yes,No,No,Yes,No,One year,Yes,Credit card (automatic),101.59,1117.56,Yes
CUST-4343,Male,0,Yes,Yes,20,Yes,Yes,DSL,No,Yes,No,Yes,Yes,Yes,Month-to-month,No,Bank transfer (automatic),115.1,2301.74,No
CUST-4344,Female,0,Yes,No,68,Yes,No,Fiber optic,Yes,No,Yes,No,No,No,Month-to-month,Yes,Mailed check,95.2,6474.8,No
CUST-4345,Female,1,Yes,No,70,Yes,No,No,No internet service,No internet service,No internet service,No internet service,No internet service,No internet service,Month-to-month,Yes,Bank transfer (automatic),32.55,2268.44,No
CUST-4346,Male,0,Yes,Yes,63,Yes,Yes,DSL,No,No,Yes,No,No,Yes,Two year,Yes,Credit card (automatic),91.76,5780.08,No
CUST-4347,Female,0,No,Yes,67,No,No phone service,No,No internet service,No internet service,No internet service,No internet service,No internet service,No internet service,Month-to-month,Yes,Electronic check,21.66,1448.03,Yes
CUST-4348,Male,0,No,Yes,42,No,No phone service,DSL,No,Yes,Yes,No,Yes,Yes,Month-to-month,No,Mailed check,90.16,3783.22,Yes
CUST-4349,Male,0,Yes,Yes,53,Yes,No,No,No internet service,No internet service,No internet service,No internet service,No internet service,No internet service,One year,No,Mailed check,29.71,1575.73,No
CUST-4350,Female,0,No,Yes,61,Yes,Yes,DSL,Yes,Yes,Yes,Yes,No,Yes,Two year,Yes,Credit card (automatic),118.76,7231.39,No
CUST-4351,Male,0,No,Yes,72,Yes,No,Fiber optic,No,Yes,No,No,No,No,Month-to-month,Yes,Electronic check,88.79,6387.35,No
CUST-4352,Female,1,No,Yes,11,Yes,No,DSL,No,No,No,No,No,Yes,Month-to-month,No,Bank transfer (automatic),71.75,789.2,Yes
CUST-4353,Female,1,Yes,Yes,0,Yes,No,DSL,No,No,No,Yes,Yes,Yes,Month-to-month,Yes,Credit card (automatic),93.92, ,No
CUST-4354,Male,0,No,Yes,71,Yes,No,DSL,Yes,No,No,No,Yes,Yes,Two year,No,Bank transfer (automatic),88.42,6280.11,No
CUST-4355,Female,0,No,Yes,32,No,No phone service,DSL,No,Yes,No,Yes,Yes,No,One year,No,Electronic check,76.94,2461.34,No
CUST-4356,Female,0,Yes,Yes,63,Yes,Yes,DSL,No,No,No,No,Yes,No,Month-to-month,Yes,Bank transfer (automatic),85.29,5366.48,Yes
CUST-4357,Male,0,Yes,No,67,Yes,No,Fiber optic,No,Yes,No,No,No,No,One year,Yes,Electronic check,85.08,5698.23,Yes
CUST-4358,Male,0,No,Yes,13,No,No phone service,Fiber optic,Yes,Yes,Yes,No,Yes,Yes,One year,No,Bank transfer (automatic),118.47,1544.87,Yes
CUST-4359,Female,1,No,No,13,No,No phone service,Fiber optic,No,No,No,Yes,Yes,Yes,Two year,No,Mailed check,104.84,1368.29,No
CUST-4360,Female,0,Yes,No,8,Yes,Yes,Fiber optic,No,Yes,Yes,Yes,No,Yes,Two year,Yes,Credit card (automatic),131.82,1051.8,No
CUST-4361,Male,0,Yes,No,72,Yes,No,No,No internet service,No internet service,No internet service,No internet service,No internet service,No internet service,Month-to-month,Yes,Electronic check,29.31,2103.96,No
CUST-4362,Female,1,Yes,No,25,Yes,No,No,No internet service,No internet service,No internet service,No internet service,No internet service,No internet service,Two year,No,Electronic check,31.6,798.6,Yes
CUST-4363,Female,1,Yes,Yes,48,Yes,No,No,No internet service,No internet service,No internet service,No internet service,No internet service,No internet service,Two year,Yes,Bank transfer (automatic),31.05,1502.99,No
CUST-4364,Female,0,No,No,16,Yes,No,Fiber optic,No,Yes,Yes,Yes,Yes,No,Month-to-month,Yes,Electronic check,114.15,1828.88,Yes
CUST-4365,Female,0,Yes,Yes,67,Yes,Yes,Fiber optic,Yes,No,No,No,Yes,Yes,Month-to-month,Yes,Bank transfer (automatic),125.78,8426.84,Yes
CUST-4366,Female,0,No,Yes,59,Yes,Yes,Fiber optic,Yes,No,No,No,Yes,No,Month-to-month,Yes,Credit card (automatic),118.67,6995.32,Yes
CUST-4367,Female,0,No,No,2,Yes,Yes,Fiber optic,Yes,Yes,No,Yes,Yes,No,Month-to-month,Yes,Mailed check,133.61,268.13,Yes
CUST-4368,Female,0,No,No,24,Yes,No,Fiber optic,No,Yes,No,No,Yes,Yes,One year,Yes,Electronic check,112.82,2707.72,No
CUST-4369,Male,0,Yes,No,20,Yes,Yes,Fiber optic,Yes,Yes,No,No,No,Yes,One year,No,Mailed check,124.76,2490.99,No
CUST-4370,Male,1,Yes,No,11,No,No phone service,DSL,No,Yes,Yes,No,Yes,No,Two year,Yes,Electronic check,80.37,879.94,Yes
CUST-4371,Male,0,No,No,53,Yes,Yes,DSL,No,No,Yes,Yes,No,Yes,Two year,No,Bank transfer (automatic),105.5,5587.79,No
CUST-4372,Male,0,No,No,0,Yes,No,Fiber optic,Yes,No,Yes,No,No,Yes,Two year,No,Mailed check,109.8, ,No
CUST-4373,Male,0,No,No,0,Yes,Yes,DSL,No,No,No,No,Yes,Yes,Month-to-month,Yes,Credit card (automatic),97.49, ,Yes
CUST-4374,Female,0,No,Yes,44,Yes,Yes,DSL,No,No,Yes,Yes,No,Yes,Month-to-month,Yes,Credit card (automatic),103.39,4555.03,Yes
CUST-4375,Female,1,No,No,45,No,No phone service,DSL,No,Yes,No,Yes,Yes,No,Two year,Yes,Credit card (automatic),79.87,3596.29,No
CUST-4376,Female,0,Yes,No,47,Yes,Yes,Fiber optic,No,Yes,No,No,Yes,Yes,Month-to-month,Yes,Electronic check,127.4,5993.84,Yes
CUST-4377,Female,0,Yes,No,6,Yes,Yes,Fiber optic,Yes,Yes,No,Yes,Yes,No,One year,No,Credit card (automatic),130.8,783.83,No
CUST-4378,Male,0,Yes,Yes,9,Yes,Yes,Fiber optic,No,No,Yes,No,No,Yes,Two year,Yes,Credit card (automatic),114.08,1027.94,No
CUST-4379,Female,0,No,Yes,14,Yes,Yes,DSL,No,Yes,Yes,No,No,No,Month-to-month,Yes,Bank transfer (automatic),88.11,1232.35,Yes
CUST-4380,Female,0,No,Yes,39,Yes,Yes,DSL,No,No,Yes,No,No,No,One year,Yes,Credit card (automatic),81.74,3181.23,No
CUST-4381,Male,0,Yes,No,10,Yes,No,DSL,No,No,Yes,No,Yes,Yes,Two year,Yes,Electronic check,89.56,897.79,No
CUST-4382,Female,0,Yes,Yes,55,Yes,Yes,Fiber optic,Yes,No,No,No,No,No,Month-to-month,Yes,Bank transfer (automatic),103.55,5691.68,Yes
CUST-4383,Female,0,No,Yes,45,Yes,No,Fiber optic,No,No,Yes,Yes,No,No,Month-to-month,Yes,Electronic check,94.91,4272.79,Yes
CUST-4384,Male,0,Yes,Yes,44,Yes,Yes,No,No internet service,No internet service,No internet service,No internet service,No internet service,No internet service,Month-to-month,Yes,Electronic check,44.97,1970.5,No
CUST-4385,Female,1,Yes,No,12,Yes,No,Fiber optic,No,No,No,No,Yes,Yes,Month-to-month,Yes,Bank transfer (automatic),104.49,1257.83,Yes
CUST-4386,Female,1,Yes,No,26,Yes,No,Fiber optic,Yes,Yes,Yes,No,No,No,Month-to-month,Yes,Electronic check,104.61,2722.34,Yes
CUST-4387,Female,0,No,No,49,Yes,Yes,Fiber optic,Yes,Yes,No,Yes,No,Yes,One year,No,Electronic check,130.02,6366.38,No
CUST-4388,Female,0,No,Yes,60,Yes,Yes,Fiber optic,No,No,Yes,No,Yes,No,Month-to-month,Yes,Electronic check,114.25,6855.65,Yes
CUST-4389,Female,0,Yes,Yes,12,Yes,No,No,No internet service,No internet service,No internet service,No internet service,No internet service,No internet service,Month-to-month,No,Mailed check,30.13,361.61,Yes
CUST-4390,Male,0,No,Yes,11,Yes,No,DSL,Yes,Yes,No,Yes,Yes,No,Month-to-month,Yes,Electronic check,96.13,1067.16,No
CUST-4391,Male,0,Yes,Yes,28,Yes,Yes,DSL,No,No,Yes,No,No,No,Month-to-month,No,Credit card (automatic),84.63,2367.96,Yes
CUST-4392,Male,1,Yes,No,19,Yes,No,DSL,Yes,No,Yes,Yes,No,Yes,Month-to-month,Yes,Bank transfer (automatic),96.19,1828.35,Yes
CUST-4393,Male,1,No,Yes,30,Yes,No,No,No internet service,No internet service,No internet service,No internet service,No internet service,No internet service,One year,No,Mailed check,27.87,829.76,Yes
CUST-4394,Male,0,No,Yes,7,Yes,Yes,No,No internet service,No internet service,No internet service,No internet service,No internet service,No internet service,Two year,No,Electronic check,44.01,309.42,No
CUST-4395,Male,0,No,Yes,23,Yes,Yes,No,No internet service,No internet service,No internet service,No internet service,No internet service,No internet service,Month-to-month,No,Electronic check,43.56,1007.11,No
CUST-4396,Female,1,Yes,Yes,38,Yes,Yes,Fiber optic,No,No,Yes,Yes,Yes,No,Month-to-month,No,Electronic check,122.25,4650.66,No
CUST-4397,Male,0,Yes,No,32,Yes,Yes,No,No internet service,No internet service,No internet service,No internet service,No internet service,No internet service,Month-to-month,No,Electronic check,46.09,1475.51,Yes
CUST-4398,Male,0,Yes,Yes,41,Yes,Yes,DSL,No,Yes,No,No,No,Yes,Month-to-month,No,Bank transfer (automatic),96.35,3951.33,No
CUST-4399,Female,0,No,No,14,Yes,Yes,Fiber optic,Yes,No,No,Yes,Yes,Yes,Month-to-month,No,Mailed check,135.4,1897.14,Yes
CUST-4400,Female,0,Yes,Yes,67,Yes,Yes,No,No internet service,No internet service,No internet service,No internet service,No internet service,No internet service,Month-to-month,No,Mailed check,42.3,2835.65,Yes
CUST-4401,Male,0,Yes,Yes,64,Yes,No,No,No internet service,No internet service,No internet service,No internet service,No internet service,No internet service,Month-to-month,Yes,Electronic check,28.66,1835.23,Yes
CUST-4402,Female,0,Yes,Yes,31,Yes,No,DSL,No,No,No,No,Yes,No,Month-to-month,Yes,Mailed check,71.2,2197.87,Yes
CUST-4403,Male,0,Yes,Yes,10,Yes,Yes,Fiber optic,Yes,No,No,No,Yes,Yes,One year,No,Mailed check,128.13,1285.12,Yes
CUST-4404,Female,0,No,No,36,Yes,No,DSL,No,Yes,No,No,No,Yes,Two year,Yes,Electronic check,77.11,2776.4,No
CUST-4405,Male,0,No,Yes,18,No,No phone service,DSL,Yes,Yes,No,No,No,Yes,Month-to-month,Yes,Mailed check,75.83,1363.58,No
CUST-4406,Female,0,No,Yes,50,No,No phone service,Fiber optic,No,Yes,No,No,Yes,No,Two year,Yes,Electronic check,91.05,4545.49,Yes
CUST-4407,Female,0,Yes,Yes,33,Yes,No,DSL,No,Yes,No,No,Yes,Yes,One year,No,Credit card (automatic),92.79,3066.19,No
CUST-4408,Male,0,Yes,Yes,70,No,No phone service,DSL,Yes,No,Yes,No,Yes,No,One year,Yes,Bank transfer (automatic),80.9,5672.84,No
CUST-4409,Male,1,Yes,No,59,No,No phone service,Fiber optic,No,Yes,Yes,No,No,Yes,Month-to-month,No,Electronic check,101.82,6013.45,No
CUST-4410,Male,0,No,Yes,52,Yes,Yes,Fiber optic,No,No,No,No,No,Yes,Month-to-month,Yes,Electronic check,105.15,5464.92,No
CUST-4411,Male,0,No,Yes,11,Yes,Yes,DSL,No,No,No,No,No,Yes,Month-to-month,Yes,Credit card (automatic),84.58,921.68,Yes
CUST-4412,Male,1,No,No,61,Yes,No,DSL,No,Yes,Yes,Yes,No,No,Month-to-month,Yes,Electronic check,82.29,5012.78,No
CUST-4413,Female,0,No,Yes,65,Yes,Yes,No,No internet service,No internet service,No internet service,No internet service,No internet service,No internet service,Month-to-month,Yes,Electronic check,49.83,3238.93,Yes
CUST-4414,Male,0,No,Yes,47,Yes,Yes,DSL,No,Yes,No,No,Yes,Yes,Two year,Yes,Mailed check,105.85,4977.39,Yes
CUST-4415,Male,0,Yes,Yes,39,Yes,No,Fiber optic,No,No,Yes,No,No,No,Month-to-month,Yes,Mailed check,90.54,3535.86,Yes
CUST-4416,Female,0,No,Yes,23,Yes,Yes,No,No internet service,No internet service,No internet service,No internet service,No internet service,No internet service,Month-to-month,No,Credit card (automatic),47.57,1095.13,No
CUST-4417,Female,0,No,No,49,Yes,No,Fiber optic,Yes,No,No,Yes,Yes,Yes,Month-to-month,Yes,Mailed check,116.1,5685.0,No
CUST-4418,Male,1,No,Yes,67,Yes,No,DSL,Yes,No,No,No,Yes,No,Two year,Yes,Credit card (automatic),80.59,5399.75,No
CUST-4419,Female,0,Yes,No,42,Yes,Yes,Fiber optic,No,No,No,No,No,No,Two year,No,Mailed check,95.31,3999.85,No
CUST-4420,Female,0,No,Yes,16,Yes,Yes,Fiber optic,No,Yes,No,No,No,No,Month-to-month,Yes,Electronic check,104.92,1680.82,Yes
CUST-4421,Male,1,No,No,54,Yes,No,No,No internet service,No internet service,No internet service,No internet service,No internet service,No internet service,Month-to-month,Yes,Electronic check,32.65,1767.9,Yes
CUST-4422,Female,0,No,Yes,33,Yes,No,Fiber optic,No,No,Yes,No,Yes,No,Two year,Yes,Bank transfer (automatic),101.88,3359.85,No
CUST-4423,Female,0,Yes,Yes,69,Yes,Yes,DSL,Yes,No,Yes,No,Yes,No,Month-to-month,Yes,Bank transfer (automatic),103.47,7140.81,No
CUST-4424,Male,0,Yes,Yes,59,Yes,No,DSL,No,Yes,No,No,Yes,No,Month-to-month,Yes,Mailed check,81.46,4805.43,No
CUST-4425,Male,0,No,Yes,50,Yes,No,Fiber optic,No,Yes,Yes,No,Yes,No,Month-to-month,Yes,Electronic check,103.01,5148.93,Yes
CUST-4426,Female,0,No,No,72,Yes,No,Fiber optic,Yes,No,No,No,Yes,No,One year,Yes,Electronic check,97.26,6999.7,No
CUST-4427,Female,0,No,No,34,Yes,Yes,Fiber optic,Yes,No,Yes,No,Yes,Yes,Month-to-month,Yes,Electronic check,133.67,4547.97,Yes
CUST-4428,Male,0,No,Yes,33,Yes,Yes,DSL,No,No,Yes,Yes,No,No,Month-to-month,Yes,Credit card (automatic),91.56,3026.84,No
CUST-4429,Female,0,Yes,Yes,15,Yes,Yes,No,No internet service,No internet service,No internet service,No internet service,No internet service,No internet service,Month-to-month,No,Credit card (automatic),42.46,639.36,No
CUST-4430,Female,0,No,Yes,17,Yes,No,Fiber optic,Yes,Yes,No,No,Yes,No,One year,No,Electronic check,108.72,1849.99,No
CUST-4431,Female,0,Yes,No,37,Yes,No,No,No internet service,No internet service,No internet service,No internet service,No internet service,No internet service,Month-to-month,Yes,Electronic check,32.18,1191.37,Yes
CUST-4432,Male,0,No,No,42,Yes,Yes,Fiber optic,Yes,Yes,Yes,Yes,Yes,No,Two year,Yes,Electronic check,134.81,5657.23,Yes
CUST-4433,Female,0,Yes,Yes,31,Yes,Yes,Fiber optic,No,Yes,No,No,Yes,No,Month-to-month,Yes,Electronic check,119.07,3698.35,No
CUST-4434,Female,0,Yes,No,6,Yes,No,Fiber optic,Yes,No,No,No,No,Yes,One year,Yes,Credit card (automatic),97.97,587.47,Yes
CUST-4435,Male,1,No,No,45,Yes,No,Fiber optic,Yes,No,Yes,Yes,No,No,Month-to-month,Yes,Credit card (automatic),105.28,4736.84,No
CUST-4436,Female,0,Yes,Yes,60,Yes,No,No,No internet service,No internet service,No internet service,No internet service,No internet service,No internet service,Month-to-month,Yes,Electronic check,28.1,1689.94,No
CUST-4437,Female,0,No,No,17,Yes,Yes,Fiber optic,Yes,No,No,No,Yes,No,Month-to-month,No,Electronic check,115.33,1960.51,No
CUST-4438,Male,0,Yes,Yes,70,Yes,No,DSL,No,No,No,No,Yes,Yes,Month-to-month,No,Bank transfer (automatic),80.09,5605.98,Yes
CUST-4439,Male,0,Yes,Yes,39,Yes,Yes,Fiber optic,No,No,Yes,No,Yes,Yes,One year,No,Electronic check,129.24,5035.07,No
CUST-4440,Male,0,No,Yes,49,Yes,No,Fiber optic,Yes,No,Yes,Yes,No,No,Month-to-month,No,Electronic check,101.26,4957.61,No
CUST-4441,Male,0,No,Yes,4,Yes,No,No,No internet service,No internet service,No internet service,No internet service,No internet service,No internet service,Month-to-month,No,Mailed check,30.79,122.24,Yes
CUST-4442,Female,1,Yes,Yes,53,Yes,No,DSL,Yes,No,No,Yes,No,No,Month-to-month,No,Electronic check,77.96,4138.21,No
CUST-4443,Female,0,Yes,Yes,57,Yes,No,DSL,No,No,No,No,No,No,Two year,Yes,Mailed check,58.89,3351.21,No
CUST-4444,Male,0,No,No,21,Yes,Yes,DSL,No,No,No,No,No,Yes,One year,Yes,Electronic check,85.57,1791.39,Yes
CUST-4445,Male,0,No,Yes,37,Yes,Yes,DSL,No,No,No,Yes,No,Yes,Two year,No,Electronic check,91.49,3380.75,No
CUST-4446,Female,0,No,Yes,48,Yes,No,DSL,No,No,No,No,No,Yes,One year,No,Electronic check,72.35,3476.24,Yes
CUST-4447,Male,0,Yes,No,0,Yes,Yes,DSL,Yes,No,Yes,No,No,Yes,One year,No,Electronic check,103.3, ,Yes
CUST-4448,Female,0,No,Yes,35,Yes,Yes,Fiber optic,No,No,No,No,No,No,Month-to-month,Yes,Electronic check,93.15,3258.86,Yes
CUST-4449,Male,1,No,Yes,27,Yes,No,DSL,No,No,No,No,No,No,Two year,Yes,Mailed check,59.99,1615.37,No
CUST-4450,Female,0,Yes,No,34,Yes,No,No,No internet service,No internet service,No internet service,No internet service,No internet service,No internet service,One year,Yes,Mailed check,27.19,927.79,No
CUST-4451,Male,0,No,No,59,No,No phone service,DSL,No,No,Yes,No,Yes,Yes,Two year,No,Bank transfer (automatic),79.41,4680.38,No
CUST-4452,Male,0,No,Yes,61,Yes,No,No,No internet service,No internet service,No internet service,No internet service,No internet service,No internet service,Month-to-month,No,Electronic check,31.47,1920.14,No
CUST-4453,Female,0,No,Yes,45,Yes,No,No,No internet service,No internet service,No internet service,No internet service,No internet service,No internet service,Month-to-month,Yes,Credit card (automatic),29.69,1329.54,No
CUST-4454,Male,0,No,No,60,Yes,No,DSL,Yes,Yes,Yes,No,Yes,No,Month-to-month,No,Electronic check,93.54,5619.48,No
CUST-4455,Female,0,Yes,Yes,64,Yes,No,DSL,No,No,No,No,Yes,No,Month-to-month,Yes,Credit card (automatic),74.23,4756.46,Yes
CUST-4456,Female,0,No,Yes,25,Yes,No,DSL,No,No,No,No,No,Yes,Month-to-month,Yes,Electronic check,71.64,1791.09,No
CUST-4457,Female,0,No,Yes,34,Yes,Yes,Fiber optic,No,No,Yes,No,Yes,No,One year,Yes,Mailed check,115.66,3940.39,Yes
CUST-4458,Female,0,No,Yes,56,Yes,No,Fiber optic,No,No,Yes,No,Yes,No,One year,Yes,Electronic check,100.97,5651.2,Yes
CUST-4459,Female,0,No,No,62,Yes,No,Fiber optic,No,Yes,No,Yes,No,No,Month-to-month,No,Electronic check,96.02,5947.62,No
CUST-4460,Male,1,No,No,3,Yes,Yes,DSL,Yes,No,Yes,Yes,Yes,Yes,Month-to-month,No,Mailed check,122.68,375.61,Yes
CUST-4461,Male,0,No,No,41,Yes,No,Fiber optic,No,No,No,No,No,Yes,One year,No,Electronic check,94.27,3860.21,No
CUST-4462,Female,0,Yes,No,44,Yes,No,Fiber optic,No,No,Yes,No,No,Yes,Month-to-month,Yes,Mailed check,97.23,4277.66,Yes
CUST-4463,Male,1,Yes,Yes,38,Yes,No,No,No internet service,No internet service,No internet service,No internet service,No internet service,No internet service,Two year,Yes,Electronic check,25.9,995.93,No
CUST-4464,Female,0,Yes,Yes,64,Yes,Yes,Fiber optic,No,Yes,No,No,Yes,Yes,Month-to-month,Yes,Credit card (automatic),125.57,8032.93,Yes
CUST-4465,Male,0,No,No,21,Yes,No,DSL,Yes,No,Yes,No,Yes,Yes,Two year,Yes,Electronic check,98.85,2075.64,No
CUST-4466,Male,0,No,Yes,10,Yes,Yes,DSL,Yes,No,No,No,No,Yes,Two year,Yes,Bank transfer (automatic),91.61,921.0,No
CUST-4467,Male,0,No,Yes,36,Yes,Yes,Fiber optic,No,No,Yes,Yes,Yes,No,Two year,No,Mailed check,123.87,4462.37,No
CUST-4468,Male,0,Yes,No,50,Yes,Yes,Fiber optic,No,No,Yes,Yes,Yes,Yes,Month-to-month,No,Electronic check,134.59,6723.28,Yes
CUST-4469,Female,0,No,Yes,57,Yes,Yes,DSL,Yes,No,No,No,Yes,Yes,Month-to-month,No,Electronic check,108.3,6177.68,Yes
CUST-4470,Female,0,Yes,Yes,6,Yes,No,DSL,Yes,No,No,No,Yes,No,Month-to-month,Yes,Credit card (automatic),79.82,477.42,Yes
CUST-4471,Male,0,No,No,7,Yes,No,Fiber optic,Yes,No,Yes,Yes,Yes,Yes,Two year,No,Credit card (automatic),125.25,880.61,Yes
CUST-4472,Male,0,No,No,50,Yes,No,Fiber optic,No,Yes,Yes,Yes,No,No,Two year,No,Electronic check,102.53,5119.04,No
CUST-4473,Female,0,Yes,Yes,22,Yes,No,DSL,Yes,No,Yes,No,No,Yes,Month-to-month,Yes,Electronic check,88.18,1950.2,No
CUST-4474,Male,0,Yes,No,8,Yes,Yes,Fiber optic,Yes,Yes,Yes,No,No,No,Month-to-month,Yes,Electronic check,121.76,972.46,Yes
CUST-4475,Female,0,Yes,Yes,45,Yes,Yes,Fiber optic,No,No,No,No,Yes,Yes,Month-to-month,Yes,Mailed check,119.07,5360.74,Yes
CUST-4476,Female,0,Yes,Yes,37,Yes,No,Fiber optic,No,No,No,No,No,No,Month-to-month,No,Bank transfer (automatic),80.17,2961.61,Yes
CUST-4477,Female,0,Yes,No,12,Yes,Yes,Fiber optic,No,Yes,No,No,No,No,Month-to-month,No,Mailed check,105.25,1254.42,Yes
CUST-4478,Male,0,Yes,No,6,Yes,Yes,Fiber optic,No,No,No,No,No,No,Two year,Yes,Electronic check,95.85,572.93,Yes
CUST-4479,Female,0,No,Yes,10,Yes,Yes,Fiber optic,Yes,No,Yes,No,No,No,Month-to-month,Yes,Electronic check,110.81,1112.34,Yes
CUST-4480,Male,0,Yes,Yes,49,Yes,Yes,Fiber optic,No,Yes,No,No,Yes,No,One year,Yes,Mailed check,113.53,5567.56,No
CUST-4481,Female,0,No,Yes,66,Yes,No,No,No internet service,No internet service,No internet service,No internet service,No internet service,No internet service,Month-to-month,No,Electronic check,33.92,2235.44,Yes
CUST-4482,Male,0,No,Yes,40,Yes,No,Fiber optic,No,Yes,No,Yes,No,Yes,Month-to-month,Yes,Electronic check,105.74,4237.52,Yes
CUST-4483,Male,1,No,Yes,28,Yes,No,Fiber optic,Yes,Yes,Yes,No,No,Yes,One year,No,Bank transfer (automatic),114.76,3207.88,Yes
CUST-4484,Male,0,No,Yes,36,Yes,No,DSL,No,Yes,Yes,Yes,No,No,Two year,No,Mailed check,79.91,2875.17,No
CUST-4485,Female,0,No,Yes,55,Yes,No,DSL,Yes,Yes,Yes,Yes,Yes,No,Month-to-month,No,Bank transfer (automatic),107.76,5928.97,Yes
CUST-4486,Female,0,Yes,Yes,15,Yes,Yes,Fiber optic,Yes,No,No,Yes,Yes,No,Month-to-month,Yes,Electronic check,122.71,1835.14,No
CUST-4487,Male,0,Yes,Yes,43,Yes,Yes,DSL,No,Yes,Yes,No,Yes,Yes,Month-to-month,Yes,Credit card (automatic),117.17,5023.23,Yes
CUST-4488,Male,0,Yes,No,49,Yes,Yes,No,No internet service,No internet service,No internet service,No internet service,No internet service,No internet service,One year,Yes,Credit card (automatic),45.28,2222.73,No
CUST-4489,Male,0,No,Yes,70,Yes,Yes,DSL,No,Yes,No,Yes,Yes,Yes,Month-to-month,Yes,Mailed check,116.25,8138.15,No
CUST-4490,Female,0,Yes,Yes,5,Yes,No,Fiber optic,No,No,Yes,No,Yes,No,Month-to-month,No,Electronic check,99.18,496.32,Yes
CUST-4491,Female,1,No,No,17,Yes,No,Fiber optic,No,Yes,No,Yes,Yes,Yes,Month-to-month,No,Electronic check,114.17,1935.76,Yes
CUST-4492,Female,0,No,No,18,Yes,Yes,No,No internet service,No internet service,No internet service,No internet service,No internet service,No internet service,Month-to-month,Yes,Electronic check,47.01,846.26,Yes
CUST-4493,Female,0,No,Yes,50,Yes,No,DSL,No,Yes,Yes,No,No,No,Month-to-month,No,Electronic check,75.8,3787.0,No
CUST-4494,Male,0,No,Yes,65,Yes,Yes,No,No internet service,No internet service,No internet service,No internet service,No internet service,No internet service,Month-to-month,Yes,Credit card (automatic),45.46,2950.78,No
CUST-4495,Male,1,Yes,No,2,Yes,No,No,No internet service,No internet service,No internet service,No internet service,No internet service,No internet service,Month-to-month,Yes,Credit card (automatic),30.49,66.22,Yes
CUST-4496,Female,0,Yes,Yes,53,Yes,Yes,No,No internet service,No internet service,No internet service,No internet service,No internet service,No internet service,Month-to-month,Yes,Electronic check,43.82,2317.87,No
CUST-4497,Female,0,Yes,No,48,Yes,Yes,No,No internet service,No internet service,No internet service,No internet service,No internet service,No internet service,Month-to-month,Yes,Credit card (automatic),46.58,2235.49,Yes
CUST-4498,Male,1,Yes,Yes,27,Yes,Yes,No,No internet service,No internet service,No internet service,No internet service,No internet service,No internet service,Month-to-month,Yes,Bank transfer (automatic),42.36,1144.02,No
CUST-4499,Female,0,Yes,Yes,37,Yes,No,Fiber optic,No,Yes,Yes,No,No,No,Month-to-month,Yes,Mailed check,96.18,3554.86,Yes
CUST-4500,Female,0,No,Yes,27,Yes,No,No,No internet service,No internet service,No internet service,No internet service,No internet service,No internet service,Two year,Yes,Electronic check,28.69,772.52,No
CUST-4501,Female,0,Yes,No,31,Yes,No,Fiber optic,No,Yes,Yes,Yes,Yes,No,Month-to-month,Yes,Electronic check,115.89,3595.3,No
CUST-4502,Female,0,No,No,40,Yes,No,Fiber optic,No,Yes,No,Yes,Yes,Yes,One year,No,Electronic check,119.93,4803.17,No
CUST-4503,Female,0,No,Yes,35,No,No phone service,Fiber optic,No,Yes,Yes,No,Yes,Yes,Two year,Yes,Electronic check,111.1,3888.15,Yes
CUST-4504,Female,0,No,Yes,35,No,No phone service,No,No internet service,No internet service,No internet service,No internet service,No internet service,No internet service,Two year,No,Electronic check,18.0,632.33,No
CUST-4505,Male,0,Yes,Yes,65,Yes,Yes,DSL,No,No,Yes,Yes,No,Yes,Two year,No,Electronic check,98.49,6398.92,No
CUST-4506,Female,0,No,Yes,9,Yes,Yes,No,No internet service,No internet service,No internet service,No internet service,No internet service,No internet service,Month-to-month,No,Electronic check,44.49,397.81,Yes
CUST-4507,Female,0,No,No,69,Yes,No,DSL,Yes,No,No,No,Yes,Yes,One year,Yes,Electronic check,96.51,6654.78,No
CUST-4508,Male,0,Yes,Yes,71,No,No phone service,Fiber optic,Yes,Yes,No,No,Yes,No,Month-to-month,Yes,Electronic check,101.22,7188.43,Yes
CUST-4509,Male,0,No,No,62,Yes,No,DSL,No,Yes,No,No,No,Yes,Two year,No,Bank transfer (automatic),79.25,4909.61,No
CUST-4510,Male,0,No,Yes,21,Yes,Yes,Fiber optic,Yes,No,Yes,Yes,No,No,Month-to-month,Yes,Mailed check,121.21,2542.88,Yes
CUST-4511,Female,0,No,No,19,Yes,No,No,No internet service,No internet service,No internet service,No internet service,No internet service,No internet service,Two year,No,Bank transfer (automatic),32.71,619.94,No
CUST-4512,Male,0,Yes,No,32,Yes,No,Fiber optic,No,No,Yes,No,Yes,No,Month-to-month,No,Credit card (automatic),97.77,3121.57,Yes
CUST-4513,Female,0,No,Yes,14,Yes,No,Fiber optic,Yes,No,No,Yes,No,Yes,Month-to-month,Yes,Electronic check,108.4,1513.57,Yes
CUST-4514,Female,0,No,Yes,6,Yes,No,DSL,Yes,Yes,No,Yes,No,Yes,Month-to-month,Yes,Credit card (automatic),91.36,549.29,Yes
CUST-4515,Female,0,Yes,Yes,49,No,No phone service,No,No internet service,No internet service,No internet service,No internet service,No internet service,No internet service,One year,No,Electronic check,18.91,923.54,No
CUST-4516,Male,1,Yes,Yes,9,Yes,No,No,No internet service,No internet service,No internet service,No internet service,No internet service,No internet service,Two year,Yes,Electronic check,28.35,264.66,Yes
CUST-4517,Male,0,No,Yes,36,Yes,No,Fiber optic,No,No,Yes,No,Yes,Yes,Month-to-month,Yes,Bank transfer (automatic),112.94,4070.54,No
CUST-4518,Male,0,Yes,Yes,58,Yes,Yes,Fiber optic,No,No,No,No,No,Yes,Two year,Yes,Mailed check,106.17,6163.02,No
CUST-4519,Male,0,Yes,No,62,Yes,Yes,Fiber optic,No,No,No,Yes,Yes,Yes,Two year,Yes,Electronic check,126.08,7810.83,No
CUST-4520,Male,0,Yes,Yes,20,Yes,No,Fiber optic,No,No,No,Yes,Yes,No,One year,Yes,Bank transfer (automatic),102.54,2047.35,No
CUST-4521,Female,0,Yes,No,36,Yes,No,DSL,Yes,Yes,Yes,No,Yes,Yes,Month-to-month,Yes,Electronic check,103.88,3737.54,Yes
CUST-4522,Female,0,Yes,No,44,No,No phone service,No,No internet service,No internet service,No internet service,No internet service,No internet service,No internet service,Two year,No,Credit card (automatic),18.0,791.43,No
CUST-4523,Female,1,Yes,No,13,Yes,Yes,No,No internet service,No internet service,No internet service,No internet service,No internet service,No internet service,One year,Yes,Credit card (automatic),46.15,608.45,No
CUST-4524,Female,0,Yes,Yes,42,Yes,Yes,DSL,No,No,No,No,Yes,No,Month-to-month,No,Electronic check,85.75,3593.2,Yes
CUST-4525,Male,0,No,Yes,32,Yes,No,No,No internet service,No internet service,No internet service,No internet service,No internet service,No internet service,Two year,No,Bank transfer (automatic),30.77,983.95,No
CUST-4526,Male,0,Yes,Yes,2,Yes,No,DSL,Yes,Yes,Yes,No,No,No,One year,No,Credit card (automatic),86.29,169.6,Yes
CUST-4527,Female,0,Yes,Yes,43,Yes,No,Fiber optic,Yes,No,No,Yes,Yes,Yes,Month-to-month,No,Credit card (automatic),121.59,5228.4,No
CUST-4528,Male,1,Yes,Yes,34,Yes,No,Fiber optic,Yes,Yes,No,No,No,No,Month-to-month,Yes,Mailed check,98.53,3350.24,No
CUST-4529,Male,0,No,No,24,Yes,Yes,DSL,No,Yes,Yes,No,Yes,No,Two year,Yes,Electronic check,103.24,2474.92,No
CUST-4530,Female,0,Yes,Yes,7,Yes,No,DSL,No,Yes,No,Yes,Yes,No,Month-to-month,No,Electronic check,86.13,602.51,Yes
CUST-4531,Female,0,Yes,Yes,61,Yes,Yes,DSL,Yes,No,No,No,Yes,Yes,Month-to-month,No,Credit card (automatic),104.65,6383.53,No
CUST-4532,Male,0,No,No,17,Yes,No,Fiber optic,Yes,No,No,No,Yes,No,Month-to-month,Yes,Electronic check,98.71,1672.63,No
CUST-4533,Male,0,Yes,Yes,27,Yes,Yes,No,No internet service,No internet service,No internet service,No internet service,No internet service,No internet service,One year,Yes,Mailed check,46.51,1266.32,No
CUST-4534,Female,0,No,Yes,11,Yes,No,Fiber optic,No,No,No,No,No,Yes,Two year,No,Electronic check,92.64,1018.25,Yes
CUST-4535,Female,0,No,No,63,Yes,No,Fiber optic,Yes,Yes,Yes,No,No,No,Month-to-month,Yes,Electronic check,106.33,6707.54,No
CUST-4536,Female,0,Yes,Yes,1,Yes,Yes,Fiber optic,No,Yes,Yes,No,No,Yes,Two year,Yes,Electronic check,125.65,129.21,Yes
CUST-4537,Male,0,No,Yes,58,Yes,Yes,Fiber optic,No,Yes,Yes,No,Yes,No,One year,Yes,Electronic check,120.88,7010.92,No
CUST-4538,Female,0,Yes,Yes,36,Yes,Yes,No,No internet service,No internet service,No internet service,No internet service,No internet service,No internet service,Two year,Yes,Mailed check,46.63,1676.54,No
CUST-4539,Female,0,Yes,No,3,Yes,Yes,Fiber optic,No,Yes,Yes,Yes,No,Yes,Two year,Yes,Credit card (automatic),130.38,392.35,Yes
CUST-4540,Male,0,No,Yes,40,Yes,No,DSL,No,Yes,Yes,Yes,Yes,Yes,Month-to-month,Yes,Mailed check,105.72,4218.94,No
CUST-4541,Male,0,No,Yes,44,Yes,No,DSL,Yes,No,No,No,Yes,Yes,One year,Yes,Mailed check,95.16,4179.31,No
CUST-4542,Male,0,Yes,Yes,33,Yes,Yes,No,No internet service,No internet service,No internet service,No internet service,No internet service,No internet service,Two year,Yes,Bank transfer (automatic),44.59,1467.33,No
CUST-4543,Male,0,Yes,Yes,12,Yes,Yes,DSL,No,No,No,No,Yes,No,One year,Yes,Mailed check,88.8,1058.44,No
CUST-4544,Male,0,No,Yes,6,Yes,No,No,No internet service,No internet service,No internet service,No internet service,No internet service,No internet service,Month-to-month,Yes,Electronic check,34.23,205.1,No
CUST-4545,Female,1,Yes,Yes,31,Yes,Yes,DSL,Yes,No,Yes,No,Yes,No,Month-to-month,Yes,Credit card (automatic),99.93,3098.05,Yes
CUST-4546,Female,0,Yes,Yes,22,Yes,Yes,Fiber optic,Yes,No,No,No,No,No,Month-to-month,Yes,Mailed check,102.98,2274.49,No
CUST-4547,Male,0,Yes,Yes,48,Yes,Yes,Fiber optic,No,No,Yes,No,Yes,No,Two year,Yes,Bank transfer (automatic),113.31,5440.54,Yes
CUST-4548,Male,0,No,Yes,71,Yes,No,No,No internet service,No internet service,No internet service,No internet service,No internet service,No internet service,One year,Yes,Credit card (automatic),29.45,2091.63,No
CUST-4549,Male,0,Yes,Yes,46,Yes,No,Fiber optic,Yes,Yes,No,Yes,Yes,No,Month-to-month,Yes,Electronic check,116.37,5353.57,Yes
CUST-4550,Male,0,Yes,Yes,36,Yes,No,DSL,No,Yes,No,No,Yes,Yes,Month-to-month,Yes,Mailed check,90.41,3255.91,No
CUST-4551,Male,1,Yes,Yes,47,Yes,No,DSL,Yes,No,Yes,No,No,Yes,Two year,Yes,Bank transfer (automatic),89.31,4195.61,No
CUST-4552,Female,0,No,Yes,28,Yes,No,Fiber optic,No,Yes,No,No,Yes,No,Two year,No,Mailed check,102.24,2861.71,Yes
CUST-4553,Female,1,No,No,36,Yes,No,No,No internet service,No internet service,No internet service,No internet service,No internet service,No internet service,Month-to-month,No,Credit card (automatic),31.05,1113.55,No
CUST-4554,Female,0,No,No,22,Yes,No,No,No internet service,No internet service,No internet service,No internet service,No internet service,No internet service,Two year,Yes,Credit card (automatic),31.11,675.63,Yes
CUST-4555,Female,0,Yes,Yes,37,Yes,No,No,No internet service,No internet service,No internet service,No internet service,No internet service,No internet service,Month-to-month,No,Electronic check,29.53,1090.39,No
CUST-4556,Male,0,No,Yes,43,Yes,No,DSL,No,No,Yes,No,Yes,No,Two year,No,Electronic check,78.61,3381.48,Yes
CUST-4557,Female,0,Yes,Yes,4,Yes,No,Fiber optic,No,No,No,No,Yes,Yes,Month-to-month,Yes,Electronic check,103.69,420.02,No
CUST-4558,Male,0,No,Yes,51,Yes,No,No,No internet service,No internet service,No internet service,No internet service,No internet service,No internet service,Month-to-month,Yes,Mailed check,30.08,1532.34,No
CUST-4559,Male,1,Yes,Yes,39,Yes,No,No,No internet service,No internet service,No internet service,No internet service,No internet service,No internet service,One year,Yes,Mailed check,29.5,1145.59,No
CUST-4560,Male,1,No,Yes,10,Yes,No,DSL,No,Yes,No,Yes,Yes,No,Month-to-month,Yes,Mailed check,87.97,879.65,Yes
CUST-4561,Female,1,Yes,No,1,No,No phone service,Fiber optic,No,No,Yes,No,No,Yes,Month-to-month,Yes,Mailed check,88.25,88.25,Yes
CUST-4562,Male,0,Yes,Yes,34,Yes,Yes,Fiber optic,Yes,Yes,No,Yes,Yes,Yes,Month-to-month,Yes,Mailed check,144.81,4916.7,Yes
CUST-4563,Female,0,No,Yes,44,Yes,Yes,Fiber optic,Yes,Yes,Yes,No,No,No,Month-to-month,No,Mailed check,118.74,5218.99,Yes
CUST-4564,Female,0,Yes,No,48,Yes,No,DSL,No,Yes,Yes,Yes,No,Yes,Two year,Yes,Electronic check,99.27,4765.98,No
CUST-4565,Male,0,No,Yes,34,Yes,Yes,DSL,Yes,No,Yes,Yes,Yes,No,Two year,No,Mailed check,113.15,3848.1,No
CUST-4566,Male,0,No,Yes,71,Yes,No,No,No internet service,No internet service,No internet service,No internet service,No internet service,No internet service,Month-to-month,Yes,Electronic check,31.9,2267.69,Yes
CUST-4567,Male,0,Yes,No,31,Yes,Yes,DSL,No,Yes,No,No,No,Yes,Month-to-month,Yes,Bank transfer (automatic),94.08,2917.67,Yes
CUST-4568,Female,0,Yes,No,67,Yes,No,Fiber optic,No,Yes,Yes,No,Yes,Yes,Month-to-month,Yes,Bank transfer (automatic),119.34,8001.69,No
CUST-4569,Male,0,No,No,70,Yes,Yes,No,No internet service,No internet service,No internet service,No internet service,No internet service,No internet service,Two year,Yes,Electronic check,44.74,3139.49,No
CUST-4570,Female,0,No,Yes,38,Yes,No,Fiber optic,Yes,No,Yes,No,No,Yes,Month-to-month,No,Electronic check,108.77,4136.43,Yes
CUST-4571,Male,0,No,Yes,47,No,No phone service,No,No internet service,No internet service,No internet service,No internet service,No internet service,No internet service,Two year,No,Bank transfer (automatic),20.92,980.03,No
CUST-4572,Male,0,Yes,No,36,Yes,No,DSL,No,No,Yes,No,No,No,Month-to-month,Yes,Bank transfer (automatic),67.36,2426.68,Yes
CUST-4573,Female,0,No,Yes,59,Yes,No,Fiber optic,Yes,No,No,No,No,No,Month-to-month,Yes,Credit card (automatic),92.17,5436.33,Yes
CUST-4574,Female,0,Yes,No,3,Yes,Yes,DSL,Yes,No,Yes,No,No,Yes,Month-to-month,No,Mailed check,102.01,307.2,No
CUST-4575,Female,0,Yes,Yes,22,Yes,No,DSL,Yes,No,Yes,Yes,No,No,Month-to-month,Yes,Electronic check,78.88,1735.07,No
CUST-4576,Female,0,No,Yes,13,Yes,No,DSL,No,No,Yes,Yes,No,Yes,One year,Yes,Electronic check,86.24,1120.63,No
CUST-4577,Female,0,No,No,4,Yes,No,Fiber optic,No,Yes,No,No,Yes,Yes,Month-to-month,No,Electronic check,112.33,450.68,Yes
CUST-4578,Female,0,Yes,Yes,65,Yes,Yes,Fiber optic,No,No,No,No,No,No,Month-to-month,No,Electronic check,94.32,6140.15,Yes
CUST-4579,Male,0,Yes,Yes,23,Yes,No,Fiber optic,Yes,Yes,No,No,Yes,No,Month-to-month,Yes,Electronic check,109.02,2510.57,Yes
CUST-4580,Male,0,Yes,Yes,17,Yes,Yes,DSL,No,No,Yes,Yes,No,No,Month-to-month,No,Credit card (automatic),91.09,1549.43,Yes
CUST-4581,Female,0,Yes,Yes,26,Yes,No,Fiber optic,No,Yes,Yes,No,Yes,Yes,One year,No,Electronic check,119.43,3105.44,Yes
CUST-4582,Male,0,No,Yes,23,Yes,Yes,DSL,No,No,No,No,Yes,No,Month-to-month,Yes,Mailed check,85.07,1963.35,Yes
CUST-4583,Female,0,Yes,Yes,28,No,No phone service,DSL,No,No,Yes,No,Yes,Yes,Two year,No,Electronic check,83.62,2337.16,No
CUST-4584,Male,0,No,Yes,10,Yes,No,Fiber optic,No,No,No,No,No,No,Month-to-month,Yes,Electronic check,77.62,779.5,Yes
CUST-4585,Male,0,No,No,17,Yes,No,Fiber optic,Yes,No,Yes,No,No,No,Two year,No,Electronic check,94.36,1617.08,No
CUST-4586,Female,0,No,Yes,3,Yes,Yes,Fiber optic,No,No,Yes,No,Yes,No,One year,No,Credit card (automatic),117.96,356.09,Yes
CUST-4587,Female,0,Yes,No,32,Yes,Yes,Fiber optic,Yes,No,Yes,No,No,No,Month-to-month,Yes,Electronic check,110.33,3527.5,Yes
CUST-4588,Female,0,Yes,Yes,41,Yes,Yes,DSL,No,Yes,No,No,No,No,Month-to-month,Yes,Bank transfer (automatic),78.45,3211.51,No
CUST-4589,Male,0,No,Yes,31,No,No phone service,No,No internet service,No internet service,No internet service,No internet service,No internet service,No internet service,Month-to-month,Yes,Electronic check,21.53,666.07,No
CUST-4590,Female,0,No,Yes,50,Yes,Yes,Fiber optic,No,Yes,No,No,Yes,No,Month-to-month,No,Electronic check,118.31,5920.93,No
CUST-4591,Male,0,No,No,3,Yes,No,DSL,No,Yes,No,No,Yes,Yes,Two year,Yes,Electronic check,89.19,271.73,Yes
CUST-4592,Female,1,No,No,19,Yes,Yes,Fiber optic,No,No,Yes,Yes,No,No,Two year,No,Electronic check,110.85,2105.1,Yes
CUST-4593,Male,0,Yes,No,66,Yes,Yes,Fiber optic,No,Yes,Yes,Yes,No,No,Two year,Yes,Electronic check,123.33,8144.23,Yes
CUST-4594,Male,0,No,Yes,67,Yes,No,Fiber optic,No,Yes,Yes,Yes,No,Yes,Month-to-month,Yes,Mailed check,118.8,7964.9,No
CUST-4595,Female,0,Yes,Yes,61,Yes,No,No,No internet service,No internet service,No internet service,No internet service,No internet service,No internet service,Month-to-month,No,Electronic check,33.46,2041.47,No
CUST-4596,Male,0,Yes,No,57,Yes,No,No,No internet service,No internet service,No internet service,No internet service,No internet service,No internet service,One year,Yes,Electronic check,28.88,1643.51,No
CUST-4597,Male,0,Yes,No,46,Yes,No,No,No internet service,No internet service,No internet service,No internet service,No internet service,No internet service,Two year,Yes,Mailed check,29.23,1355.68,No
CUST-4598,Female,0,Yes,No,58,Yes,No,Fiber optic,Yes,Yes,Yes,No,Yes,No,Month-to-month,No,Mailed check,118.61,6872.31,No
CUST-4599,Male,0,No,Yes,5,Yes,Yes,Fiber optic,No,Yes,No,Yes,No,Yes,Month-to-month,Yes,Electronic check,123.48,618.33,No
CUST-4600,Female,1,Yes,No,39,Yes,Yes,DSL,No,No,Yes,No,Yes,No,Two year,No,Electronic check,97.56,3803.27,No
CUST-4601,Female,0,No,Yes,22,Yes,Yes,No,No internet service,No internet service,No internet service,No internet service,No internet service,No internet service,Month-to-month,No,Electronic check,44.44,980.59,Yes
CUST-4602,Female,0,Yes,Yes,51,Yes,No,DSL,Yes,No,No,Yes,Yes,No,Two year,Yes,Credit card (automatic),89.81,4582.45,No
CUST-4603,Female,1,No,Yes,3,Yes,No,Fiber optic,Yes,No,Yes,No,No,Yes,Month-to-month,Yes,Mailed check,106.95,317.16,Yes
CUST-4604,Male,0,No,Yes,36,Yes,Yes,DSL,Yes,No,No,Yes,No,Yes,Two year,Yes,Credit card (automatic),100.96,3630.88,No
CUST-4605,Male,0,No,No,41,Yes,No,DSL,No,Yes,Yes,No,Yes,Yes,Month-to-month,Yes,Electronic check,100.37,4114.91,No
CUST-4606,Male,0,No,No,43,Yes,Yes,DSL,No,No,Yes,No,No,Yes,One year,Yes,Electronic check,93.53,4027.07,Yes
CUST-4607,Female,0,No,No,41,Yes,Yes,DSL,No,Yes,No,No,No,No,Month-to-month,Yes,Bank transfer (automatic),80.0,3277.12,Yes
CUST-4608,Male,0,Yes,Yes,28,Yes,No,DSL,Yes,Yes,Yes,Yes,Yes,No,One year,Yes,Mailed check,100.75,2819.46,No
CUST-4609,Male,1,No,Yes,18,Yes,No,Fiber optic,No,Yes,No,Yes,Yes,No,One year,Yes,Mailed check,109.18,1967.45,No
CUST-4610,Female,0,Yes,No,31,Yes,No,Fiber optic,No,No,Yes,Yes,Yes,Yes,Month-to-month,No,Electronic check,119.88,3723.59,Yes
CUST-4611,Female,0,No,Yes,43,Yes,No,Fiber optic,No,Yes,No,Yes,Yes,Yes,Two year,No,Electronic check,118.2,5083.82,Yes
CUST-4612,Male,1,Yes,No,54,No,No phone service,Fiber optic,No,No,No,Yes,No,Yes,Month-to-month,Yes,Credit card (automatic),90.31,4866.63,Yes
CUST-4613,Female,0,Yes,Yes,4,Yes,No,Fiber optic,No,Yes,Yes,No,No,No,One year,No,Electronic check,97.27,381.9,Yes
CUST-4614,Female,0,Yes,Yes,45,No,No phone service,No,No internet service,No internet service,No internet service,No internet service,No internet service,No internet service,Two year,Yes,Mailed check,20.86,933.64,No
CUST-4615,Female,0,No,Yes,44,Yes,Yes,Fiber optic,No,No,Yes,No,No,Yes,Two year,Yes,Mailed check,116.0,5098.2,No
CUST-4616,Female,1,Yes,No,20,Yes,Yes,DSL,No,No,Yes,Yes,Yes,No,One year,Yes,Electronic check,103.97,2086.33,Yes
CUST-4617,Male,0,No,Yes,21,Yes,Yes,DSL,No,Yes,No,No,Yes,Yes,Two year,Yes,Bank transfer (automatic),105.87,2224.11,No
CUST-4618,Female,0,No,Yes,29,Yes,Yes,Fiber optic,Yes,No,No,No,Yes,No,Month-to-month,Yes,Credit card (automatic),116.27,3376.58,Yes
CUST-4619,Female,0,Yes,No,22,Yes,Yes,No,No internet service,No internet service,No internet service,No internet service,No internet service,No internet service,Month-to-month,No,Electronic check,42.7,938.01,Yes
CUST-4620,Female,0,Yes,Yes,4,Yes,Yes,DSL,Yes,No,No,Yes,Yes,No,Two year,Yes,Electronic check,103.64,413.62,No
CUST-4621,Female,1,No,No,62,Yes,Yes,Fiber optic,No,No,Yes,No,Yes,No,Two year,No,Mailed check,113.29,7021.19,No
CUST-4622,Female,0,No,Yes,58,Yes,No,DSL,No,No,Yes,No,Yes,Yes,One year,No,Mailed check,88.46,5130.09,No
CUST-4623,Female,0,No,Yes,51,Yes,No,Fiber optic,Yes,Yes,Yes,Yes,Yes,Yes,Month-to-month,No,Electronic check,132.49,6755.5,Yes
CUST-4624,Female,1,No,No,64,Yes,No,No,No internet service,No internet service,No internet service,No internet service,No internet service,No internet service,Month-to-month,No,Mailed check,26.16,1676.6,No
CUST-4625,Female,0,No,Yes,38,Yes,No,Fiber optic,Yes,Yes,No,Yes,Yes,Yes,Two year,Yes,Credit card (automatic),129.09,4904.16,No
CUST-4626,Male,0,No,Yes,2,Yes,Yes,Fiber optic,No,Yes,No,Yes,Yes,Yes,Two year,No,Mailed check,137.56,275.8,No
CUST-4627,Female,0,Yes,Yes,41,Yes,No,No,No internet service,No internet service,No internet service,No internet service,No internet service,No internet service,Month-to-month,No,Credit card (automatic),32.5,1334.05,No
CUST-4628,Male,0,No,Yes,70,Yes,No,DSL,No,No,Yes,No,Yes,No,Two year,No,Credit card (automatic),81.32,5692.36,No
CUST-4629,Female,0,No,Yes,26,Yes,No,Fiber optic,No,No,No,No,No,No,Month-to-month,No,Mailed check,79.65,2081.27,Yes
CUST-4630,Female,1,Yes,Yes,27,Yes,No,Fiber optic,No,No,No,Yes,No,Yes,Month-to-month,Yes,Bank transfer (automatic),97.12,2619.51,Yes
CUST-4631,Female,0,Yes,No,53,Yes,No,No,No internet service,No internet service,No internet service,No internet service,No internet service,No internet service,One year,Yes,Electronic check,30.89,1634.71,No
CUST-4632,Female,0,Yes,No,14,Yes,No,No,No internet service,No internet service,No internet service,No internet service,No internet service,No internet service,Month-to-month,No,Electronic check,31.54,436.25,No
CUST-4633,Male,0,No,Yes,52,Yes,No,DSL,No,Yes,No,Yes,No,No,Two year,No,Electronic check,75.75,3939.86,No
CUST-4634,Female,0,Yes,Yes,71,Yes,No,No,No internet service,No internet service,No internet service,No internet service,No internet service,No internet service,Month-to-month,No,Electronic check,32.05,2279.73,No
CUST-4635,Female,0,Yes,Yes,69,Yes,No,DSL,Yes,Yes,No,No,No,No,Month-to-month,No,Bank transfer (automatic),74.45,5137.54,No
CUST-4636,Male,0,No,Yes,3,Yes,No,DSL,Yes,Yes,No,No,Yes,Yes,Month-to-month,Yes,Credit card (automatic),101.76,316.59,Yes
CUST-4637,Male,1,No,Yes,16,Yes,Yes,Fiber optic,No,No,No,No,No,Yes,Two year,No,Credit card (automatic),106.19,1696.89,No
CUST-4638,Female,0,No,Yes,33,Yes,No,Fiber optic,Yes,Yes,Yes,No,No,No,Month-to-month,Yes,Mailed check,105.46,3473.6,Yes
CUST-4639,Male,0,No,Yes,5,Yes,No,Fiber optic,No,No,No,No,No,Yes,One year,No,Electronic check,94.53,471.34,No
CUST-4640,Male,0,Yes,Yes,35,Yes,Yes,Fiber optic,No,No,No,No,Yes,No,Month-to-month,Yes,Electronic check,105.14,3672.05,Yes
CUST-4641,Male,1,No,Yes,38,Yes,No,Fiber optic,No,No,No,No,No,No,Month-to-month,No,Credit card (automatic),79.1,3008.17,Yes
CUST-4642,Female,0,Yes,No,65,Yes,No,No,No internet service,No internet service,No internet service,No internet service,No internet service,No internet service,Month-to-month,No,Credit card (automatic),28.74,1861.09,No
CUST-4643,Female,0,No,No,7,Yes,Yes,No,No internet service,No internet service,No internet service,No internet service,No internet service,No internet service,Month-to-month,Yes,Mailed check,47.26,329.28,No
CUST-4644,Female,0,Yes,Yes,14,Yes,Yes,Fiber optic,Yes,Yes,No,No,No,Yes,Month-to-month,Yes,Electronic check,125.21,1749.0,Yes
CUST-4645,Male,1,No,No,62,Yes,No,DSL,No,No,Yes,No,Yes,Yes,Month-to-month,Yes,Mailed check,91.39,5665.08,Yes
CUST-4646,Female,0,No,Yes,64,No,No phone service,No,No internet service,No internet service,No internet service,No internet service,No internet service,No internet service,Month-to-month,Yes,Credit card (automatic),21.23,1353.84,No
CUST-4647,Male,0,No,No,58,Yes,Yes,Fiber optic,No,No,No,No,No,No,Month-to-month,Yes,Mailed check,94.03,5449.56,Yes
CUST-4648,Female,0,Yes,Yes,9,Yes,Yes,No,No internet service,No internet service,No internet service,No internet service,No internet service,No internet service,Month-to-month,Yes,Credit card (automatic),43.43,391.48,No
CUST-4649,Female,0,Yes,No,6,Yes,No,DSL,Yes,No,Yes,No,No,No,Month-to-month,Yes,Electronic check,77.05,465.23,No
CUST-4650,Male,0,Yes,Yes,11,Yes,Yes,Fiber optic,Yes,Yes,Yes,Yes,No,No,Two year,Yes,Credit card (automatic),128.22,1403.59,Yes
CUST-4651,Female,0,No,Yes,45,Yes,Yes,No,No internet service,No internet service,No internet service,No internet service,No internet service,No internet service,One year,Yes,Mailed check,43.08,1944.65,No
CUST-4652,Male,0,Yes,Yes,31,No,No phone service,Fiber optic,No,No,Yes,No,No,Yes,Month-to-month,No,Mailed check,89.88,2784.73,Yes
CUST-4653,Male,1,No,Yes,31,Yes,No,Fiber optic,Yes,Yes,No,No,No,No,Month-to-month,Yes,Mailed check,95.54,2961.3,Yes
CUST-4654,Female,1,No,Yes,60,Yes,Yes,No,No internet service,No internet service,No internet service,No internet service,No internet service,No internet service,Two year,Yes,Electronic check,41.23,2474.74,No
CUST-4655,Male,0,No,Yes,68,Yes,No,Fiber optic,No,No,No,No,Yes,No,Two year,Yes,Bank transfer (automatic),90.95,6182.34,Yes
CUST-4656,Female,0,Yes,No,60,Yes,Yes,Fiber optic,No,No,No,Yes,Yes,Yes,One year,Yes,Electronic check,127.3,7644.77,No
CUST-4657,Female,0,No,Yes,45,No,No phone service,DSL,Yes,Yes,Yes,No,No,Yes,Two year,No,Mailed check,84.56,3804.09,No
CUST-4658,Male,0,Yes,Yes,67,Yes,Yes,Fiber optic,No,Yes,Yes,Yes,Yes,Yes,One year,Yes,Mailed check,141.32,9462.13,Yes
CUST-4659,Female,0,No,Yes,54,Yes,No,DSL,Yes,No,No,Yes,Yes,No,Month-to-month,No,Electronic check,87.98,4759.85,Yes
CUST-4660,Male,0,No,No,0,Yes,Yes,DSL,No,No,No,Yes,No,Yes,Month-to-month,No,Electronic check,95.01, ,Yes
CUST-4661,Female,0,No,No,66,Yes,Yes,Fiber optic,Yes,Yes,Yes,No,Yes,No,Month-to-month,Yes,Electronic check,131.37,8680.15,Yes
CUST-4662,Female,0,Yes,No,48,Yes,Yes,DSL,Yes,No,Yes,No,No,No,Month-to-month,Yes,Bank transfer (automatic),91.0,4363.92,Yes
CUST-4663,Female,0,Yes,Yes,24,Yes,No,No,No internet service,No internet service,No internet service,No internet service,No internet service,No internet service,Two year,No,Electronic check,31.48,759.19,No
CUST-4664,Female,0,No,Yes,15,Yes,No,Fiber optic,No,Yes,Yes,Yes,Yes,Yes,One year,No,Mailed check,129.48,1952.06,No
CUST-4665,Female,0,Yes,Yes,12,Yes,Yes,Fiber optic,No,Yes,No,No,No,Yes,Two year,Yes,Electronic check,116.68,1401.49,No
CUST-4666,Male,0,Yes,Yes,51,Yes,No,DSL,No,No,No,No,Yes,Yes,Month-to-month,Yes,Electronic check,86.24,4400.07,Yes
CUST-4667,Male,1,No,Yes,35,Yes,No,DSL,No,Yes,No,No,Yes,No,Two year,No,Electronic check,81.97,2874.65,No
CUST-4668,Male,0,No,Yes,71,Yes,Yes,DSL,No,No,No,Yes,No,No,Two year,No,Mailed check,81.6,5800.24,No
CUST-4669,Male,0,Yes,Yes,43,Yes,No,DSL,Yes,Yes,No,Yes,Yes,Yes,Two year,Yes,Electronic check,105.55,4542.06,No
CUST-4670,Male,0,No,Yes,46,Yes,No,No,No internet service,No internet service,No internet service,No internet service,No internet service,No internet service,One year,No,Mailed check,31.32,1433.93,No
CUST-4671,Male,0,No,Yes,19,Yes,No,No,No internet service,No internet service,No internet service,No internet service,No internet service,No internet service,Month-to-month,No,Credit card (automatic),32.7,615.61,Yes
CUST-4672,Female,1,Yes,No,17,Yes,No,No,No internet service,No internet service,No internet service,No internet service,No internet service,No internet service,Month-to-month,Yes,Credit card (automatic),28.65,485.74,No
CUST-4673,Female,0,Yes,Yes,53,Yes,No,Fiber optic,Yes,No,Yes,Yes,Yes,No,Month-to-month,No,Credit card (automatic),117.61,6240.3,Yes
CUST-4674,Male,0,No,No,11,Yes,No,Fiber optic,Yes,Yes,No,Yes,Yes,No,One year,Yes,Electronic check,119.48,1308.26,No
CUST-4675,Male,0,Yes,Yes,24,Yes,No,Fiber optic,No,Yes,No,Yes,No,No,Two year,No,Mailed check,95.73,2296.67,No
CUST-4676,Female,0,Yes,Yes,59,Yes,Yes,DSL,Yes,Yes,No,Yes,No,Yes,Month-to-month,Yes,Electronic check,108.35,6397.8,Yes
CUST-4677,Female,1,No,Yes,33,Yes,No,Fiber optic,No,No,No,No,No,Yes,One year,Yes,Electronic check,94.81,3124.69,No
CUST-4678,Female,0,No,No,12,Yes,Yes,DSL,No,Yes,Yes,No,No,No,One year,No,Electronic check,92.26,1104.62,No
CUST-4679,Male,0,No,Yes,37,Yes,No,Fiber optic,Yes,Yes,Yes,No,No,No,Two year,Yes,Electronic check,104.41,3855.28,Yes
CUST-4680,Male,0,No,No,11,Yes,Yes,DSL,Yes,No,No,Yes,No,Yes,One year,Yes,Credit card (automatic),104.51,1146.06,No
CUST-4681,Male,0,Yes,Yes,35,Yes,Yes,Fiber optic,No,No,No,Yes,No,No,One year,Yes,Bank transfer (automatic),102.51,3583.24,No
CUST-4682,Female,0,Yes,Yes,27,Yes,Yes,DSL,No,Yes,Yes,Yes,Yes,No,Two year,No,Mailed check,114.12,3080.63,No
CUST-4683,Female,0,No,No,38,Yes,Yes,DSL,Yes,Yes,No,Yes,Yes,No,Two year,No,Electronic check,110.87,4207.73,No
CUST-4684,Male,0,No,Yes,42,Yes,No,Fiber optic,No,Yes,Yes,No,Yes,Yes,One year,No,Mailed check,116.26,4888.42,No
CUST-4685,Male,0,No,No,30,No,No phone service,DSL,Yes,Yes,Yes,No,Yes,Yes,Two year,Yes,Electronic check,97.22,2911.28,No
CUST-4686,Female,1,No,Yes,1,Yes,No,DSL,Yes,Yes,Yes,No,Yes,Yes,Two year,Yes,Credit card (automatic),104.18,104.18,No
CUST-4687,Female,0,Yes,Yes,41,Yes,Yes,Fiber optic,Yes,Yes,Yes,No,No,Yes,Month-to-month,Yes,Electronic check,131.13,5372.64,No
CUST-4688,Female,0,Yes,No,30,Yes,Yes,Fiber optic,Yes,Yes,Yes,No,Yes,No,One year,Yes,Electronic check,135.35,4058.23,Yes
CUST-4689,Female,0,No,No,60,Yes,No,No,No internet service,No internet service,No internet service,No internet service,No internet service,No internet service,Two year,No,Mailed check,27.66,1673.43,No
CUST-4690,Male,0,No,Yes,55,Yes,Yes,Fiber optic,No,No,Yes,Yes,Yes,No,Month-to-month,Yes,Bank transfer (automatic),121.99,6705.36,No
CUST-4691,Female,0,Yes,No,13,No,No phone service,No,No internet service,No internet service,No internet service,No internet service,No internet service,No internet service,Two year,Yes,Credit card (automatic),18.0,236.82,Yes
CUST-4692,Female,0,Yes,Yes,13,Yes,No,DSL,No,No,No,No,No,Yes,Month-to-month,Yes,Bank transfer (automatic),71.79,927.76,Yes
CUST-4693,Female,0,Yes,No,28,Yes,Yes,Fiber optic,Yes,No,No,No,Yes,Yes,Month-to-month,No,Electronic check,127.44,3574.31,Yes
CUST-4694,Male,0,Yes,Yes,49,Yes,No,Fiber optic,Yes,No,No,No,No,No,One year,No,Mailed check,84.08,4120.84,Yes
CUST-4695,Male,0,No,Yes,49,Yes,Yes,DSL,No,No,Yes,No,Yes,No,Month-to-month,No,Electronic check,96.4,4724.99,Yes
CUST-4696,Female,0,Yes,Yes,62,Yes,No,DSL,Yes,No,No,No,Yes,Yes,Month-to-month,No,Electronic check,91.54,5678.39,Yes
CUST-4697,Female,0,Yes,Yes,72,Yes,Yes,Fiber optic,No,Yes,Yes,No,No,Yes,Two year,Yes,Mailed check,122.62,8835.22,Yes
CUST-4698,Female,0,Yes,Yes,64,Yes,Yes,Fiber optic,Yes,No,Yes,No,Yes,Yes,Month-to-month,No,Bank transfer (automatic),132.88,8512.45,No
CUST-4699,Male,1,No,Yes,67,Yes,No,DSL,No,Yes,Yes,No,No,Yes,Month-to-month,Yes,Mailed check,88.17,5914.37,No
CUST-4700,Male,1,No,Yes,70,Yes,Yes,DSL,No,No,No,No,No,No,Month-to-month,Yes,Credit card (automatic),78.22,5470.3,Yes
CUST-4701,Male,0,Yes,No,10,Yes,Yes,Fiber optic,No,No,No,No,Yes,Yes,Two year,No,Bank transfer (automatic),120.62,1210.68,Yes
CUST-4702,Female,0,Yes,Yes,13,Yes,No,DSL,No,Yes,No,No,No,No,Month-to-month,Yes,Bank transfer (automatic),69.72,905.7,Yes
CUST-4703,Male,0,No,Yes,2,Yes,No,No,No internet service,No internet service,No internet service,No internet service,No internet service,No internet service,Month-to-month,No,Mailed check,27.39,61.47,Yes
CUST-4704,Female,0,No,Yes,7,Yes,No,No,No internet service,No internet service,No internet service,No internet service,No internet service,No internet service,Month-to-month,No,Electronic check,34.8,233.28,Yes
CUST-4705,Female,1,Yes,No,42,No,No phone service,No,No internet service,No internet service,No internet service,No internet service,No internet service,No internet service,Month-to-month,No,Credit card (automatic),19.02,799.99,Yes
CUST-4706,Female,0,No,Yes,8,Yes,No,DSL,No,No,Yes,Yes,Yes,No,Two year,Yes,Bank transfer (automatic),89.23,707.19,No
CUST-4707,Male,0,Yes,Yes,18,Yes,Yes,DSL,No,No,No,Yes,No,No,Two year,Yes,Electronic check,83.29,1502.19,Yes
CUST-4708,Female,0,No,Yes,11,No,No phone service,No,No internet service,No internet service,No internet service,No internet service,No internet service,No internet service,One year,No,Electronic check,20.31,220.41,No
CUST-4709,Male,0,Yes,Yes,26,Yes,No,Fiber optic,No,No,Yes,No,Yes,Yes,Two year,No,Bank transfer (automatic),113.78,2952.89,No
CUST-4710,Male,0,Yes,Yes,57,Yes,No,Fiber optic,No,No,Yes,No,No,Yes,One year,Yes,Mailed check,102.15,5813.09,No
CUST-4711,Female,0,No,Yes,24,Yes,No,DSL,No,Yes,Yes,No,No,No,Month-to-month,No,Electronic check,72.84,1744.69,No
CUST-4712,Female,0,Yes,Yes,44,Yes,Yes,DSL,No,No,No,No,Yes,No,Month-to-month,Yes,Electronic check,84.16,3704.22,Yes
CUST-4713,Male,0,No,Yes,47,Yes,Yes,Fiber optic,No,No,Yes,Yes,Yes,No,Month-to-month,Yes,Mailed check,122.75,5771.49,Yes
CUST-4714,Female,0,No,Yes,49,Yes,Yes,No,No internet service,No internet service,No internet service,No internet service,No internet service,No internet service,One year,Yes,Bank transfer (automatic),46.01,2253.53,Yes
CUST-4715,Male,0,No,Yes,43,Yes,No,No,No internet service,No internet service,No internet service,No internet service,No internet service,No internet service,Two year,No,Electronic check,30.11,1292.82,No
CUST-4716,Female,0,Yes,Yes,58,Yes,No,Fiber optic,No,Yes,Yes,Yes,Yes,Yes,Month-to-month,Yes,Bank transfer (automatic),126.14,7318.7,Yes
CUST-4717,Male,0,Yes,No,32,Yes,No,DSL,No,No,Yes,No,Yes,No,Two year,Yes,Electronic check,81.63,2625.35,Yes
CUST-4718,Male,0,Yes,No,27,Yes,Yes,Fiber optic,No,No,No,No,No,Yes,Two year,No,Bank transfer (automatic),110.09,2974.46,Yes
CUST-4719,Male,1,No,Yes,17,Yes,No,DSL,No,No,No,Yes,Yes,No,Two year,Yes,Credit card (automatic),79.74,1350.51,No
CUST-4720,Male,1,Yes,Yes,54,Yes,No,DSL,No,Yes,No,No,Yes,Yes,Month-to-month,No,Mailed check,93.01,5015.94,No
CUST-4721,Female,1,Yes,Yes,32,Yes,Yes,DSL,Yes,No,No,Yes,No,Yes,Two year,Yes,Bank transfer (automatic),99.85,3193.97,No
CUST-4722,Female,0,Yes,Yes,14,Yes,No,Fiber optic,Yes,No,No,No,No,Yes,Month-to-month,No,Electronic check,99.28,1393.4,No
CUST-4723,Male,0,Yes,Yes,60,Yes,Yes,DSL,No,Yes,No,No,No,Yes,Month-to-month,No,Credit card (automatic),96.33,5775.83,No
CUST-4724,Male,0,No,Yes,10,Yes,Yes,No,No internet service,No internet service,No internet service,No internet service,No internet service,No internet service,Month-to-month,No,Mailed check,45.23,447.97,No
CUST-4725,Female,1,Yes,No,35,Yes,No,No,No internet service,No internet service,No internet service,No internet service,No internet service,No internet service,Month-to-month,Yes,Mailed check,28.4,989.05,Yes
CUST-4726,Female,1,No,No,14,No,No phone service,DSL,No,Yes,Yes,No,No,No,Month-to-month,No,Electronic check,65.36,910.01,No
CUST-4727,Female,1,No,Yes,52,Yes,Yes,Fiber optic,No,No,No,No,Yes,Yes,One year,No,Electronic check,120.72,6280.79,No
CUST-4728,Female,0,No,Yes,61,Yes,No,No,No internet service,No internet service,No internet service,No internet service,No internet service,No internet service,Two year,Yes,Electronic check,29.4,1790.99,No
CUST-4729,Female,1,No,No,47,Yes,Yes,No,No internet service,No internet service,No internet service,No internet service,No internet service,No internet service,Month-to-month,No,Mailed check,43.91,2067.04,No
CUST-4730,Female,0,Yes,No,14,Yes,No,No,No internet service,No internet service,No internet service,No internet service,No internet service,No internet service,Month-to-month,Yes,Electronic check,30.81,429.24,Yes
CUST-4731,Male,0,Yes,No,62,Yes,Yes,DSL,No,Yes,No,No,Yes,No,Month-to-month,No,Mailed check,94.87,5874.34,No
CUST-4732,Female,0,Yes,Yes,42,Yes,Yes,DSL,Yes,No,Yes,No,No,Yes,Month-to-month,No,Mailed check,105.04,4422.97,Yes
CUST-4733,Female,0,No,Yes,49,Yes,No,DSL,Yes,No,No,No,No,No,Two year,Yes,Mailed check,66.94,3277.73,No
CUST-4734,Male,0,Yes,Yes,59,Yes,Yes,Fiber optic,Yes,Yes,No,No,No,No,Month-to-month,Yes,Mailed check,111.82,6601.6,Yes
CUST-4735,Female,0,No,Yes,58,Yes,Yes,Fiber optic,No,No,No,No,Yes,Yes,Two year,Yes,Electronic check,116.5,6756.27,Yes
CUST-4736,Female,0,Yes,Yes,14,Yes,Yes,No,No internet service,No internet service,No internet service,No internet service,No internet service,No internet service,Two year,Yes,Mailed check,45.28,641.83,No
CUST-4737,Female,0,Yes,Yes,28,Yes,Yes,DSL,No,No,No,No,No,No,Month-to-month,No,Credit card (automatic),77.83,2184.76,No
CUST-4738,Female,1,Yes,No,39,Yes,Yes,No,No internet service,No internet service,No internet service,No internet service,No internet service,No internet service,Month-to-month,No,Electronic check,40.64,1594.38,Yes
CUST-4739,Female,0,No,No,30,No,No phone service,DSL,Yes,Yes,Yes,No,Yes,Yes,Month-to-month,Yes,Electronic check,98.88,2967.07,Yes
CUST-4740,Male,0,Yes,Yes,72,Yes,No,Fiber optic,No,Yes,Yes,No,Yes,No,Month-to-month,Yes,Credit card (automatic),107.29,7721.58,No
CUST-4741,Female,0,No,No,10,Yes,Yes,Fiber optic,Yes,No,Yes,Yes,No,Yes,Month-to-month,No,Electronic check,130.91,1306.39,Yes
CUST-4742,Male,1,No,Yes,61,Yes,Yes,DSL,No,No,No,No,No,No,Two year,Yes,Electronic check,74.3,4536.49,No
CUST-4743,Male,0,No,No,7,Yes,Yes,No,No internet service,No internet service,No internet service,No internet service,No internet service,No internet service,Month-to-month,Yes,Electronic check,45.07,308.94,Yes
CUST-4744,Female,0,Yes,Yes,50,Yes,Yes,Fiber optic,No,Yes,No,Yes,Yes,No,Month-to-month,No,Electronic check,124.01,6198.34,No
CUST-4745,Male,0,Yes,Yes,56,Yes,No,No,No internet service,No internet service,No internet service,No internet service,No internet service,No internet service,Month-to-month,No,Bank transfer (automatic),27.29,1524.92,No
CUST-4746,Female,0,No,Yes,3,No,No phone service,No,No internet service,No internet service,No internet service,No internet service,No internet service,No internet service,Month-to-month,No,Electronic check,21.11,58.33,Yes
CUST-4747,Male,0,No,Yes,35,Yes,No,No,No internet service,No internet service,No internet service,No internet service,No internet service,No internet service,Two year,Yes,Bank transfer (automatic),33.21,1161.75,No
CUST-4748,Male,1,No,Yes,18,Yes,No,Fiber optic,Yes,Yes,No,No,Yes,No,Two year,Yes,Electronic check,107.52,1943.56,No
CUST-4749,Female,0,No,Yes,23,Yes,Yes,Fiber optic,Yes,Yes,No,No,No,No,Month-to-month,Yes,Bank transfer (automatic),109.84,2528.36,Yes
CUST-4750,Female,0,No,No,40,No,No phone service,DSL,No,Yes,No,No,Yes,Yes,Two year,No,Credit card (automatic),81.6,3264.9,No
CUST-4751,Female,1,Yes,Yes,48,Yes,No,Fiber optic,No,Yes,No,Yes,No,No,Month-to-month,No,Mailed check,96.51,4628.61,No
CUST-4752,Female,1,Yes,Yes,45,Yes,Yes,No,No internet service,No internet service,No internet service,No internet service,No internet service,No internet service,Month-to-month,Yes,Electronic check,43.49,1964.07,Yes
CUST-4753,Female,0,Yes,Yes,35,Yes,No,DSL,No,Yes,No,No,Yes,No,Month-to-month,No,Mailed check,81.16,2831.59,No
CUST-4754,Male,1,No,Yes,9,Yes,No,No,No internet service,No internet service,No internet service,No internet service,No internet service,No internet service,Month-to-month,No,Mailed check,33.92,305.72,Yes
CUST-4755,Male,0,No,Yes,6,No,No phone service,No,No internet service,No internet service,No internet service,No internet service,No internet service,No internet service,One year,Yes,Electronic check,23.35,141.06,No
CUST-4756,Male,0,Yes,No,11,Yes,No,No,No internet service,No internet service,No internet service,No internet service,No internet service,No internet service,Month-to-month,No,Credit card (automatic),31.93,348.71,Yes
CUST-4757,Male,0,Yes,Yes,47,Yes,No,Fiber optic,No,No,No,Yes,No,No,Month-to-month,Yes,Mailed check,89.89,4229.34,Yes
CUST-4758,Male,0,No,Yes,36,Yes,No,Fiber optic,No,Yes,Yes,No,Yes,No,Month-to-month,No,Bank transfer (automatic),110.35,3974.65,No
CUST-4759,Male,0,No,No,35,Yes,Yes,DSL,Yes,Yes,Yes,No,Yes,No,One year,Yes,Electronic check,111.05,3885.66,Yes
CUST-4760,Male,0,No,Yes,59,Yes,No,No,No internet service,No internet service,No internet service,No internet service,No internet service,No internet service,Month-to-month,No,Mailed check,27.16,1603.26,No
CUST-4761,Female,0,Yes,Yes,7,Yes,No,DSL,No,Yes,No,No,No,No,One year,Yes,Credit card (automatic),69.98,488.19,Yes
CUST-4762,Female,0,No,No,6,Yes,Yes,DSL,Yes,No,No,Yes,Yes,Yes,Month-to-month,No,Mailed check,112.03,679.05,No
CUST-4763,Male,0,No,Yes,42,Yes,No,DSL,Yes,No,No,Yes,Yes,No,Month-to-month,No,Mailed check,86.89,3651.42,No
CUST-4764,Male,0,No,Yes,57,Yes,Yes,Fiber optic,Yes,No,Yes,Yes,No,No,Two year,No,Electronic check,120.06,6846.69,No
CUST-4765,Female,0,Yes,No,45,Yes,Yes,Fiber optic,Yes,No,Yes,No,Yes,No,Month-to-month,Yes,Credit card (automatic),121.3,5454.22,Yes
CUST-4766,Female,0,No,Yes,33,Yes,No,Fiber optic,No,No,No,No,No,Yes,Two year,Yes,Mailed check,95.88,3163.34,Yes
CUST-4767,Female,0,Yes,Yes,71,Yes,No,No,No internet service,No internet service,No internet service,No internet service,No internet service,No internet service,Month-to-month,Yes,Credit card (automatic),29.16,2064.85,No
CUST-4768,Female,0,No,No,21,Yes,No,DSL,No,Yes,No,Yes,Yes,No,Month-to-month,Yes,Electronic check,85.5,1799.68,Yes
CUST-4769,Male,0,No,Yes,20,Yes,No,No,No internet service,No internet service,No internet service,No internet service,No internet service,No internet service,Month-to-month,Yes,Credit card (automatic),30.59,607.11,No
CUST-4770,Female,0,Yes,Yes,14,Yes,No,Fiber optic,No,No,Yes,No,No,Yes,One year,Yes,Mailed check,98.51,1381.81,Yes
CUST-4771,Male,0,No,No,4,Yes,No,DSL,Yes,Yes,No,No,Yes,Yes,Two year,Yes,Electronic check,99.17,400.22,No
CUST-4772,Male,1,Yes,No,16,Yes,No,No,No internet service,No internet service,No internet service,No internet service,No internet service,No internet service,Two year,No,Mailed check,31.06,496.1,No
CUST-4773,Male,0,No,Yes,71,No,No phone service,DSL,No,No,Yes,No,No,Yes,Two year,Yes,Bank transfer (automatic),71.57,5077.02,No
CUST-4774,Female,0,Yes,Yes,18,Yes,Yes,Fiber optic,Yes,No,No,No,No,No,Month-to-month,No,Credit card (automatic),104.12,1872.82,No
CUST-4775,Female,0,No,No,4,Yes,No,Fiber optic,No,No,No,No,Yes,Yes,One year,No,Electronic check,103.81,411.5,No
CUST-4776,Male,1,Yes,No,22,Yes,Yes,Fiber optic,Yes,Yes,Yes,Yes,Yes,Yes,One year,Yes,Mailed check,148.26,3251.0,No
CUST-4777,Male,0,Yes,Yes,13,Yes,Yes,DSL,Yes,No,Yes,No,Yes,Yes,Month-to-month,Yes,Mailed check,116.04,1517.57,No
CUST-4778,Male,0,No,Yes,9,Yes,No,Fiber optic,No,Yes,No,No,No,No,Month-to-month,Yes,Electronic check,88.19,791.91,Yes
CUST-4779,Female,0,Yes,Yes,30,Yes,No,No,No internet service,No internet service,No internet service,No internet service,No internet service,No internet service,Month-to-month,Yes,Mailed check,30.24,906.66,Yes
CUST-4780,Male,0,No,No,12,Yes,No,Fiber optic,Yes,No,No,No,No,No,One year,Yes,Electronic check,86.72,1035.36,No
CUST-4781,Female,0,Yes,No,21,Yes,Yes,No,No internet service,No internet service,No internet service,No internet service,No internet service,No internet service,Month-to-month,Yes,Electronic check,45.47,953.05,Yes
CUST-4782,Male,0,No,No,36,Yes,No,Fiber optic,No,No,Yes,Yes,No,Yes,Two year,Yes,Mailed check,106.83,3837.81,No
CUST-4783,Male,0,No,No,38,No,No phone service,DSL,Yes,No,Yes,Yes,Yes,Yes,One year,No,Electronic check,98.5,3740.38,No
CUST-4784,Male,0,No,Yes,9,Yes,Yes,DSL,No,Yes,No,No,No,No,Month-to-month,No,Mailed check,79.44,711.73,Yes
CUST-4785,Female,0,No,Yes,30,Yes,Yes,Fiber optic,No,No,No,No,Yes,Yes,Month-to-month,Yes,Electronic check,122.15,3655.39,Yes
CUST-4786,Female,0,Yes,No,42,Yes,Yes,No,No internet service,No internet service,No internet service,No internet service,No internet service,No internet service,Month-to-month,No,Mailed check,45.42,1910.06,No
CUST-4787,Male,0,No,No,35,Yes,No,DSL,No,No,No,No,No,Yes,Two year,Yes,Credit card (automatic),71.2,2493.89,No
CUST-4788,Female,0,No,Yes,34,Yes,Yes,DSL,Yes,No,No,Yes,Yes,No,Month-to-month,No,Bank transfer (automatic),102.3,3472.81,Yes
CUST-4789,Male,1,No,Yes,67,No,No phone service,DSL,No,Yes,No,No,No,Yes,Two year,Yes,Credit card (automatic),72.58,4864.71,No
CUST-4790,Female,0,No,No,54,Yes,No,Fiber optic,No,Yes,No,No,No,Yes,One year,No,Mailed check,97.99,5293.4,No
CUST-4791,Female,0,No,Yes,67,Yes,No,Fiber optic,No,Yes,No,Yes,Yes,No,One year,Yes,Bank transfer (automatic),106.85,7154.24,Yes
CUST-4792,Female,0,Yes,Yes,46,Yes,No,Fiber optic,No,No,No,Yes,No,No,Two year,Yes,Mailed check,85.66,3944.91,No
CUST-4793,Male,0,No,Yes,5,Yes,Yes,Fiber optic,No,No,No,No,No,Yes,Month-to-month,No,Mailed check,107.27,531.76,Yes
CUST-4794,Female,0,Yes,Yes,27,Yes,Yes,Fiber optic,No,No,No,No,No,Yes,One year,Yes,Mailed check,108.14,2933.16,Yes
CUST-4795,Female,0,Yes,Yes,29,Yes,No,No,No internet service,No internet service,No internet service,No internet service,No internet service,No internet service,Two year,No,Electronic check,30.45,891.8,No
CUST-4796,Male,1,No,No,26,No,No phone service,DSL,No,Yes,Yes,Yes,Yes,Yes,Two year,Yes,Credit card (automatic),98.96,2571.35,No
CUST-4797,Male,0,No,Yes,68,Yes,No,DSL,No,No,No,No,No,No,One year,No,Bank transfer (automatic),62.13,4227.15,No
CUST-4798,Male,0,Yes,Yes,38,Yes,No,Fiber optic,No,No,Yes,No,Yes,Yes,Two year,Yes,Bank transfer (automatic),111.73,4245.77,No
CUST-4799,Male,0,Yes,Yes,34,Yes,Yes,No,No internet service,No internet service,No internet service,No internet service,No internet service,No internet service,Two year,Yes,Mailed check,43.24,1469.31,No
CUST-4800,Female,0,Yes,No,43,Yes,No,Fiber optic,No,No,No,Yes,Yes,No,Two year,No,Bank transfer (automatic),98.16,4218.01,Yes
CUST-4801,Female,0,No,No,14,Yes,No,No,No internet service,No internet service,No internet service,No internet service,No internet service,No internet service,Two year,Yes,Mailed check,28.42,397.39,No
CUST-4802,Female,0,Yes,No,31,Yes,Yes,DSL,No,Yes,No,Yes,Yes,Yes,Month-to-month,No,Electronic check,117.33,3637.24,No
CUST-4803,Female,0,Yes,No,28,Yes,Yes,DSL,No,No,No,Yes,No,No,One year,No,Electronic check,84.48,2362.28,No
CUST-4804,Female,1,No,Yes,62,Yes,No,Fiber optic,Yes,Yes,No,No,No,Yes,Month-to-month,Yes,Mailed check,103.03,6386.19,Yes
CUST-4805,Male,0,Yes,Yes,5,Yes,Yes,Fiber optic,No,No,No,No,No,No,Month-to-month,Yes,Mailed check,95.51,474.93,Yes
CUST-4806,Female,1,No,Yes,26,Yes,No,Fiber optic,No,Yes,No,No,No,Yes,Two year,No,Mailed check,100.99,2634.56,Yes
CUST-4807,Female,0,Yes,Yes,27,Yes,No,Fiber optic,Yes,No,Yes,No,Yes,No,Two year,No,Mailed check,106.57,2884.24,No
CUST-4808,Female,0,No,No,4,Yes,No,DSL,No,No,Yes,Yes,No,Yes,Month-to-month,Yes,Bank transfer (automatic),87.18,356.92,No
CUST-4809,Male,0,Yes,Yes,40,Yes,Yes,Fiber optic,No,Yes,Yes,No,No,Yes,One year,No,Credit card (automatic),121.04,4839.98,Yes
CUST-4810,Male,0,No,No,55,Yes,Yes,DSL,No,Yes,Yes,No,Yes,No,One year,No,Electronic check,100.52,5528.1,No
CUST-4811,Female,1,No,Yes,53,Yes,No,Fiber optic,No,No,No,Yes,Yes,No,Month-to-month,Yes,Bank transfer (automatic),98.96,5244.17,Yes
CUST-4812,Male,0,Yes,Yes,17,Yes,Yes,Fiber optic,Yes,No,No,Yes,No,Yes,Month-to-month,Yes,Credit card (automatic),126.22,2137.03,Yes
CUST-4813,Male,0,No,Yes,42,No,No phone service,No,No internet service,No internet service,No internet service,No internet service,No internet service,No internet service,Month-to-month,No,Electronic check,18.64,773.94,Yes
CUST-4814,Male,0,Yes,Yes,28,Yes,Yes,Fiber optic,No,No,No,Yes,No,Yes,Two year,No,Bank transfer (automatic),114.52,3201.34,No
CUST-4815,Male,0,No,Yes,9,No,No phone service,Fiber optic,No,No,No,Yes,Yes,Yes,Month-to-month,Yes,Credit card (automatic),100.2,900.22,Yes
CUST-4816,Male,1,No,Yes,5,No,No phone service,Fiber optic,No,No,Yes,No,Yes,Yes,Month-to-month,Yes,Bank transfer (automatic),98.1,487.73,Yes
CUST-4817,Male,0,No,Yes,3,Yes,Yes,No,No internet service,No internet service,No internet service,No internet service,No internet service,No internet service,One year,Yes,Electronic check,44.64,140.2,Yes
CUST-4818,Male,0,No,Yes,33,Yes,Yes,No,No internet service,No internet service,No internet service,No internet service,No internet service,No internet service,Month-to-month,Yes,Electronic check,46.87,1548.25,Yes
CUST-4819,Female,0,No,Yes,32,Yes,Yes,No,No internet service,No internet service,No internet service,No internet service,No internet service,No internet service,Month-to-month,Yes,Electronic check,45.81,1469.53,Yes
CUST-4820,Female,1,No,Yes,3,Yes,No,Fiber optic,No,No,Yes,Yes,Yes,Yes,Month-to-month,Yes,Credit card (automatic),118.95,362.18,Yes
CUST-4821,Male,0,No,Yes,43,Yes,No,Fiber optic,Yes,No,Yes,No,No,No,Two year,Yes,Credit card (automatic),97.05,4177.83,No
CUST-4822,Female,0,Yes,Yes,30,Yes,Yes,Fiber optic,Yes,Yes,No,Yes,Yes,No,Month-to-month,Yes,Mailed check,130.19,3908.86,No
CUST-4823,Female,0,Yes,Yes,65,Yes,Yes,No,No internet service,No internet service,No internet service,No internet service,No internet service,No internet service,Month-to-month,Yes,Credit card (automatic),42.33,2755.54,No
CUST-4824,Male,0,No,Yes,57,Yes,No,DSL,No,Yes,No,Yes,No,No,One year,No,Electronic check,71.69,4082.95,No
CUST-4825,Female,0,No,Yes,59,Yes,Yes,DSL,Yes,No,Yes,No,Yes,No,Two year,No,Electronic check,102.55,6052.23,No
CUST-4826,Male,0,No,Yes,1,No,No phone service,Fiber optic,Yes,Yes,Yes,No,No,No,Month-to-month,Yes,Mailed check,98.62,107.69,No
CUST-4827,Male,0,Yes,Yes,35,Yes,Yes,DSL,Yes,No,No,No,Yes,Yes,Month-to-month,Yes,Credit card (automatic),104.62,3670.66,Yes
CUST-4828,Male,0,No,Yes,69,Yes,No,No,No internet service,No internet service,No internet service,No internet service,No internet service,No internet service,Month-to-month,No,Mailed check,28.49,1968.15,No
CUST-4829,Female,0,Yes,Yes,59,Yes,Yes,No,No internet service,No internet service,No internet service,No internet service,No internet service,No internet service,Two year,No,Credit card (automatic),46.82,2763.4,No
CUST-4830,Female,0,No,No,22,Yes,No,Fiber optic,Yes,Yes,Yes,No,Yes,No,Month-to-month,No,Mailed check,113.91,2503.83,No
CUST-4831,Female,0,No,Yes,46,Yes,Yes,Fiber optic,Yes,No,No,Yes,Yes,No,Month-to-month,No,Mailed check,123.3,5665.92,Yes
CUST-4832,Female,1,No,Yes,45,Yes,Yes,Fiber optic,No,No,Yes,Yes,No,No,Two year,Yes,Credit card (automatic),109.09,4905.69,Yes
CUST-4833,Male,1,No,No,43,Yes,Yes,Fiber optic,Yes,Yes,Yes,No,Yes,Yes,One year,No,Electronic check,139.96,6027.86,Yes
CUST-4834,Male,0,No,Yes,18,Yes,Yes,DSL,No,No,Yes,No,Yes,Yes,Month-to-month,No,Electronic check,104.5,1876.47,Yes
CUST-4835,Female,0,Yes,No,48,Yes,No,No,No internet service,No internet service,No internet service,No internet service,No internet service,No internet service,Two year,Yes,Mailed check,30.05,1437.33,No
CUST-4836,Male,0,No,Yes,57,Yes,No,DSL,Yes,No,No,Yes,No,Yes,Month-to-month,No,Electronic check,91.67,5215.05,No
CUST-4837,Male,0,Yes,Yes,6,Yes,Yes,No,No internet service,No internet service,No internet service,No internet service,No internet service,No internet service,Month-to-month,Yes,Mailed check,44.66,263.81,Yes
CUST-4838,Female,0,Yes,No,40,Yes,Yes,No,No internet service,No internet service,No internet service,No internet service,No internet service,No internet service,Month-to-month,Yes,Mailed check,46.81,1880.84,Yes
CUST-4839,Male,0,No,Yes,14,Yes,Yes,No,No internet service,No internet service,No internet service,No internet service,No internet service,No internet service,Two year,Yes,Mailed check,43.31,609.55,No
CUST-4840,Female,0,No,Yes,52,Yes,No,Fiber optic,Yes,No,No,No,Yes,Yes,Month-to-month,Yes,Bank transfer (automatic),111.97,5828.61,Yes
CUST-4841,Male,1,No,Yes,22,Yes,Yes,Fiber optic,Yes,No,No,No,No,No,Month-to-month,No,Electronic check,100.33,2212.6,Yes
CUST-4842,Female,0,Yes,Yes,72,Yes,No,No,No internet service,No internet service,No internet service,No internet service,No internet service,No internet service,Month-to-month,No,Credit card (automatic),29.51,2132.39,No
CUST-4843,Male,0,Yes,Yes,64,Yes,No,No,No internet service,No internet service,No internet service,No internet service,No internet service,No internet service,Two year,Yes,Mailed check,28.97,1855.87,No
CUST-4844,Male,0,Yes,Yes,59,Yes,No,No,No internet service,No internet service,No internet service,No internet service,No internet service,No internet service,Two year,No,Credit card (automatic),32.36,1905.55,No
CUST-4845,Female,0,No,No,9,Yes,Yes,No,No internet service,No internet service,No internet service,No internet service,No internet service,No internet service,One year,Yes,Electronic check,44.46,407.67,No
CUST-4846,Female,0,Yes,No,57,Yes,No,Fiber optic,No,No,Yes,Yes,No,No,Two year,No,Electronic check,95.86,5473.37,No
CUST-4847,Female,0,Yes,Yes,46,No,No phone service,DSL,Yes,Yes,Yes,No,No,Yes,Month-to-month,No,Credit card (automatic),88.38,4066.25,Yes
CUST-4848,Female,0,Yes,No,14,Yes,Yes,DSL,Yes,Yes,Yes,No,No,No,Month-to-month,Yes,Electronic check,100.34,1404.92,Yes
CUST-4849,Male,0,No,Yes,8,Yes,Yes,Fiber optic,No,Yes,Yes,No,No,No,Two year,Yes,Electronic check,112.42,894.67,Yes
CUST-4850,Male,1,Yes,Yes,12,Yes,No,Fiber optic,No,Yes,No,No,No,Yes,Month-to-month,Yes,Bank transfer (automatic),97.13,1164.8,Yes
CUST-4851,Female,0,Yes,No,22,Yes,Yes,Fiber optic,Yes,No,No,No,Yes,No,Month-to-month,No,Mailed check,117.56,2580.36,Yes
CUST-4852,Male,0,No,No,32,Yes,No,Fiber optic,No,No,Yes,No,No,Yes,Month-to-month,No,Bank transfer (automatic),102.9,3293.02,Yes
CUST-4853,Female,0,No,No,8,No,No phone service,Fiber optic,Yes,No,Yes,No,No,No,One year,No,Mailed check,87.98,700.78,Yes
CUST-4854,Female,0,No,Yes,2,Yes,Yes,DSL,No,No,No,Yes,No,No,One year,No,Electronic check,84.38,172.51,Yes
CUST-4855,Male,0,Yes,Yes,72,Yes,No,Fiber optic,Yes,No,No,Yes,No,Yes,Month-to-month,Yes,Bank transfer (automatic),108.87,7833.55,No
CUST-4856,Male,0,Yes,No,24,Yes,Yes,No,No internet service,No internet service,No internet service,No internet service,No internet service,No internet service,Two year,Yes,Electronic check,48.03,1150.97,No
CUST-4857,Female,1,Yes,Yes,70,Yes,No,No,No internet service,No internet service,No internet service,No internet service,No internet service,No internet service,One year,Yes,Mailed check,30.04,2100.2,No
CUST-4858,Female,1,No,Yes,35,Yes,No,DSL,Yes,No,No,No,Yes,Yes,Month-to-month,No,Mailed check,93.98,3276.12,No
CUST-4859,Female,0,Yes,Yes,19,No,No phone service,Fiber optic,No,No,No,Yes,No,Yes,Month-to-month,Yes,Electronic check,91.51,1734.87,Yes
CUST-4860,Male,1,No,No,53,Yes,No,No,No internet service,No internet service,No internet service,No internet service,No internet service,No internet service,Two year,No,Electronic check,30.84,1630.06,No
CUST-4861,Male,0,No,Yes,18,Yes,No,Fiber optic,No,No,No,No,Yes,Yes,Month-to-month,Yes,Electronic check,106.12,1902.45,Yes
CUST-4862,Male,0,Yes,Yes,59,Yes,Yes,Fiber optic,Yes,No,No,Yes,Yes,No,One year,Yes,Credit card (automatic),123.23,7274.05,No
CUST-4863,Male,0,Yes,Yes,36,Yes,No,DSL,Yes,Yes,No,Yes,No,No,Month-to-month,Yes,Mailed check,85.86,3078.55,No
CUST-4864,Female,0,Yes,Yes,2,Yes,Yes,Fiber optic,No,No,Yes,Yes,No,No,Month-to-month,No,Bank transfer (automatic),112.65,211.94,Yes
CUST-4865,Female,0,No,No,18,Yes,No,DSL,No,Yes,Yes,No,Yes,No,Month-to-month,No,Electronic check,87.57,1577.49,Yes
CUST-4866,Female,0,No,Yes,52,Yes,No,DSL,No,No,No,Yes,Yes,No,One year,No,Electronic check,81.08,4217.17,No
CUST-4867,Female,0,Yes,Yes,45,Yes,Yes,Fiber optic,No,Yes,No,No,No,No,Two year,No,Mailed check,99.89,4492.68,No
CUST-4868,Female,0,No,Yes,55,Yes,Yes,Fiber optic,Yes,No,No,Yes,Yes,Yes,Two year,No,Credit card (automatic),136.29,7498.58,No
CUST-4869,Female,0,Yes,Yes,69,Yes,No,Fiber optic,No,No,Yes,No,Yes,Yes,Two year,Yes,Electronic check,106.9,7379.44,No
CUST-4870,Male,1,Yes,Yes,30,Yes,No,Fiber optic,No,Yes,No,Yes,Yes,No,Two year,Yes,Credit card (automatic),110.64,3323.86,No
CUST-4871,Male,0,Yes,Yes,52,No,No phone service,Fiber optic,Yes,Yes,No,Yes,Yes,Yes,Month-to-month,Yes,Credit card (automatic),115.12,5979.89,Yes
CUST-4872,Female,0,No,Yes,33,No,No phone service,Fiber optic,No,Yes,No,No,No,Yes,Month-to-month,Yes,Credit card (automatic),89.58,2957.23,No
CUST-4873,Female,0,No,Yes,30,Yes,Yes,No,No internet service,No internet service,No internet service,No internet service,No internet service,No internet service,Two year,No,Electronic check,47.45,1421.67,No
CUST-4874,Male,0,Yes,No,59,Yes,No,Fiber optic,No,No,No,No,No,No,Two year,Yes,Mailed check,81.04,4784.36,Yes
CUST-4875,Male,0,Yes,No,10,Yes,No,DSL,Yes,No,Yes,No,Yes,Yes,Month-to-month,Yes,Bank transfer (automatic),98.8,995.9,No
CUST-4876,Male,0,No,Yes,5,Yes,No,Fiber optic,Yes,No,Yes,No,No,No,Month-to-month,No,Bank transfer (automatic),95.26,476.58,Yes
CUST-4877,Male,0,Yes,Yes,26,Yes,No,Fiber optic,No,No,Yes,Yes,No,No,Month-to-month,Yes,Electronic check,97.7,2541.77,No
CUST-4878,Female,0,No,No,6,Yes,Yes,No,No internet service,No internet service,No internet service,No internet service,No internet service,No internet service,One year,No,Credit card (automatic),43.37,261.44,No
CUST-4879,Female,0,Yes,Yes,48,Yes,Yes,Fiber optic,No,Yes,Yes,No,Yes,No,Two year,No,Bank transfer (automatic),123.33,5915.25,No
CUST-4880,Female,0,No,Yes,71,Yes,No,No,No internet service,No internet service,No internet service,No internet service,No internet service,No internet service,Month-to-month,Yes,Credit card (automatic),28.78,2041.17,Yes
CUST-4881,Female,0,Yes,No,59,Yes,Yes,Fiber optic,No,No,No,No,No,Yes,Two year,No,Electronic check,107.98,6372.07,No
CUST-4882,Female,0,No,Yes,32,Yes,Yes,DSL,No,No,No,Yes,No,No,One year,Yes,Bank transfer (automatic),84.04,2693.73,Yes
CUST-4883,Male,1,Yes,Yes,46,Yes,No,No,No internet service,No internet service,No internet service,No internet service,No internet service,No internet service,Month-to-month,No,Mailed check,29.25,1352.56,Yes
CUST-4884,Female,0,No,Yes,43,No,No phone service,DSL,No,No,No,No,No,Yes,Two year,Yes,Bank transfer (automatic),60.22,2599.16,No
CUST-4885,Male,0,No,Yes,26,Yes,Yes,DSL,Yes,Yes,Yes,Yes,Yes,No,Two year,No,Electronic check,117.89,3064.52,No
CUST-4886,Female,0,No,No,21,Yes,No,No,No internet service,No internet service,No internet service,No internet service,No internet service,No internet service,Month-to-month,Yes,Mailed check,27.46,576.89,No
CUST-4887,Female,0,No,Yes,46,Yes,Yes,Fiber optic,Yes,Yes,Yes,Yes,No,No,Month-to-month,Yes,Credit card (automatic),124.22,5711.39,Yes
CUST-4888,Female,1,Yes,Yes,47,Yes,No,DSL,No,No,Yes,Yes,Yes,No,Two year,Yes,Electronic check,89.81,4221.72,No
CUST-4889,Female,0,No,No,29,Yes,Yes,Fiber optic,No,Yes,No,No,No,Yes,Month-to-month,Yes,Bank transfer (automatic),115.78,3356.33,Yes
CUST-4890,Female,0,No,No,1,Yes,No,Fiber optic,Yes,No,No,Yes,No,Yes,Two year,Yes,Credit card (automatic),106.64,109.16,No
CUST-4891,Male,0,Yes,Yes,14,Yes,Yes,DSL,No,Yes,No,Yes,No,Yes,Month-to-month,No,Mailed check,105.7,1476.44,Yes
CUST-4892,Male,0,No,Yes,46,Yes,No,Fiber optic,No,No,Yes,No,Yes,Yes,Month-to-month,No,Bank transfer (automatic),113.21,5195.07,Yes
CUST-4893,Male,0,Yes,Yes,26,Yes,No,Fiber optic,No,No,Yes,Yes,No,Yes,Month-to-month,No,Bank transfer (automatic),108.95,2823.98,Yes
CUST-4894,Female,0,No,No,70,Yes,Yes,No,No internet service,No internet service,No internet service,No internet service,No internet service,No internet service,Month-to-month,Yes,Mailed check,47.15,3295.24,No
CUST-4895,Female,0,No,Yes,26,Yes,Yes,Fiber optic,No,Yes,No,No,Yes,Yes,Month-to-month,No,Mailed check,128.93,3360.09,Yes
CUST-4896,Male,0,No,Yes,12,Yes,Yes,Fiber optic,No,No,Yes,Yes,Yes,No,Month-to-month,Yes,Credit card (automatic),124.34,1497.07,Yes
CUST-4897,Female,0,No,Yes,54,Yes,Yes,Fiber optic,No,No,Yes,Yes,No,No,Month-to-month,Yes,Mailed check,110.86,5986.74,No
CUST-4898,Female,1,No,Yes,16,Yes,Yes,DSL,No,No,Yes,Yes,Yes,Yes,Two year,Yes,Electronic check,114.99,1840.24,Yes
CUST-4899,Male,0,No,Yes,58,Yes,No,Fiber optic,Yes,No,No,Yes,No,Yes,Two year,Yes,Credit card (automatic),104.51,6057.14,No
CUST-4900,Female,0,Yes,Yes,9,Yes,No,Fiber optic,No,Yes,No,No,Yes,Yes,Two year,Yes,Electronic check,112.64,1010.54,Yes
CUST-4901,Male,0,Yes,Yes,32,Yes,No,Fiber optic,No,No,Yes,Yes,No,No,One year,Yes,Mailed check,97.17,3108.47,No
CUST-4902,Female,0,No,Yes,36,Yes,Yes,Fiber optic,No,No,No,Yes,No,No,Month-to-month,Yes,Electronic check,102.89,3699.18,No
CUST-4903,Male,0,No,Yes,7,Yes,No,DSL,No,No,No,No,No,Yes,Two year,No,Mailed check,67.86,485.8,Yes
CUST-4904,Female,0,Yes,Yes,32,Yes,No,DSL,No,Yes,Yes,Yes,Yes,No,Two year,Yes,Electronic check,91.75,2943.74,Yes
CUST-4905,Female,0,Yes,No,6,Yes,Yes,Fiber optic,Yes,Yes,Yes,No,No,No,Month-to-month,No,Mailed check,114.56,696.02,No
CUST-4906,Male,0,No,No,33,Yes,No,Fiber optic,No,No,No,Yes,Yes,No,Month-to-month,Yes,Mailed check,97.02,3197.77,No
CUST-4907,Female,0,No,Yes,70,Yes,No,Fiber optic,No,No,Yes,Yes,Yes,Yes,Month-to-month,No,Credit card (automatic),120.33,8423.77,Yes
CUST-4908,Female,1,No,Yes,6,Yes,Yes,Fiber optic,No,No,Yes,Yes,No,Yes,Month-to-month,Yes,Mailed check,123.02,747.45,Yes
CUST-4909,Male,0,No,Yes,40,Yes,No,No,No internet service,No internet service,No internet service,No internet service,No internet service,No internet service,Month-to-month,No,Mailed check,30.0,1193.17,Yes
CUST-4910,Female,0,No,Yes,54,Yes,Yes,No,No internet service,No internet service,No internet service,No internet service,No internet service,No internet service,Two year,Yes,Mailed check,44.31,2393.9,No
CUST-4911,Male,0,No,Yes,6,Yes,No,Fiber optic,No,Yes,Yes,No,Yes,Yes,Month-to-month,No,Bank transfer (automatic),118.36,706.25,Yes
CUST-4912,Female,0,Yes,Yes,17,Yes,No,Fiber optic,No,No,Yes,No,Yes,No,Month-to-month,Yes,Credit card (automatic),98.92,1682.14,Yes
CUST-4913,Female,0,No,No,42,Yes,Yes,DSL,No,No,No,Yes,Yes,Yes,One year,No,Electronic check,106.63,4488.04,No
CUST-4914,Female,0,No,Yes,39,No,No phone service,Fiber optic,No,Yes,Yes,Yes,Yes,No,One year,Yes,Credit card (automatic),107.37,4192.17,Yes
CUST-4915,Female,0,Yes,Yes,52,Yes,No,Fiber optic,No,Yes,Yes,Yes,No,Yes,Month-to-month,Yes,Electronic check,117.51,6110.28,Yes
CUST-4916,Male,0,Yes,Yes,13,Yes,No,No,No internet service,No internet service,No internet service,No internet service,No internet service,No internet service,Month-to-month,Yes,Electronic check,30.16,393.65,No
CUST-4917,Female,0,Yes,No,20,Yes,Yes,DSL,Yes,No,No,No,No,No,Month-to-month,No,Electronic check,79.32,1571.15,No
CUST-4918,Male,0,Yes,Yes,56,Yes,No,No,No internet service,No internet service,No internet service,No internet service,No internet service,No internet service,Two year,No,Mailed check,29.64,1658.48,No
CUST-4919,Female,0,No,No,45,Yes,No,No,No internet service,No internet service,No internet service,No internet service,No internet service,No internet service,Month-to-month,Yes,Mailed check,30.41,1366.36,Yes
CUST-4920,Female,0,Yes,Yes,25,Yes,No,No,No internet service,No internet service,No internet service,No internet service,No internet service,No internet service,Month-to-month,Yes,Electronic check,28.32,706.76,No
CUST-4921,Female,0,Yes,No,23,Yes,Yes,No,No internet service,No internet service,No internet service,No internet service,No internet service,No internet service,Month-to-month,No,Electronic check,48.91,1121.86,No
CUST-4922,Female,0,No,No,4,Yes,No,DSL,No,No,No,No,No,No,Month-to-month,Yes,Credit card (automatic),58.71,235.85,Yes
CUST-4923,Male,0,Yes,No,41,Yes,Yes,DSL,Yes,Yes,No,No,No,Yes,Month-to-month,Yes,Credit card (automatic),102.26,4191.57,No
CUST-4924,Male,0,Yes,Yes,42,Yes,No,DSL,No,No,No,No,Yes,No,One year,Yes,Credit card (automatic),71.4,2998.64,No
CUST-4925,Male,0,No,Yes,31,Yes,No,No,No internet service,No internet service,No internet service,No internet service,No internet service,No internet service,Month-to-month,Yes,Mailed check,27.41,850.48,Yes
CUST-4926,Male,0,No,Yes,5,Yes,Yes,DSL,No,Yes,No,No,No,No,Two year,Yes,Credit card (automatic),79.48,399.11,No
CUST-4927,Female,0,No,No,66,No,No phone service,DSL,Yes,No,No,No,Yes,No,Month-to-month,Yes,Electronic check,68.87,4541.76,No
CUST-4928,Male,0,No,Yes,6,No,No phone service,Fiber optic,No,No,Yes,Yes,No,Yes,Month-to-month,No,Electronic check,91.98,547.35,Yes
CUST-4929,Male,0,No,Yes,28,Yes,No,Fiber optic,No,No,No,Yes,Yes,No,Month-to-month,Yes,Electronic check,100.34,2810.6,Yes
CUST-4930,Female,0,No,Yes,33,Yes,No,Fiber optic,No,No,Yes,Yes,No,Yes,Month-to-month,Yes,Bank transfer (automatic),107.08,3523.56,Yes
CUST-4931,Female,0,No,Yes,6,Yes,Yes,No,No internet service,No internet service,No internet service,No internet service,No internet service,No internet service,Month-to-month,Yes,Electronic check,43.71,258.95,Yes
CUST-4932,Female,0,Yes,Yes,57,Yes,Yes,DSL,No,Yes,No,No,No,Yes,One year,Yes,Electronic check,95.83,5463.34,No
CUST-4933,Female,0,Yes,Yes,30,Yes,No,Fiber optic,Yes,Yes,Yes,Yes,Yes,No,Two year,Yes,Electronic check,122.51,3672.42,No
CUST-4934,Male,0,No,Yes,72,Yes,No,Fiber optic,Yes,No,No,Yes,No,No,Month-to-month,Yes,Bank transfer (automatic),94.14,6779.17,No
CUST-4935,Male,0,Yes,Yes,44,Yes,No,DSL,No,No,No,No,No,Yes,One year,Yes,Credit card (automatic),68.46,3012.21,No
CUST-4936,Female,1,No,No,46,No,No phone service,Fiber optic,Yes,Yes,Yes,No,Yes,Yes,Month-to-month,Yes,Credit card (automatic),114.98,5293.43,Yes
CUST-4937,Female,0,Yes,No,71,Yes,Yes,Fiber optic,No,No,Yes,Yes,Yes,Yes,Month-to-month,No,Electronic check,136.92,9722.26,No
CUST-4938,Female,0,No,No,72,Yes,Yes,Fiber optic,Yes,No,No,Yes,No,No,Two year,Yes,Electronic check,109.56,7891.19,No
CUST-4939,Male,0,Yes,Yes,72,Yes,Yes,DSL,No,Yes,Yes,No,Yes,No,Two year,Yes,Bank transfer (automatic),102.67,7399.0,No
CUST-4940,Male,0,No,No,39,Yes,No,No,No internet service,No internet service,No internet service,No internet service,No internet service,No internet service,Month-to-month,Yes,Electronic check,28.92,1125.52,No
CUST-4941,Female,0,Yes,Yes,29,No,No phone service,No,No internet service,No internet service,No internet service,No internet service,No internet service,No internet service,Two year,Yes,Bank transfer (automatic),21.23,616.37,No
CUST-4942,Female,0,No,Yes,61,Yes,No,DSL,Yes,Yes,Yes,No,No,Yes,Month-to-month,Yes,Credit card (automatic),94.22,5743.93,Yes
CUST-4943,Male,0,Yes,Yes,70,Yes,No,Fiber optic,No,Yes,Yes,Yes,No,No,Two year,Yes,Electronic check,101.99,7142.72,No
CUST-4944,Female,0,Yes,Yes,16,No,No phone service,Fiber optic,No,No,No,No,No,No,Two year,Yes,Mailed check,66.71,1064.95,No
CUST-4945,Female,0,No,Yes,4,Yes,No,DSL,Yes,Yes,No,No,No,Yes,Month-to-month,Yes,Electronic check,88.39,354.57,Yes
CUST-4946,Male,0,Yes,No,0,No,No phone service,Fiber optic,No,Yes,No,Yes,Yes,No,Month-to-month,No,Credit card (automatic),99.48, ,Yes
CUST-4947,Female,0,Yes,Yes,30,Yes,Yes,DSL,Yes,Yes,Yes,No,No,Yes,Two year,Yes,Electronic check,112.07,3366.72,No
CUST-4948,Male,0,Yes,Yes,34,Yes,No,No,No internet service,No internet service,No internet service,No internet service,No internet service,No internet service,Month-to-month,Yes,Mailed check,31.88,1080.55,No
CUST-4949,Female,0,Yes,Yes,71,Yes,Yes,Fiber optic,No,Yes,No,No,Yes,No,Month-to-month,Yes,Electronic check,115.16,8169.1,Yes
CUST-4950,Female,0,Yes,Yes,29,No,No phone service,No,No internet service,No internet service,No internet service,No internet service,No internet service,No internet service,Month-to-month,No,Credit card (automatic),21.06,604.82,Yes
CUST-4951,Male,0,No,Yes,14,Yes,Yes,DSL,Yes,No,No,No,Yes,Yes,One year,Yes,Electronic check,108.66,1530.78,No
CUST-4952,Male,0,No,Yes,55,Yes,No,DSL,No,No,Yes,No,No,Yes,Month-to-month,Yes,Mailed check,77.87,4279.86,No
CUST-4953,Female,0,Yes,No,59,Yes,Yes,Fiber optic,No,No,No,Yes,No,No,Month-to-month,Yes,Bank transfer (automatic),105.31,6219.61,Yes
CUST-4954,Male,0,No,Yes,26,Yes,No,No,No internet service,No internet service,No internet service,No internet service,No internet service,No internet service,Two year,No,Mailed check,30.84,794.95,Yes
CUST-4955,Female,1,Yes,Yes,1,Yes,No,Fiber optic,No,Yes,No,No,No,No,Two year,No,Electronic check,89.92,90.04,No
CUST-4956,Female,1,No,No,63,Yes,No,Fiber optic,No,Yes,No,Yes,No,No,Month-to-month,No,Credit card (automatic),97.47,6144.4,No
CUST-4957,Male,0,Yes,No,4,Yes,No,Fiber optic,No,No,No,No,No,No,Month-to-month,Yes,Mailed check,76.81,309.29,Yes
CUST-4958,Female,0,Yes,No,67,Yes,No,DSL,Yes,No,Yes,Yes,No,Yes,Two year,Yes,Mailed check,97.49,6534.05,No
CUST-4959,Female,0,Yes,Yes,12,No,No phone service,Fiber optic,No,Yes,Yes,Yes,No,Yes,Month-to-month,Yes,Credit card (automatic),106.49,1277.23,Yes
CUST-4960,Male,0,Yes,Yes,22,Yes,Yes,Fiber optic,Yes,No,Yes,Yes,Yes,Yes,Two year,Yes,Bank transfer (automatic),142.08,3117.85,Yes
CUST-4961,Male,0,No,Yes,49,Yes,Yes,DSL,No,No,Yes,No,No,No,One year,No,Electronic check,84.01,4107.33,No
CUST-4962,Female,0,No,No,72,Yes,No,DSL,No,No,Yes,No,No,No,One year,Yes,Mailed check,69.23,4985.91,No
CUST-4963,Male,1,No,No,36,Yes,Yes,Fiber optic,Yes,Yes,No,No,Yes,No,Two year,Yes,Electronic check,125.82,4530.55,Yes
CUST-4964,Male,0,Yes,Yes,29,Yes,Yes,Fiber optic,No,No,No,No,Yes,No,Month-to-month,No,Mailed check,110.48,3208.84,Yes
CUST-4965,Male,0,No,Yes,22,Yes,Yes,No,No internet service,No internet service,No internet service,No internet service,No internet service,No internet service,Month-to-month,Yes,Mailed check,46.04,1005.89,No
CUST-4966,Male,0,No,No,33,Yes,No,Fiber optic,No,No,No,No,No,Yes,Two year,No,Bank transfer (automatic),92.94,3060.58,No
CUST-4967,Female,0,Yes,Yes,63,Yes,No,Fiber optic,Yes,No,No,No,No,No,Month-to-month,Yes,Bank transfer (automatic),89.42,5634.49,Yes
CUST-4968,Female,0,Yes,Yes,54,Yes,Yes,Fiber optic,No,No,Yes,Yes,No,Yes,Month-to-month,Yes,Credit card (automatic),121.92,6580.5,No
CUST-4969,Female,0,Yes,Yes,70,Yes,Yes,Fiber optic,No,No,No,No,Yes,Yes,Month-to-month,No,Credit card (automatic),120.94,8464.22,No
CUST-4970,Male,0,No,Yes,8,Yes,No,Fiber optic,Yes,No,Yes,Yes,Yes,Yes,One year,No,Credit card (automatic),126.84,1008.04,Yes
CUST-4971,Male,0,No,No,3,Yes,Yes,No,No internet service,No internet service,No internet service,No internet service,No internet service,No internet service,One year,Yes,Bank transfer (automatic),44.6,135.58,No
CUST-4972,Male,0,Yes,Yes,65,Yes,No,Fiber optic,Yes,No,No,Yes,Yes,No,Month-to-month,Yes,Bank transfer (automatic),106.89,6946.72,No
CUST-4973,Male,1,No,Yes,32,Yes,Yes,No,No internet service,No internet service,No internet service,No internet service,No internet service,No internet service,Month-to-month,No,Electronic check,43.49,1393.17,Yes
CUST-4974,Male,0,Yes,Yes,31,Yes,No,Fiber optic,No,No,No,No,No,No,Month-to-month,Yes,Mailed check,81.93,2544.09,Yes
CUST-4975,Male,0,No,Yes,43,Yes,Yes,DSL,No,No,No,No,Yes,No,Two year,Yes,Mailed check,87.2,3743.34,No
CUST-4976,Male,0,Yes,Yes,36,Yes,Yes,Fiber optic,No,Yes,No,Yes,No,No,Month-to-month,Yes,Bank transfer (automatic),111.93,4030.92,Yes
CUST-4977,Female,0,No,Yes,66,Yes,No,Fiber optic,No,No,No,No,Yes,No,Two year,Yes,Electronic check,92.97,6131.15,No
CUST-4978,Female,0,No,Yes,59,Yes,No,DSL,Yes,No,Yes,Yes,No,Yes,One year,Yes,Credit card (automatic),93.87,5543.02,No
CUST-4979,Male,1,No,Yes,58,Yes,Yes,Fiber optic,No,No,Yes,No,Yes,No,Month-to-month,Yes,Electronic check,112.4,6511.86,Yes
CUST-4980,Male,0,Yes,No,35,No,No phone service,Fiber optic,No,No,No,No,No,Yes,Month-to-month,No,Mailed check,85.48,2989.54,No
CUST-4981,Male,0,Yes,Yes,48,Yes,No,Fiber optic,No,No,No,No,No,No,Month-to-month,Yes,Credit card (automatic),78.49,3773.9,No
CUST-4982,Female,0,Yes,Yes,50,Yes,Yes,Fiber optic,No,No,No,No,No,Yes,Month-to-month,Yes,Electronic check,107.65,5376.42,No
CUST-4983,Female,0,No,No,7,Yes,Yes,Fiber optic,No,No,No,No,No,No,Month-to-month,Yes,Bank transfer (automatic),94.65,656.48,Yes
CUST-4984,Male,0,Yes,Yes,49,Yes,Yes,DSL,Yes,No,Yes,Yes,No,Yes,Month-to-month,No,Electronic check,110.87,5438.66,No
CUST-4985,Male,0,No,No,40,Yes,No,DSL,Yes,No,No,Yes,Yes,Yes,Month-to-month,Yes,Mailed check,101.31,4049.38,Yes
CUST-4986,Female,0,Yes,Yes,37,Yes,Yes,Fiber optic,Yes,Yes,Yes,No,Yes,Yes,One year,Yes,Bank transfer (automatic),141.14,5230.69,No
CUST-4987,Female,0,Yes,No,54,No,No phone service,DSL,No,Yes,No,No,No,No,Month-to-month,No,Credit card (automatic),57.26,3089.27,No
CUST-4988,Female,1,No,No,67,Yes,No,DSL,No,No,No,Yes,No,No,One year,Yes,Credit card (automatic),70.5,4724.66,No
CUST-4989,Female,0,No,Yes,17,Yes,No,Fiber optic,Yes,Yes,Yes,No,Yes,No,Month-to-month,Yes,Electronic check,115.94,1979.42,Yes
CUST-4990,Male,0,Yes,No,64,Yes,Yes,DSL,Yes,No,Yes,No,Yes,No,Month-to-month,Yes,Credit card (automatic),105.7,6753.89,No
CUST-4991,Female,0,Yes,No,63,Yes,Yes,DSL,No,Yes,Yes,No,No,No,Two year,Yes,Electronic check,92.28,5809.63,No
CUST-4992,Female,0,No,Yes,11,Yes,No,Fiber optic,No,No,Yes,No,Yes,No,One year,Yes,Electronic check,101.48,1117.28,Yes
CUST-4993,Male,0,No,Yes,40,Yes,No,DSL,No,Yes,No,No,No,No,Month-to-month,No,Credit card (automatic),68.68,2757.95,No
CUST-4994,Female,0,Yes,Yes,41,Yes,No,DSL,No,No,No,No,Yes,No,Two year,No,Electronic check,77.73,3188.38,No
CUST-4995,Female,1,No,No,59,Yes,No,No,No internet service,No internet service,No internet service,No internet service,No internet service,No internet service,Two year,No,Electronic check,28.6,1678.22,No
CUST-4996,Female,0,Yes,Yes,49,Yes,Yes,Fiber optic,Yes,No,No,Yes,Yes,Yes,One year,Yes,Electronic check,131.72,6457.14,No
CUST-4997,Male,0,Yes,Yes,35,Yes,Yes,Fiber optic,No,No,Yes,Yes,Yes,No,Month-to-month,Yes,Credit card (automatic),121.29,4255.31,Yes
CUST-4998,Female,1,Yes,Yes,47,Yes,Yes,DSL,No,Yes,No,No,Yes,No,Month-to-month,No,Electronic check,94.53,4438.91,Yes
CUST-4999,Male,0,No,Yes,70,Yes,No,No,No internet service,No internet service,No internet service,No internet service,No internet service,No internet service,Month-to-month,No,Credit card (automatic),35.12,2462.4,No
CUST-5000,Male,0,Yes,Yes,72,Yes,No,Fiber optic,No,No,No,No,No,No,Month-to-month,No,Electronic check,81.53,5874.03,Yes
